user_id,signup_date,country,city,acquisition_channel
1,2022-04-13,India,Indore,ads
2,2023-03-12,India,Pune,referral
3,2024-05-10,India,Delhi,ads
4,2022-09-28,India,Delhi,ads
5,2022-04-17,India,Mumbai,organic
6,2022-03-13,India,Indore,organic
7,2023-12-02,India,Delhi,organic
8,2022-01-21,India,Jammu,ads
9,2023-09-07,India,Indore,ads
10,2022-05-02,India,Indore,referral
11,2023-04-12,India,Jammu,ads
12,2022-08-03,India,Pune,ads
13,2022-11-27,India,Jammu,ads
14,2023-04-04,India,Jammu,referral
15,2022-03-29,India,Pune,organic
16,2023-01-08,India,Pune,referral
17,2022-04-10,India,Pune,ads
18,2024-05-21,India,Pune,ads
19,2023-10-26,India,Pune,ads
20,2022-05-11,India,Jammu,referral
21,2023-10-24,India,Mumbai,ads
22,2022-11-05,India,Mumbai,ads
23,2024-02-09,India,Delhi,organic
24,2022-12-10,India,Mumbai,ads
25,2023-05-07,India,Mumbai,organic
26,2023-02-18,India,Jammu,referral
27,2024-03-16,India,Pune,ads
28,2023-01-21,India,Pune,ads
29,2022-07-11,India,Jammu,ads
30,2022-10-04,India,Mumbai,ads
31,2022-06-10,India,Jammu,ads
32,2023-04-05,India,Delhi,organic
33,2022-11-10,India,Pune,ads
34,2022-01-22,India,Indore,referral
35,2022-09-10,India,Delhi,ads
36,2024-01-18,India,Delhi,ads
37,2024-05-06,India,Jammu,ads
38,2023-07-15,India,Mumbai,organic
39,2023-04-20,India,Pune,ads
40,2022-02-28,India,Indore,referral
41,2023-05-26,India,Delhi,organic
42,2023-11-13,India,Indore,referral
43,2023-04-21,India,Mumbai,organic
44,2023-12-01,India,Mumbai,ads
45,2024-02-22,India,Indore,referral
46,2022-07-09,India,Pune,referral
47,2023-11-18,India,Mumbai,referral
48,2023-07-17,India,Indore,ads
49,2024-05-25,India,Delhi,organic
50,2023-07-21,India,Indore,ads
51,2022-09-01,India,Indore,ads
52,2024-04-11,India,Jammu,organic
53,2023-05-20,India,Mumbai,referral
54,2022-05-11,India,Pune,organic
55,2023-04-30,India,Pune,referral
56,2024-03-29,India,Jammu,ads
57,2023-10-09,India,Pune,ads
58,2022-01-21,India,Indore,organic
59,2024-04-20,India,Jammu,ads
60,2022-06-16,India,Delhi,referral
61,2022-10-01,India,Mumbai,ads
62,2023-01-23,India,Mumbai,ads
63,2023-08-24,India,Mumbai,organic
64,2022-11-12,India,Indore,ads
65,2022-01-14,India,Delhi,referral
66,2022-08-30,India,Jammu,ads
67,2024-02-16,India,Jammu,ads
68,2022-12-12,India,Mumbai,referral
69,2023-07-19,India,Delhi,ads
70,2024-06-16,India,Delhi,referral
71,2022-12-06,India,Delhi,ads
72,2022-04-02,India,Pune,ads
73,2023-01-02,India,Pune,referral
74,2023-03-31,India,Mumbai,referral
75,2023-03-04,India,Delhi,ads
76,2023-05-24,India,Delhi,organic
77,2024-02-15,India,Jammu,referral
78,2022-02-04,India,Jammu,ads
79,2022-07-25,India,Mumbai,ads
80,2022-03-22,India,Delhi,organic
81,2023-07-16,India,Mumbai,ads
82,2024-05-21,India,Jammu,ads
83,2023-01-23,India,Jammu,referral
84,2022-01-02,India,Pune,ads
85,2023-01-25,India,Mumbai,referral
86,2023-07-20,India,Mumbai,organic
87,2022-04-16,India,Delhi,organic
88,2024-02-11,India,Delhi,organic
89,2024-04-01,India,Pune,ads
90,2023-04-22,India,Indore,ads
91,2023-12-04,India,Indore,ads
92,2023-02-06,India,Indore,organic
93,2023-12-31,India,Mumbai,ads
94,2023-07-10,India,Mumbai,ads
95,2022-06-11,India,Jammu,referral
96,2022-07-21,India,Mumbai,referral
97,2022-09-27,India,Mumbai,ads
98,2024-05-12,India,Mumbai,ads
99,2024-03-26,India,Pune,organic
100,2022-09-28,India,Mumbai,referral
101,2023-04-01,India,Delhi,ads
102,2023-04-07,India,Delhi,ads
103,2023-12-28,India,Jammu,referral
104,2022-09-09,India,Pune,referral
105,2023-12-03,India,Delhi,organic
106,2022-10-23,India,Pune,ads
107,2023-12-26,India,Pune,ads
108,2023-12-21,India,Jammu,organic
109,2024-01-19,India,Pune,ads
110,2022-12-04,India,Mumbai,ads
111,2024-05-28,India,Pune,ads
112,2022-02-22,India,Jammu,organic
113,2024-03-02,India,Jammu,organic
114,2022-08-05,India,Jammu,referral
115,2024-02-03,India,Delhi,organic
116,2022-07-07,India,Mumbai,referral
117,2023-01-15,India,Delhi,referral
118,2023-05-08,India,Indore,ads
119,2022-02-10,India,Mumbai,ads
120,2022-06-06,India,Pune,organic
121,2022-01-15,India,Jammu,ads
122,2024-03-23,India,Indore,referral
123,2022-03-06,India,Mumbai,ads
124,2024-05-06,India,Delhi,ads
125,2024-04-18,India,Jammu,organic
126,2023-06-05,India,Delhi,organic
127,2022-12-10,India,Mumbai,organic
128,2022-05-09,India,Mumbai,organic
129,2023-10-10,India,Indore,ads
130,2023-04-17,India,Pune,ads
131,2022-03-04,India,Delhi,referral
132,2022-05-19,India,Indore,ads
133,2023-05-14,India,Jammu,ads
134,2023-08-16,India,Pune,ads
135,2023-01-27,India,Indore,ads
136,2023-11-06,India,Delhi,organic
137,2023-02-23,India,Mumbai,organic
138,2022-10-16,India,Jammu,organic
139,2023-01-14,India,Delhi,organic
140,2024-02-12,India,Pune,ads
141,2023-05-05,India,Pune,ads
142,2022-08-19,India,Mumbai,ads
143,2022-02-10,India,Mumbai,ads
144,2022-01-28,India,Jammu,ads
145,2022-05-15,India,Jammu,ads
146,2022-07-20,India,Mumbai,organic
147,2024-04-19,India,Mumbai,organic
148,2024-02-19,India,Pune,referral
149,2022-02-02,India,Mumbai,organic
150,2022-02-17,India,Indore,ads
151,2023-05-18,India,Delhi,ads
152,2023-02-11,India,Mumbai,ads
153,2023-07-28,India,Jammu,ads
154,2023-12-29,India,Indore,ads
155,2024-03-15,India,Jammu,ads
156,2022-04-09,India,Indore,organic
157,2023-11-15,India,Mumbai,organic
158,2024-05-21,India,Delhi,organic
159,2023-12-27,India,Jammu,ads
160,2023-07-01,India,Indore,organic
161,2024-01-09,India,Pune,organic
162,2023-09-05,India,Mumbai,organic
163,2023-04-07,India,Delhi,ads
164,2023-10-05,India,Mumbai,organic
165,2024-02-08,India,Pune,organic
166,2022-01-05,India,Delhi,ads
167,2022-08-06,India,Pune,ads
168,2023-05-18,India,Mumbai,ads
169,2024-02-06,India,Indore,organic
170,2023-02-02,India,Mumbai,organic
171,2024-05-20,India,Mumbai,ads
172,2024-03-05,India,Mumbai,ads
173,2023-01-28,India,Jammu,referral
174,2022-07-26,India,Pune,ads
175,2022-01-15,India,Pune,ads
176,2024-05-07,India,Pune,ads
177,2023-07-08,India,Jammu,organic
178,2024-06-10,India,Indore,organic
179,2023-04-06,India,Mumbai,ads
180,2023-11-22,India,Indore,referral
181,2023-07-29,India,Jammu,organic
182,2024-05-13,India,Pune,ads
183,2024-01-13,India,Mumbai,organic
184,2022-08-29,India,Delhi,ads
185,2023-07-18,India,Delhi,organic
186,2022-04-06,India,Indore,ads
187,2024-06-18,India,Pune,organic
188,2024-01-04,India,Delhi,ads
189,2023-04-30,India,Indore,referral
190,2023-02-11,India,Jammu,ads
191,2022-08-19,India,Indore,organic
192,2024-01-19,India,Indore,ads
193,2023-10-17,India,Indore,referral
194,2022-06-20,India,Mumbai,organic
195,2023-06-25,India,Indore,ads
196,2022-02-05,India,Indore,referral
197,2023-06-09,India,Mumbai,ads
198,2022-06-09,India,Mumbai,organic
199,2024-04-18,India,Jammu,organic
200,2023-11-30,India,Pune,ads
201,2022-08-31,India,Delhi,referral
202,2022-03-27,India,Delhi,ads
203,2024-03-06,India,Indore,ads
204,2023-08-01,India,Jammu,referral
205,2023-11-13,India,Indore,organic
206,2023-07-11,India,Delhi,ads
207,2023-07-28,India,Mumbai,ads
208,2023-10-08,India,Pune,organic
209,2024-03-06,India,Jammu,ads
210,2022-01-28,India,Mumbai,referral
211,2023-09-12,India,Pune,organic
212,2023-07-10,India,Jammu,ads
213,2022-12-06,India,Jammu,ads
214,2024-03-08,India,Delhi,organic
215,2022-11-27,India,Mumbai,ads
216,2023-10-02,India,Jammu,organic
217,2023-05-21,India,Jammu,referral
218,2022-12-14,India,Pune,organic
219,2023-04-18,India,Delhi,ads
220,2022-08-19,India,Indore,ads
221,2022-07-09,India,Delhi,organic
222,2022-08-13,India,Indore,organic
223,2023-01-20,India,Mumbai,organic
224,2023-01-12,India,Mumbai,ads
225,2022-10-10,India,Jammu,referral
226,2023-09-25,India,Mumbai,ads
227,2023-09-20,India,Jammu,organic
228,2024-01-15,India,Delhi,organic
229,2022-09-16,India,Mumbai,organic
230,2022-12-25,India,Delhi,ads
231,2023-12-11,India,Delhi,organic
232,2023-04-01,India,Mumbai,ads
233,2023-02-15,India,Delhi,organic
234,2023-10-11,India,Mumbai,ads
235,2022-11-14,India,Mumbai,ads
236,2023-11-08,India,Mumbai,ads
237,2022-08-13,India,Indore,referral
238,2024-03-29,India,Delhi,organic
239,2022-08-22,India,Pune,organic
240,2023-11-15,India,Mumbai,organic
241,2023-10-26,India,Delhi,referral
242,2024-04-06,India,Jammu,ads
243,2023-01-09,India,Mumbai,organic
244,2023-11-03,India,Mumbai,organic
245,2023-08-31,India,Pune,ads
246,2023-04-17,India,Indore,ads
247,2022-08-21,India,Indore,ads
248,2023-11-23,India,Mumbai,ads
249,2022-04-23,India,Delhi,ads
250,2024-04-09,India,Jammu,ads
251,2023-05-12,India,Jammu,organic
252,2023-03-18,India,Delhi,ads
253,2023-07-18,India,Mumbai,ads
254,2022-09-25,India,Jammu,referral
255,2023-05-25,India,Indore,organic
256,2024-03-17,India,Delhi,ads
257,2023-01-21,India,Pune,organic
258,2023-01-22,India,Mumbai,ads
259,2022-04-23,India,Delhi,ads
260,2023-09-05,India,Jammu,ads
261,2023-09-17,India,Mumbai,referral
262,2022-03-22,India,Indore,organic
263,2023-11-30,India,Mumbai,organic
264,2022-04-23,India,Mumbai,referral
265,2022-01-02,India,Indore,referral
266,2023-10-04,India,Indore,organic
267,2022-08-08,India,Mumbai,organic
268,2023-07-20,India,Indore,ads
269,2024-05-04,India,Delhi,ads
270,2024-01-06,India,Indore,organic
271,2022-08-13,India,Indore,organic
272,2023-01-20,India,Mumbai,referral
273,2023-02-07,India,Delhi,ads
274,2023-09-30,India,Pune,organic
275,2022-05-10,India,Pune,organic
276,2022-02-22,India,Jammu,ads
277,2023-11-15,India,Indore,organic
278,2023-12-31,India,Indore,organic
279,2023-11-03,India,Delhi,ads
280,2023-12-11,India,Pune,organic
281,2023-02-20,India,Jammu,ads
282,2022-09-04,India,Delhi,ads
283,2024-04-15,India,Indore,organic
284,2023-03-15,India,Pune,ads
285,2022-07-22,India,Jammu,ads
286,2022-07-03,India,Mumbai,ads
287,2022-05-03,India,Pune,ads
288,2023-02-05,India,Jammu,ads
289,2024-02-06,India,Delhi,ads
290,2022-10-21,India,Mumbai,organic
291,2022-10-07,India,Jammu,referral
292,2024-04-16,India,Jammu,ads
293,2024-06-02,India,Indore,ads
294,2023-09-02,India,Pune,ads
295,2022-07-17,India,Indore,ads
296,2023-05-26,India,Mumbai,organic
297,2024-01-22,India,Jammu,referral
298,2022-05-24,India,Indore,referral
299,2023-09-01,India,Pune,ads
300,2022-07-20,India,Mumbai,referral
301,2022-05-04,India,Delhi,ads
302,2022-07-06,India,Indore,organic
303,2022-11-22,India,Mumbai,organic
304,2023-04-09,India,Delhi,organic
305,2022-12-15,India,Indore,ads
306,2024-02-10,India,Mumbai,ads
307,2023-10-22,India,Mumbai,organic
308,2024-02-03,India,Indore,ads
309,2023-02-07,India,Mumbai,ads
310,2022-12-12,India,Jammu,organic
311,2023-05-26,India,Indore,ads
312,2022-05-27,India,Mumbai,organic
313,2022-05-28,India,Delhi,ads
314,2024-05-13,India,Delhi,referral
315,2023-12-12,India,Jammu,ads
316,2024-03-30,India,Indore,referral
317,2023-05-04,India,Mumbai,ads
318,2023-10-02,India,Mumbai,organic
319,2023-07-05,India,Delhi,referral
320,2022-12-04,India,Jammu,ads
321,2024-05-21,India,Delhi,ads
322,2023-10-03,India,Delhi,ads
323,2024-02-18,India,Jammu,ads
324,2023-04-18,India,Indore,organic
325,2022-05-31,India,Mumbai,ads
326,2023-02-19,India,Indore,referral
327,2022-10-25,India,Pune,organic
328,2023-09-03,India,Pune,ads
329,2022-09-20,India,Pune,referral
330,2024-02-03,India,Jammu,ads
331,2022-05-24,India,Delhi,ads
332,2022-12-12,India,Indore,ads
333,2023-09-16,India,Mumbai,organic
334,2023-07-26,India,Pune,ads
335,2024-05-30,India,Indore,organic
336,2022-01-02,India,Pune,ads
337,2024-06-15,India,Pune,referral
338,2022-10-31,India,Mumbai,organic
339,2022-09-11,India,Jammu,ads
340,2023-10-14,India,Delhi,organic
341,2023-03-29,India,Jammu,organic
342,2022-02-06,India,Indore,ads
343,2022-06-09,India,Jammu,ads
344,2022-01-09,India,Indore,ads
345,2022-08-21,India,Indore,referral
346,2022-04-09,India,Delhi,organic
347,2023-10-21,India,Mumbai,ads
348,2024-03-26,India,Delhi,ads
349,2022-07-27,India,Jammu,ads
350,2022-05-11,India,Indore,organic
351,2023-02-08,India,Pune,organic
352,2022-06-01,India,Pune,referral
353,2022-02-23,India,Indore,ads
354,2022-04-30,India,Delhi,ads
355,2023-11-04,India,Mumbai,ads
356,2023-09-20,India,Delhi,referral
357,2023-08-10,India,Indore,ads
358,2023-09-17,India,Indore,ads
359,2023-02-24,India,Mumbai,organic
360,2023-02-26,India,Jammu,ads
361,2022-04-14,India,Jammu,ads
362,2024-05-01,India,Mumbai,organic
363,2022-09-11,India,Jammu,ads
364,2022-08-15,India,Pune,ads
365,2022-04-22,India,Jammu,ads
366,2023-05-25,India,Jammu,ads
367,2023-04-18,India,Jammu,ads
368,2022-04-09,India,Pune,referral
369,2022-06-02,India,Jammu,ads
370,2024-05-10,India,Pune,organic
371,2024-06-14,India,Mumbai,ads
372,2024-05-27,India,Delhi,ads
373,2022-12-04,India,Mumbai,ads
374,2023-12-07,India,Delhi,ads
375,2024-04-01,India,Mumbai,ads
376,2022-06-12,India,Delhi,ads
377,2023-12-21,India,Delhi,organic
378,2023-11-12,India,Indore,ads
379,2022-06-10,India,Delhi,referral
380,2023-08-03,India,Delhi,ads
381,2024-03-11,India,Indore,ads
382,2023-02-02,India,Jammu,ads
383,2022-10-04,India,Jammu,ads
384,2024-03-26,India,Indore,organic
385,2023-05-19,India,Pune,organic
386,2024-06-14,India,Delhi,ads
387,2023-01-27,India,Delhi,ads
388,2022-05-15,India,Indore,organic
389,2022-07-14,India,Indore,ads
390,2023-02-05,India,Pune,ads
391,2023-10-02,India,Jammu,ads
392,2022-02-02,India,Mumbai,ads
393,2023-11-19,India,Jammu,ads
394,2023-04-05,India,Delhi,referral
395,2024-06-01,India,Indore,organic
396,2023-04-15,India,Pune,organic
397,2023-01-10,India,Jammu,ads
398,2022-01-22,India,Pune,organic
399,2024-01-20,India,Jammu,organic
400,2023-11-01,India,Delhi,organic
401,2022-02-07,India,Mumbai,ads
402,2022-08-18,India,Pune,referral
403,2022-12-31,India,Pune,ads
404,2023-07-17,India,Mumbai,referral
405,2023-03-14,India,Pune,ads
406,2024-02-15,India,Pune,ads
407,2022-10-10,India,Jammu,ads
408,2022-01-27,India,Jammu,organic
409,2022-08-14,India,Mumbai,ads
410,2022-10-04,India,Delhi,referral
411,2024-03-08,India,Pune,referral
412,2023-09-01,India,Delhi,organic
413,2022-10-11,India,Mumbai,organic
414,2024-05-28,India,Mumbai,organic
415,2023-04-26,India,Jammu,organic
416,2023-03-29,India,Pune,ads
417,2024-04-08,India,Indore,organic
418,2024-03-26,India,Mumbai,referral
419,2023-10-21,India,Pune,ads
420,2023-05-31,India,Delhi,referral
421,2023-07-01,India,Jammu,ads
422,2022-07-11,India,Delhi,ads
423,2022-02-18,India,Mumbai,ads
424,2023-05-27,India,Mumbai,ads
425,2022-01-17,India,Delhi,referral
426,2022-06-21,India,Mumbai,referral
427,2022-08-08,India,Pune,organic
428,2022-06-07,India,Mumbai,referral
429,2023-04-22,India,Jammu,ads
430,2022-02-15,India,Pune,ads
431,2023-01-08,India,Indore,organic
432,2023-06-02,India,Mumbai,referral
433,2022-04-09,India,Mumbai,ads
434,2024-06-10,India,Jammu,referral
435,2024-01-15,India,Jammu,organic
436,2022-02-06,India,Delhi,referral
437,2022-10-07,India,Delhi,ads
438,2022-12-15,India,Delhi,ads
439,2023-05-12,India,Jammu,organic
440,2022-10-29,India,Delhi,organic
441,2022-06-30,India,Delhi,ads
442,2023-08-30,India,Indore,referral
443,2022-04-09,India,Delhi,referral
444,2023-12-01,India,Mumbai,ads
445,2022-04-26,India,Jammu,ads
446,2022-07-10,India,Pune,ads
447,2022-09-10,India,Indore,ads
448,2022-06-10,India,Jammu,organic
449,2022-09-13,India,Jammu,ads
450,2022-11-19,India,Mumbai,organic
451,2022-05-08,India,Delhi,organic
452,2022-01-18,India,Mumbai,ads
453,2024-03-03,India,Delhi,organic
454,2024-01-05,India,Delhi,ads
455,2023-07-20,India,Jammu,ads
456,2023-07-24,India,Delhi,organic
457,2022-11-19,India,Indore,referral
458,2024-05-21,India,Indore,ads
459,2023-11-17,India,Indore,ads
460,2024-03-02,India,Jammu,ads
461,2023-09-18,India,Mumbai,ads
462,2022-10-15,India,Pune,ads
463,2024-05-03,India,Delhi,organic
464,2023-10-25,India,Pune,ads
465,2023-10-01,India,Mumbai,referral
466,2022-06-04,India,Mumbai,ads
467,2023-05-05,India,Jammu,referral
468,2023-01-21,India,Indore,referral
469,2024-02-24,India,Indore,organic
470,2022-04-14,India,Mumbai,ads
471,2023-01-28,India,Jammu,organic
472,2024-03-21,India,Jammu,organic
473,2022-09-03,India,Delhi,referral
474,2022-06-25,India,Indore,organic
475,2022-02-08,India,Mumbai,ads
476,2023-04-22,India,Pune,referral
477,2023-11-13,India,Indore,referral
478,2024-01-29,India,Delhi,organic
479,2023-06-22,India,Jammu,referral
480,2024-05-16,India,Mumbai,organic
481,2024-03-28,India,Indore,organic
482,2023-02-12,India,Pune,organic
483,2023-06-09,India,Delhi,organic
484,2024-04-07,India,Delhi,ads
485,2023-05-21,India,Indore,organic
486,2024-04-04,India,Pune,organic
487,2022-02-05,India,Delhi,ads
488,2023-11-16,India,Mumbai,ads
489,2022-01-20,India,Delhi,organic
490,2022-11-17,India,Pune,organic
491,2024-02-15,India,Jammu,ads
492,2023-05-27,India,Jammu,referral
493,2023-02-04,India,Indore,referral
494,2023-10-16,India,Pune,ads
495,2024-06-01,India,Delhi,ads
496,2023-04-16,India,Delhi,referral
497,2022-05-23,India,Jammu,referral
498,2022-04-02,India,Jammu,ads
499,2022-12-20,India,Mumbai,ads
500,2024-04-13,India,Jammu,ads
501,2024-03-10,India,Mumbai,organic
502,2023-12-28,India,Delhi,ads
503,2024-05-03,India,Mumbai,organic
504,2022-02-20,India,Mumbai,ads
505,2023-10-27,India,Indore,referral
506,2023-11-29,India,Jammu,ads
507,2023-07-29,India,Mumbai,organic
508,2022-07-09,India,Delhi,referral
509,2022-05-05,India,Pune,ads
510,2022-05-30,India,Mumbai,ads
511,2022-11-10,India,Jammu,organic
512,2023-07-24,India,Indore,ads
513,2022-12-08,India,Delhi,referral
514,2022-11-01,India,Indore,ads
515,2023-11-23,India,Pune,ads
516,2023-11-13,India,Mumbai,referral
517,2024-04-17,India,Mumbai,organic
518,2024-02-22,India,Jammu,organic
519,2022-02-23,India,Mumbai,ads
520,2023-03-20,India,Delhi,ads
521,2023-09-05,India,Pune,referral
522,2022-09-21,India,Indore,ads
523,2022-02-22,India,Pune,ads
524,2023-07-26,India,Mumbai,ads
525,2023-09-12,India,Indore,ads
526,2022-01-05,India,Jammu,organic
527,2022-04-13,India,Pune,referral
528,2022-07-15,India,Indore,organic
529,2024-02-13,India,Indore,organic
530,2024-05-26,India,Indore,organic
531,2024-06-02,India,Delhi,organic
532,2022-12-16,India,Pune,organic
533,2022-02-16,India,Indore,ads
534,2024-05-16,India,Pune,ads
535,2024-04-02,India,Indore,referral
536,2024-03-30,India,Jammu,ads
537,2023-10-18,India,Jammu,ads
538,2022-09-26,India,Jammu,organic
539,2023-01-05,India,Mumbai,organic
540,2023-09-28,India,Indore,organic
541,2022-04-16,India,Mumbai,ads
542,2023-11-01,India,Pune,referral
543,2023-10-21,India,Mumbai,organic
544,2023-10-19,India,Pune,referral
545,2022-04-30,India,Pune,ads
546,2024-04-10,India,Pune,ads
547,2024-02-26,India,Mumbai,ads
548,2023-08-27,India,Indore,ads
549,2022-02-27,India,Mumbai,ads
550,2022-12-12,India,Indore,ads
551,2024-01-11,India,Indore,organic
552,2023-04-19,India,Pune,organic
553,2022-04-27,India,Mumbai,organic
554,2024-04-09,India,Indore,ads
555,2024-03-01,India,Jammu,ads
556,2022-05-07,India,Indore,ads
557,2023-01-28,India,Jammu,ads
558,2023-10-03,India,Mumbai,ads
559,2022-02-27,India,Mumbai,ads
560,2023-09-26,India,Mumbai,referral
561,2023-05-28,India,Indore,referral
562,2024-01-21,India,Delhi,organic
563,2024-03-12,India,Indore,referral
564,2022-04-06,India,Indore,organic
565,2023-09-30,India,Pune,referral
566,2022-04-28,India,Pune,organic
567,2023-07-14,India,Indore,organic
568,2023-08-24,India,Jammu,organic
569,2023-05-03,India,Pune,ads
570,2022-08-25,India,Indore,organic
571,2024-06-03,India,Delhi,referral
572,2024-06-15,India,Jammu,organic
573,2022-09-29,India,Mumbai,ads
574,2022-07-08,India,Indore,ads
575,2023-12-05,India,Indore,referral
576,2023-03-23,India,Jammu,referral
577,2023-08-04,India,Pune,ads
578,2024-02-29,India,Pune,referral
579,2024-05-10,India,Pune,referral
580,2022-09-04,India,Mumbai,ads
581,2022-03-17,India,Jammu,referral
582,2022-06-03,India,Jammu,ads
583,2023-10-18,India,Pune,organic
584,2023-03-11,India,Pune,organic
585,2022-03-27,India,Delhi,organic
586,2023-11-28,India,Delhi,organic
587,2022-10-12,India,Indore,ads
588,2022-08-08,India,Indore,referral
589,2022-03-10,India,Jammu,referral
590,2022-02-16,India,Jammu,organic
591,2022-04-04,India,Mumbai,ads
592,2024-01-20,India,Mumbai,ads
593,2023-03-29,India,Delhi,ads
594,2022-07-23,India,Indore,referral
595,2022-08-06,India,Delhi,ads
596,2023-04-19,India,Delhi,referral
597,2023-03-08,India,Indore,referral
598,2022-12-07,India,Mumbai,organic
599,2023-07-05,India,Indore,organic
600,2023-09-04,India,Pune,organic
601,2022-10-16,India,Pune,organic
602,2022-09-11,India,Pune,ads
603,2024-01-04,India,Jammu,referral
604,2022-12-23,India,Mumbai,organic
605,2022-01-23,India,Mumbai,organic
606,2024-02-01,India,Jammu,organic
607,2023-06-06,India,Delhi,ads
608,2024-01-28,India,Pune,ads
609,2024-04-16,India,Pune,referral
610,2022-04-10,India,Delhi,ads
611,2024-03-12,India,Indore,organic
612,2022-06-29,India,Indore,ads
613,2022-08-11,India,Mumbai,ads
614,2024-02-01,India,Jammu,ads
615,2023-10-21,India,Mumbai,referral
616,2023-03-18,India,Indore,organic
617,2023-08-31,India,Delhi,organic
618,2024-02-08,India,Mumbai,referral
619,2022-11-21,India,Pune,ads
620,2023-05-31,India,Pune,ads
621,2022-01-16,India,Delhi,organic
622,2024-03-02,India,Indore,organic
623,2022-12-02,India,Pune,ads
624,2024-01-29,India,Pune,referral
625,2022-09-15,India,Jammu,referral
626,2023-05-12,India,Mumbai,ads
627,2024-06-14,India,Indore,ads
628,2022-06-09,India,Mumbai,referral
629,2023-04-20,India,Indore,ads
630,2024-05-01,India,Pune,ads
631,2023-10-26,India,Jammu,organic
632,2023-11-21,India,Mumbai,ads
633,2023-11-06,India,Pune,ads
634,2023-01-15,India,Indore,ads
635,2023-06-29,India,Mumbai,organic
636,2023-11-22,India,Mumbai,organic
637,2023-03-03,India,Pune,ads
638,2023-09-05,India,Mumbai,ads
639,2022-09-25,India,Jammu,organic
640,2024-04-14,India,Jammu,referral
641,2023-07-31,India,Pune,referral
642,2023-02-21,India,Indore,ads
643,2022-06-17,India,Pune,organic
644,2024-04-21,India,Jammu,organic
645,2022-02-12,India,Delhi,referral
646,2023-07-10,India,Delhi,organic
647,2022-10-12,India,Mumbai,ads
648,2023-02-01,India,Mumbai,organic
649,2022-01-12,India,Delhi,ads
650,2023-08-30,India,Jammu,ads
651,2022-10-29,India,Mumbai,organic
652,2024-06-16,India,Pune,referral
653,2022-09-10,India,Pune,ads
654,2023-05-14,India,Jammu,organic
655,2024-01-24,India,Mumbai,ads
656,2022-02-04,India,Pune,referral
657,2023-12-28,India,Mumbai,organic
658,2024-04-28,India,Mumbai,ads
659,2022-03-31,India,Pune,ads
660,2024-02-15,India,Delhi,ads
661,2023-08-28,India,Pune,ads
662,2023-08-25,India,Jammu,ads
663,2023-02-22,India,Indore,organic
664,2022-04-25,India,Pune,ads
665,2023-09-09,India,Mumbai,organic
666,2022-07-15,India,Mumbai,ads
667,2024-04-05,India,Pune,organic
668,2023-05-16,India,Indore,ads
669,2023-09-18,India,Pune,ads
670,2023-05-08,India,Indore,organic
671,2022-03-16,India,Indore,ads
672,2023-02-17,India,Jammu,referral
673,2023-01-11,India,Mumbai,organic
674,2023-02-24,India,Mumbai,organic
675,2023-12-30,India,Indore,ads
676,2022-10-04,India,Mumbai,ads
677,2024-01-31,India,Delhi,ads
678,2023-11-07,India,Indore,organic
679,2023-01-29,India,Mumbai,ads
680,2024-05-18,India,Delhi,ads
681,2023-04-02,India,Jammu,ads
682,2022-07-11,India,Mumbai,ads
683,2024-01-09,India,Delhi,ads
684,2023-11-20,India,Pune,ads
685,2022-04-09,India,Pune,ads
686,2023-07-02,India,Delhi,ads
687,2022-04-06,India,Indore,ads
688,2023-10-26,India,Indore,organic
689,2023-10-25,India,Mumbai,ads
690,2022-07-09,India,Pune,ads
691,2024-01-06,India,Indore,ads
692,2022-02-06,India,Indore,ads
693,2024-02-19,India,Pune,ads
694,2023-01-04,India,Jammu,referral
695,2023-11-26,India,Indore,referral
696,2023-06-09,India,Delhi,ads
697,2022-10-06,India,Mumbai,referral
698,2022-08-05,India,Indore,ads
699,2024-05-16,India,Indore,ads
700,2024-05-22,India,Jammu,referral
701,2024-03-08,India,Delhi,referral
702,2022-09-30,India,Mumbai,referral
703,2024-05-30,India,Indore,ads
704,2022-03-03,India,Mumbai,ads
705,2023-08-19,India,Pune,organic
706,2024-05-29,India,Indore,organic
707,2023-12-30,India,Indore,ads
708,2022-12-08,India,Pune,referral
709,2023-02-01,India,Jammu,organic
710,2023-11-30,India,Indore,ads
711,2022-01-19,India,Mumbai,organic
712,2022-06-26,India,Delhi,organic
713,2023-09-04,India,Mumbai,ads
714,2023-01-31,India,Jammu,referral
715,2023-03-21,India,Delhi,ads
716,2022-08-21,India,Mumbai,ads
717,2022-03-17,India,Mumbai,referral
718,2022-09-22,India,Pune,referral
719,2023-03-31,India,Jammu,referral
720,2024-03-06,India,Pune,referral
721,2023-12-19,India,Delhi,organic
722,2024-01-05,India,Pune,referral
723,2023-01-19,India,Jammu,ads
724,2023-07-18,India,Indore,organic
725,2024-04-30,India,Indore,organic
726,2023-05-21,India,Delhi,ads
727,2023-01-02,India,Indore,organic
728,2022-05-24,India,Pune,organic
729,2024-06-03,India,Delhi,organic
730,2022-03-10,India,Jammu,ads
731,2022-04-09,India,Delhi,referral
732,2023-01-31,India,Delhi,ads
733,2022-01-25,India,Mumbai,ads
734,2024-06-09,India,Mumbai,referral
735,2023-04-14,India,Delhi,organic
736,2023-04-29,India,Indore,ads
737,2023-07-19,India,Mumbai,ads
738,2022-05-31,India,Jammu,organic
739,2022-05-24,India,Pune,referral
740,2023-07-23,India,Mumbai,referral
741,2022-02-08,India,Delhi,organic
742,2022-04-19,India,Indore,ads
743,2023-11-24,India,Pune,ads
744,2022-02-11,India,Mumbai,ads
745,2022-07-05,India,Indore,ads
746,2023-02-02,India,Indore,ads
747,2022-08-11,India,Indore,ads
748,2023-09-26,India,Delhi,organic
749,2022-05-13,India,Jammu,ads
750,2022-06-12,India,Indore,organic
751,2022-08-03,India,Pune,referral
752,2024-01-03,India,Mumbai,organic
753,2022-08-23,India,Pune,organic
754,2024-04-22,India,Delhi,organic
755,2023-10-20,India,Delhi,ads
756,2024-01-21,India,Pune,ads
757,2023-08-11,India,Jammu,ads
758,2022-01-09,India,Delhi,ads
759,2022-03-15,India,Delhi,organic
760,2023-05-07,India,Pune,referral
761,2022-09-10,India,Delhi,referral
762,2022-08-18,India,Jammu,ads
763,2023-06-03,India,Jammu,referral
764,2022-06-23,India,Jammu,ads
765,2023-10-15,India,Mumbai,referral
766,2022-06-17,India,Jammu,ads
767,2022-06-19,India,Jammu,ads
768,2023-01-28,India,Mumbai,ads
769,2024-03-05,India,Indore,referral
770,2023-09-26,India,Delhi,ads
771,2022-07-13,India,Jammu,ads
772,2023-06-01,India,Delhi,referral
773,2022-01-29,India,Pune,referral
774,2022-06-14,India,Delhi,ads
775,2023-02-26,India,Mumbai,organic
776,2022-12-05,India,Delhi,ads
777,2023-10-10,India,Delhi,ads
778,2023-05-11,India,Delhi,ads
779,2022-12-31,India,Indore,ads
780,2024-04-12,India,Indore,organic
781,2022-12-08,India,Pune,organic
782,2023-05-15,India,Mumbai,ads
783,2023-10-19,India,Delhi,organic
784,2023-05-26,India,Delhi,organic
785,2022-11-23,India,Delhi,ads
786,2022-08-05,India,Delhi,ads
787,2022-10-28,India,Indore,organic
788,2022-05-12,India,Pune,organic
789,2024-03-14,India,Jammu,organic
790,2022-03-11,India,Mumbai,organic
791,2022-09-09,India,Delhi,ads
792,2023-02-19,India,Pune,organic
793,2024-02-26,India,Jammu,ads
794,2023-03-21,India,Pune,referral
795,2024-05-25,India,Indore,organic
796,2022-07-01,India,Jammu,ads
797,2022-06-16,India,Pune,ads
798,2022-04-01,India,Indore,referral
799,2023-12-15,India,Pune,ads
800,2024-05-07,India,Pune,organic
801,2023-06-15,India,Jammu,organic
802,2022-02-08,India,Indore,organic
803,2022-05-06,India,Delhi,ads
804,2023-03-27,India,Mumbai,organic
805,2022-06-22,India,Jammu,referral
806,2023-10-15,India,Indore,referral
807,2024-01-24,India,Pune,organic
808,2022-08-08,India,Indore,referral
809,2023-09-30,India,Mumbai,organic
810,2022-02-27,India,Mumbai,ads
811,2023-10-22,India,Delhi,organic
812,2023-04-21,India,Delhi,ads
813,2023-04-01,India,Mumbai,ads
814,2024-04-08,India,Jammu,ads
815,2024-06-13,India,Jammu,referral
816,2022-12-27,India,Pune,organic
817,2022-01-01,India,Delhi,organic
818,2023-01-22,India,Pune,ads
819,2022-12-14,India,Delhi,ads
820,2022-07-09,India,Mumbai,ads
821,2023-05-20,India,Jammu,organic
822,2022-07-10,India,Jammu,ads
823,2023-05-23,India,Mumbai,ads
824,2023-01-04,India,Pune,ads
825,2023-02-13,India,Pune,organic
826,2024-04-03,India,Indore,referral
827,2022-04-27,India,Delhi,organic
828,2022-05-14,India,Pune,ads
829,2022-02-27,India,Mumbai,ads
830,2023-07-10,India,Pune,ads
831,2023-11-16,India,Jammu,ads
832,2023-11-03,India,Delhi,ads
833,2022-06-22,India,Indore,ads
834,2024-04-08,India,Delhi,ads
835,2024-03-25,India,Jammu,ads
836,2022-05-29,India,Jammu,ads
837,2022-03-21,India,Jammu,organic
838,2024-06-04,India,Jammu,referral
839,2022-08-01,India,Mumbai,referral
840,2022-07-22,India,Indore,ads
841,2024-02-03,India,Jammu,ads
842,2022-08-17,India,Jammu,referral
843,2023-11-07,India,Pune,ads
844,2022-08-15,India,Indore,referral
845,2023-10-21,India,Delhi,organic
846,2023-06-16,India,Indore,referral
847,2023-03-17,India,Indore,referral
848,2023-02-06,India,Indore,organic
849,2022-02-16,India,Jammu,organic
850,2022-08-21,India,Jammu,ads
851,2022-11-01,India,Mumbai,ads
852,2023-06-10,India,Delhi,ads
853,2022-05-23,India,Pune,ads
854,2023-02-19,India,Indore,ads
855,2023-05-28,India,Delhi,ads
856,2023-01-08,India,Delhi,referral
857,2023-07-20,India,Mumbai,ads
858,2024-06-04,India,Pune,ads
859,2022-09-16,India,Indore,ads
860,2023-10-18,India,Pune,organic
861,2023-04-16,India,Mumbai,ads
862,2022-01-12,India,Jammu,referral
863,2022-11-26,India,Delhi,organic
864,2024-01-06,India,Indore,organic
865,2024-02-23,India,Jammu,ads
866,2022-12-24,India,Mumbai,ads
867,2023-02-12,India,Pune,referral
868,2023-10-30,India,Delhi,ads
869,2023-01-08,India,Indore,ads
870,2022-01-08,India,Jammu,ads
871,2022-05-02,India,Jammu,referral
872,2022-12-14,India,Delhi,ads
873,2023-11-07,India,Pune,referral
874,2022-03-31,India,Mumbai,ads
875,2023-10-10,India,Pune,organic
876,2023-11-29,India,Pune,organic
877,2022-11-12,India,Pune,ads
878,2022-06-27,India,Delhi,ads
879,2023-06-24,India,Delhi,ads
880,2024-01-02,India,Mumbai,ads
881,2024-05-18,India,Pune,referral
882,2022-02-10,India,Delhi,ads
883,2024-01-10,India,Mumbai,organic
884,2023-12-05,India,Mumbai,ads
885,2023-05-17,India,Pune,ads
886,2022-05-25,India,Indore,organic
887,2022-07-20,India,Pune,organic
888,2023-12-25,India,Indore,ads
889,2023-04-06,India,Mumbai,organic
890,2024-01-02,India,Delhi,ads
891,2024-01-22,India,Jammu,referral
892,2023-07-12,India,Mumbai,ads
893,2023-07-01,India,Delhi,ads
894,2022-09-10,India,Mumbai,organic
895,2023-01-25,India,Pune,ads
896,2023-08-17,India,Indore,ads
897,2024-06-01,India,Mumbai,ads
898,2022-09-13,India,Delhi,referral
899,2023-12-10,India,Pune,referral
900,2024-03-25,India,Jammu,organic
901,2023-03-26,India,Pune,ads
902,2022-01-10,India,Indore,organic
903,2024-04-03,India,Pune,ads
904,2024-03-08,India,Jammu,ads
905,2022-08-30,India,Delhi,referral
906,2022-09-08,India,Mumbai,ads
907,2024-05-26,India,Indore,ads
908,2022-01-05,India,Jammu,referral
909,2022-04-29,India,Indore,organic
910,2024-03-11,India,Pune,ads
911,2023-01-09,India,Indore,ads
912,2022-03-06,India,Jammu,organic
913,2022-05-26,India,Mumbai,ads
914,2022-08-12,India,Mumbai,ads
915,2022-08-27,India,Indore,ads
916,2022-06-26,India,Delhi,referral
917,2024-02-18,India,Indore,ads
918,2024-05-02,India,Pune,ads
919,2022-10-09,India,Mumbai,ads
920,2022-03-04,India,Mumbai,ads
921,2022-08-05,India,Mumbai,ads
922,2024-05-03,India,Delhi,referral
923,2024-04-06,India,Delhi,referral
924,2024-03-05,India,Jammu,ads
925,2023-11-20,India,Indore,referral
926,2023-04-06,India,Indore,ads
927,2023-09-02,India,Pune,organic
928,2022-04-15,India,Mumbai,ads
929,2022-04-09,India,Delhi,referral
930,2023-05-26,India,Pune,ads
931,2023-01-20,India,Pune,organic
932,2023-02-09,India,Delhi,organic
933,2024-04-02,India,Indore,ads
934,2023-06-02,India,Mumbai,ads
935,2023-04-21,India,Indore,ads
936,2023-12-10,India,Pune,organic
937,2024-05-12,India,Mumbai,ads
938,2023-10-07,India,Jammu,organic
939,2024-05-19,India,Pune,referral
940,2024-02-10,India,Indore,ads
941,2023-03-13,India,Indore,ads
942,2022-01-23,India,Indore,organic
943,2023-07-19,India,Delhi,organic
944,2023-11-08,India,Pune,referral
945,2023-12-15,India,Mumbai,ads
946,2023-04-03,India,Indore,ads
947,2022-03-24,India,Indore,referral
948,2022-05-25,India,Delhi,referral
949,2022-03-26,India,Mumbai,organic
950,2022-03-19,India,Pune,ads
951,2023-04-02,India,Jammu,ads
952,2024-05-27,India,Delhi,ads
953,2022-01-01,India,Pune,referral
954,2022-02-20,India,Jammu,ads
955,2023-11-16,India,Indore,organic
956,2023-12-18,India,Indore,organic
957,2024-02-11,India,Mumbai,ads
958,2023-03-22,India,Jammu,ads
959,2023-03-25,India,Indore,organic
960,2024-05-30,India,Indore,ads
961,2023-05-03,India,Mumbai,ads
962,2024-03-10,India,Pune,ads
963,2022-02-03,India,Indore,referral
964,2022-12-14,India,Delhi,referral
965,2022-04-05,India,Delhi,organic
966,2022-03-13,India,Pune,organic
967,2023-07-05,India,Jammu,organic
968,2022-06-03,India,Mumbai,organic
969,2022-09-07,India,Delhi,referral
970,2023-11-05,India,Delhi,ads
971,2023-03-14,India,Pune,ads
972,2022-04-28,India,Jammu,referral
973,2024-02-10,India,Jammu,organic
974,2024-06-09,India,Pune,ads
975,2022-11-02,India,Delhi,referral
976,2022-09-25,India,Mumbai,ads
977,2022-02-23,India,Delhi,ads
978,2022-08-24,India,Jammu,organic
979,2023-01-24,India,Delhi,ads
980,2024-01-04,India,Mumbai,organic
981,2024-02-02,India,Indore,ads
982,2024-04-04,India,Delhi,ads
983,2023-02-05,India,Pune,organic
984,2023-09-16,India,Indore,organic
985,2024-02-06,India,Pune,ads
986,2022-10-30,India,Pune,referral
987,2022-07-26,India,Pune,organic
988,2022-08-17,India,Delhi,ads
989,2024-05-02,India,Jammu,ads
990,2023-08-01,India,Indore,referral
991,2022-03-16,India,Mumbai,organic
992,2023-03-11,India,Jammu,ads
993,2022-04-13,India,Delhi,ads
994,2023-02-26,India,Pune,ads
995,2023-12-05,India,Mumbai,ads
996,2024-02-03,India,Indore,organic
997,2024-01-08,India,Jammu,referral
998,2024-03-16,India,Jammu,ads
999,2022-11-02,India,Mumbai,referral
1000,2022-04-08,India,Delhi,referral
1001,2024-04-29,India,Indore,referral
1002,2024-03-08,India,Mumbai,referral
1003,2022-12-01,India,Pune,referral
1004,2024-05-08,India,Indore,organic
1005,2023-03-11,India,Jammu,ads
1006,2023-03-23,India,Mumbai,ads
1007,2022-11-04,India,Jammu,referral
1008,2022-09-06,India,Jammu,ads
1009,2022-06-15,India,Jammu,ads
1010,2023-04-26,India,Delhi,ads
1011,2022-12-01,India,Jammu,referral
1012,2023-06-26,India,Pune,organic
1013,2024-01-29,India,Pune,ads
1014,2022-04-16,India,Indore,ads
1015,2023-07-17,India,Jammu,organic
1016,2022-03-22,India,Jammu,ads
1017,2022-05-13,India,Mumbai,organic
1018,2024-03-07,India,Delhi,ads
1019,2024-06-18,India,Indore,referral
1020,2022-05-18,India,Jammu,organic
1021,2022-07-03,India,Mumbai,organic
1022,2023-02-05,India,Delhi,organic
1023,2022-11-26,India,Indore,ads
1024,2024-02-24,India,Indore,ads
1025,2023-05-23,India,Jammu,organic
1026,2024-05-01,India,Indore,referral
1027,2022-03-10,India,Mumbai,ads
1028,2023-06-30,India,Indore,organic
1029,2024-02-13,India,Pune,referral
1030,2022-02-22,India,Mumbai,referral
1031,2023-03-26,India,Delhi,organic
1032,2022-07-24,India,Delhi,organic
1033,2022-05-06,India,Jammu,referral
1034,2024-01-17,India,Jammu,referral
1035,2022-02-12,India,Pune,referral
1036,2024-01-22,India,Delhi,organic
1037,2024-06-01,India,Delhi,ads
1038,2022-04-21,India,Delhi,ads
1039,2024-01-31,India,Delhi,ads
1040,2023-10-25,India,Indore,referral
1041,2022-07-02,India,Mumbai,referral
1042,2024-04-27,India,Mumbai,organic
1043,2022-04-05,India,Pune,organic
1044,2023-01-09,India,Indore,ads
1045,2023-06-04,India,Delhi,ads
1046,2024-06-18,India,Delhi,organic
1047,2022-12-26,India,Jammu,ads
1048,2024-06-18,India,Jammu,ads
1049,2023-11-27,India,Pune,organic
1050,2022-10-08,India,Delhi,ads
1051,2022-07-14,India,Pune,referral
1052,2024-05-13,India,Indore,ads
1053,2022-07-14,India,Mumbai,referral
1054,2023-10-29,India,Delhi,ads
1055,2022-04-03,India,Indore,ads
1056,2023-11-03,India,Delhi,organic
1057,2022-03-02,India,Jammu,organic
1058,2023-09-26,India,Pune,organic
1059,2022-02-20,India,Jammu,ads
1060,2023-02-07,India,Mumbai,ads
1061,2024-02-28,India,Jammu,organic
1062,2022-01-05,India,Delhi,ads
1063,2023-04-11,India,Jammu,ads
1064,2023-08-27,India,Delhi,organic
1065,2023-11-13,India,Mumbai,ads
1066,2024-04-08,India,Jammu,ads
1067,2023-06-18,India,Pune,ads
1068,2023-02-09,India,Pune,referral
1069,2024-04-17,India,Pune,ads
1070,2023-05-28,India,Jammu,referral
1071,2023-10-07,India,Jammu,ads
1072,2022-08-21,India,Jammu,organic
1073,2023-06-08,India,Delhi,ads
1074,2022-12-12,India,Mumbai,ads
1075,2022-02-15,India,Pune,referral
1076,2023-06-30,India,Delhi,referral
1077,2022-03-19,India,Pune,organic
1078,2023-12-31,India,Delhi,referral
1079,2024-03-23,India,Jammu,ads
1080,2022-03-14,India,Pune,ads
1081,2024-03-04,India,Jammu,ads
1082,2022-09-06,India,Pune,referral
1083,2022-02-16,India,Indore,ads
1084,2022-05-01,India,Delhi,referral
1085,2022-08-02,India,Indore,ads
1086,2022-08-27,India,Delhi,organic
1087,2022-02-25,India,Mumbai,ads
1088,2022-12-16,India,Pune,ads
1089,2022-04-17,India,Mumbai,organic
1090,2024-04-10,India,Mumbai,organic
1091,2022-02-17,India,Delhi,referral
1092,2023-07-27,India,Indore,organic
1093,2022-12-03,India,Jammu,organic
1094,2022-01-26,India,Delhi,referral
1095,2024-03-14,India,Jammu,organic
1096,2022-09-14,India,Mumbai,organic
1097,2022-01-08,India,Jammu,ads
1098,2023-09-17,India,Indore,ads
1099,2024-05-16,India,Delhi,organic
1100,2022-09-10,India,Indore,referral
1101,2023-11-23,India,Indore,ads
1102,2023-12-20,India,Delhi,ads
1103,2022-10-30,India,Indore,organic
1104,2023-10-01,India,Pune,ads
1105,2022-02-25,India,Pune,organic
1106,2023-12-27,India,Pune,organic
1107,2023-06-10,India,Jammu,ads
1108,2023-04-19,India,Indore,referral
1109,2022-01-28,India,Delhi,organic
1110,2022-03-19,India,Delhi,organic
1111,2022-08-04,India,Jammu,ads
1112,2023-01-21,India,Delhi,ads
1113,2022-12-31,India,Pune,referral
1114,2023-10-28,India,Indore,ads
1115,2023-06-10,India,Delhi,ads
1116,2023-11-30,India,Delhi,ads
1117,2022-11-08,India,Mumbai,ads
1118,2024-06-01,India,Mumbai,ads
1119,2022-01-07,India,Mumbai,ads
1120,2022-01-03,India,Indore,referral
1121,2023-09-15,India,Pune,organic
1122,2024-01-20,India,Pune,ads
1123,2022-12-29,India,Pune,organic
1124,2024-01-21,India,Indore,ads
1125,2023-05-23,India,Indore,organic
1126,2022-10-01,India,Mumbai,ads
1127,2023-05-21,India,Delhi,ads
1128,2024-03-16,India,Jammu,referral
1129,2024-01-09,India,Jammu,ads
1130,2024-06-01,India,Delhi,referral
1131,2022-01-15,India,Mumbai,ads
1132,2022-07-11,India,Delhi,ads
1133,2023-09-23,India,Delhi,organic
1134,2023-04-30,India,Jammu,organic
1135,2022-01-28,India,Mumbai,ads
1136,2023-12-15,India,Indore,ads
1137,2022-02-08,India,Jammu,ads
1138,2022-09-30,India,Indore,referral
1139,2022-08-19,India,Mumbai,ads
1140,2022-03-27,India,Delhi,ads
1141,2023-04-19,India,Pune,referral
1142,2022-05-06,India,Pune,ads
1143,2024-03-22,India,Mumbai,ads
1144,2023-06-21,India,Pune,ads
1145,2022-05-25,India,Indore,organic
1146,2023-06-09,India,Pune,ads
1147,2022-07-31,India,Mumbai,ads
1148,2022-01-25,India,Mumbai,referral
1149,2023-08-03,India,Indore,ads
1150,2023-01-29,India,Pune,ads
1151,2022-03-08,India,Pune,ads
1152,2022-08-21,India,Delhi,organic
1153,2022-04-19,India,Jammu,referral
1154,2022-05-26,India,Mumbai,ads
1155,2022-04-21,India,Delhi,ads
1156,2022-08-16,India,Mumbai,ads
1157,2022-04-21,India,Delhi,ads
1158,2023-04-15,India,Jammu,organic
1159,2022-02-03,India,Delhi,ads
1160,2023-09-15,India,Mumbai,ads
1161,2024-02-15,India,Pune,organic
1162,2023-01-04,India,Mumbai,ads
1163,2024-01-18,India,Indore,organic
1164,2023-08-18,India,Indore,ads
1165,2023-07-08,India,Indore,referral
1166,2023-03-01,India,Indore,ads
1167,2023-09-05,India,Jammu,referral
1168,2023-06-02,India,Pune,ads
1169,2023-11-23,India,Pune,organic
1170,2022-10-09,India,Mumbai,ads
1171,2022-11-16,India,Delhi,organic
1172,2024-01-08,India,Mumbai,ads
1173,2023-03-19,India,Mumbai,organic
1174,2022-11-11,India,Mumbai,organic
1175,2024-05-26,India,Mumbai,organic
1176,2024-01-11,India,Pune,organic
1177,2023-01-12,India,Delhi,ads
1178,2022-10-16,India,Mumbai,ads
1179,2023-03-13,India,Pune,organic
1180,2023-10-24,India,Mumbai,ads
1181,2022-10-04,India,Indore,ads
1182,2023-12-11,India,Mumbai,ads
1183,2023-08-05,India,Mumbai,ads
1184,2023-05-18,India,Jammu,organic
1185,2023-09-16,India,Indore,organic
1186,2023-05-31,India,Delhi,referral
1187,2022-12-16,India,Mumbai,ads
1188,2024-04-22,India,Delhi,referral
1189,2023-03-22,India,Indore,organic
1190,2024-04-09,India,Mumbai,referral
1191,2022-12-16,India,Jammu,referral
1192,2023-08-30,India,Pune,organic
1193,2023-10-26,India,Jammu,ads
1194,2024-04-02,India,Jammu,ads
1195,2022-05-17,India,Pune,ads
1196,2024-01-29,India,Pune,referral
1197,2024-06-17,India,Pune,referral
1198,2022-08-31,India,Mumbai,organic
1199,2023-06-27,India,Delhi,referral
1200,2022-02-09,India,Delhi,referral
1201,2022-08-17,India,Pune,organic
1202,2023-07-02,India,Jammu,organic
1203,2022-08-11,India,Indore,ads
1204,2022-01-06,India,Pune,ads
1205,2022-11-18,India,Jammu,ads
1206,2023-04-13,India,Jammu,ads
1207,2024-01-02,India,Mumbai,organic
1208,2022-03-16,India,Mumbai,ads
1209,2022-01-04,India,Delhi,referral
1210,2024-04-26,India,Delhi,ads
1211,2023-10-08,India,Indore,ads
1212,2022-04-28,India,Indore,referral
1213,2024-05-30,India,Indore,organic
1214,2023-08-29,India,Indore,ads
1215,2023-05-19,India,Jammu,organic
1216,2023-07-28,India,Jammu,ads
1217,2023-03-17,India,Delhi,referral
1218,2022-07-13,India,Mumbai,organic
1219,2024-04-26,India,Mumbai,ads
1220,2023-12-16,India,Pune,organic
1221,2023-01-27,India,Jammu,referral
1222,2022-01-26,India,Indore,organic
1223,2023-03-11,India,Indore,referral
1224,2022-06-22,India,Pune,ads
1225,2022-10-27,India,Mumbai,referral
1226,2023-10-07,India,Indore,organic
1227,2022-11-22,India,Mumbai,organic
1228,2023-02-14,India,Pune,ads
1229,2022-04-28,India,Mumbai,referral
1230,2024-04-15,India,Mumbai,organic
1231,2024-02-26,India,Mumbai,referral
1232,2023-12-25,India,Indore,ads
1233,2022-08-13,India,Delhi,ads
1234,2023-06-16,India,Jammu,ads
1235,2022-04-23,India,Mumbai,ads
1236,2022-05-20,India,Mumbai,organic
1237,2023-07-13,India,Mumbai,organic
1238,2022-01-01,India,Delhi,organic
1239,2022-03-31,India,Pune,referral
1240,2023-10-16,India,Indore,ads
1241,2022-11-16,India,Delhi,ads
1242,2023-07-04,India,Mumbai,referral
1243,2024-03-15,India,Delhi,organic
1244,2024-06-12,India,Delhi,organic
1245,2022-05-19,India,Delhi,ads
1246,2023-05-26,India,Pune,organic
1247,2024-05-17,India,Jammu,ads
1248,2024-04-24,India,Indore,organic
1249,2022-09-16,India,Pune,referral
1250,2023-11-04,India,Pune,organic
1251,2023-11-21,India,Jammu,ads
1252,2022-01-10,India,Pune,organic
1253,2022-09-18,India,Delhi,ads
1254,2023-10-12,India,Delhi,ads
1255,2022-06-21,India,Mumbai,referral
1256,2024-06-16,India,Pune,ads
1257,2022-01-13,India,Mumbai,referral
1258,2022-06-17,India,Indore,ads
1259,2023-10-04,India,Delhi,organic
1260,2023-08-19,India,Indore,organic
1261,2022-11-17,India,Jammu,ads
1262,2022-11-15,India,Delhi,organic
1263,2023-09-05,India,Indore,referral
1264,2022-11-25,India,Jammu,organic
1265,2024-02-24,India,Indore,organic
1266,2024-02-16,India,Jammu,referral
1267,2023-07-04,India,Jammu,ads
1268,2023-02-23,India,Delhi,ads
1269,2023-08-29,India,Mumbai,ads
1270,2022-04-05,India,Jammu,organic
1271,2024-03-27,India,Jammu,referral
1272,2023-08-04,India,Delhi,organic
1273,2022-11-14,India,Mumbai,referral
1274,2022-08-24,India,Pune,organic
1275,2022-11-30,India,Pune,ads
1276,2024-06-03,India,Mumbai,ads
1277,2023-01-11,India,Indore,referral
1278,2023-04-04,India,Delhi,ads
1279,2022-05-17,India,Mumbai,organic
1280,2023-08-11,India,Pune,ads
1281,2023-07-01,India,Jammu,ads
1282,2023-05-28,India,Pune,organic
1283,2022-10-23,India,Jammu,ads
1284,2022-11-16,India,Delhi,referral
1285,2023-07-26,India,Jammu,ads
1286,2024-04-11,India,Mumbai,organic
1287,2022-12-15,India,Jammu,organic
1288,2024-04-19,India,Indore,organic
1289,2024-02-18,India,Mumbai,referral
1290,2024-05-22,India,Delhi,ads
1291,2022-08-17,India,Mumbai,ads
1292,2022-09-27,India,Indore,ads
1293,2024-04-07,India,Delhi,referral
1294,2024-03-08,India,Pune,referral
1295,2022-10-18,India,Indore,ads
1296,2023-12-26,India,Delhi,organic
1297,2022-06-14,India,Jammu,ads
1298,2022-01-05,India,Mumbai,ads
1299,2024-04-30,India,Delhi,organic
1300,2023-01-14,India,Mumbai,ads
1301,2022-03-19,India,Jammu,ads
1302,2023-02-14,India,Delhi,organic
1303,2023-07-28,India,Pune,organic
1304,2022-05-12,India,Indore,ads
1305,2023-08-24,India,Delhi,organic
1306,2024-01-19,India,Jammu,organic
1307,2022-02-11,India,Delhi,ads
1308,2022-03-30,India,Mumbai,organic
1309,2023-02-06,India,Delhi,ads
1310,2022-10-23,India,Pune,ads
1311,2024-04-19,India,Delhi,ads
1312,2022-10-22,India,Indore,referral
1313,2023-09-08,India,Delhi,ads
1314,2023-06-10,India,Mumbai,ads
1315,2024-03-10,India,Delhi,ads
1316,2023-11-22,India,Pune,ads
1317,2023-09-29,India,Jammu,organic
1318,2023-02-26,India,Delhi,ads
1319,2024-05-14,India,Delhi,referral
1320,2022-01-23,India,Indore,organic
1321,2023-07-29,India,Pune,organic
1322,2022-05-23,India,Jammu,ads
1323,2023-10-27,India,Mumbai,ads
1324,2022-05-25,India,Delhi,ads
1325,2022-08-13,India,Jammu,organic
1326,2023-05-18,India,Mumbai,ads
1327,2024-03-31,India,Pune,organic
1328,2023-09-08,India,Pune,ads
1329,2022-04-14,India,Jammu,ads
1330,2022-02-08,India,Mumbai,ads
1331,2022-07-17,India,Pune,ads
1332,2023-10-08,India,Jammu,referral
1333,2023-08-02,India,Pune,ads
1334,2023-01-26,India,Pune,referral
1335,2022-06-28,India,Pune,organic
1336,2023-07-08,India,Indore,referral
1337,2023-03-24,India,Mumbai,ads
1338,2023-05-15,India,Jammu,referral
1339,2022-01-15,India,Jammu,ads
1340,2023-09-15,India,Mumbai,organic
1341,2023-10-31,India,Mumbai,ads
1342,2022-10-16,India,Mumbai,ads
1343,2023-04-23,India,Mumbai,organic
1344,2022-08-19,India,Delhi,organic
1345,2023-02-24,India,Jammu,ads
1346,2022-06-06,India,Delhi,ads
1347,2023-07-04,India,Pune,organic
1348,2023-03-17,India,Pune,ads
1349,2022-04-07,India,Jammu,ads
1350,2023-02-15,India,Pune,referral
1351,2022-10-16,India,Mumbai,referral
1352,2022-09-11,India,Delhi,referral
1353,2022-07-15,India,Mumbai,referral
1354,2023-08-21,India,Pune,ads
1355,2024-04-13,India,Delhi,referral
1356,2023-06-06,India,Mumbai,ads
1357,2023-06-01,India,Jammu,ads
1358,2023-09-27,India,Mumbai,referral
1359,2024-04-21,India,Pune,ads
1360,2024-05-14,India,Delhi,organic
1361,2022-04-28,India,Jammu,ads
1362,2024-03-16,India,Delhi,ads
1363,2022-06-08,India,Jammu,organic
1364,2024-03-25,India,Delhi,ads
1365,2022-08-16,India,Pune,ads
1366,2024-05-26,India,Jammu,ads
1367,2022-08-04,India,Indore,ads
1368,2023-11-27,India,Delhi,ads
1369,2022-01-15,India,Delhi,referral
1370,2022-06-06,India,Mumbai,ads
1371,2023-10-10,India,Jammu,referral
1372,2022-09-18,India,Indore,ads
1373,2022-06-06,India,Pune,ads
1374,2022-02-16,India,Mumbai,ads
1375,2022-11-20,India,Indore,ads
1376,2024-04-23,India,Jammu,ads
1377,2023-11-16,India,Indore,ads
1378,2022-05-10,India,Delhi,ads
1379,2023-02-15,India,Delhi,ads
1380,2022-04-05,India,Mumbai,organic
1381,2023-09-19,India,Jammu,referral
1382,2024-01-25,India,Jammu,ads
1383,2022-10-19,India,Indore,organic
1384,2024-03-04,India,Mumbai,organic
1385,2024-03-21,India,Jammu,ads
1386,2022-10-10,India,Delhi,referral
1387,2022-03-10,India,Indore,referral
1388,2023-10-22,India,Pune,ads
1389,2022-01-11,India,Delhi,organic
1390,2022-09-11,India,Mumbai,organic
1391,2024-04-21,India,Jammu,ads
1392,2024-05-21,India,Delhi,ads
1393,2023-07-04,India,Pune,referral
1394,2022-05-14,India,Pune,organic
1395,2023-12-13,India,Mumbai,ads
1396,2022-01-23,India,Delhi,ads
1397,2024-03-25,India,Indore,referral
1398,2022-12-12,India,Delhi,ads
1399,2022-10-29,India,Pune,organic
1400,2022-12-29,India,Mumbai,ads
1401,2023-01-31,India,Mumbai,ads
1402,2022-08-06,India,Indore,ads
1403,2022-05-21,India,Mumbai,ads
1404,2023-09-08,India,Mumbai,ads
1405,2022-07-29,India,Mumbai,organic
1406,2023-09-15,India,Mumbai,organic
1407,2023-09-08,India,Mumbai,ads
1408,2024-04-07,India,Pune,organic
1409,2023-11-14,India,Delhi,ads
1410,2023-04-05,India,Jammu,ads
1411,2022-12-22,India,Mumbai,ads
1412,2022-11-20,India,Jammu,ads
1413,2022-05-13,India,Jammu,referral
1414,2024-06-06,India,Pune,organic
1415,2024-03-15,India,Mumbai,ads
1416,2024-04-19,India,Jammu,organic
1417,2022-05-07,India,Mumbai,ads
1418,2022-04-16,India,Indore,ads
1419,2023-08-27,India,Indore,ads
1420,2024-03-09,India,Indore,organic
1421,2023-01-13,India,Jammu,ads
1422,2022-02-20,India,Indore,referral
1423,2022-01-29,India,Pune,ads
1424,2023-04-07,India,Pune,ads
1425,2022-10-23,India,Jammu,referral
1426,2022-10-24,India,Mumbai,ads
1427,2023-12-27,India,Delhi,referral
1428,2024-02-18,India,Mumbai,referral
1429,2023-02-11,India,Mumbai,referral
1430,2024-02-08,India,Mumbai,ads
1431,2024-03-24,India,Mumbai,ads
1432,2023-09-05,India,Delhi,organic
1433,2023-02-09,India,Indore,organic
1434,2022-12-12,India,Mumbai,organic
1435,2023-09-14,India,Pune,ads
1436,2023-02-24,India,Jammu,ads
1437,2022-07-01,India,Jammu,organic
1438,2024-04-04,India,Pune,ads
1439,2022-01-01,India,Mumbai,ads
1440,2024-04-10,India,Delhi,ads
1441,2023-07-21,India,Indore,ads
1442,2023-01-06,India,Jammu,organic
1443,2023-10-23,India,Indore,organic
1444,2023-03-07,India,Delhi,ads
1445,2022-11-05,India,Jammu,ads
1446,2022-05-17,India,Indore,organic
1447,2022-07-21,India,Delhi,ads
1448,2023-03-12,India,Indore,referral
1449,2022-11-09,India,Mumbai,organic
1450,2022-04-27,India,Delhi,referral
1451,2023-10-28,India,Indore,organic
1452,2024-03-13,India,Mumbai,ads
1453,2023-07-29,India,Mumbai,organic
1454,2022-09-01,India,Delhi,ads
1455,2023-06-21,India,Pune,ads
1456,2023-08-25,India,Jammu,ads
1457,2022-03-16,India,Delhi,ads
1458,2024-03-16,India,Mumbai,ads
1459,2023-01-21,India,Mumbai,ads
1460,2022-07-29,India,Delhi,organic
1461,2023-04-20,India,Pune,referral
1462,2023-02-22,India,Jammu,ads
1463,2022-12-13,India,Indore,organic
1464,2023-06-13,India,Delhi,ads
1465,2023-10-02,India,Jammu,referral
1466,2024-05-25,India,Jammu,ads
1467,2024-02-02,India,Mumbai,referral
1468,2022-06-28,India,Indore,ads
1469,2022-07-01,India,Delhi,referral
1470,2023-10-26,India,Mumbai,ads
1471,2022-01-25,India,Mumbai,ads
1472,2022-06-29,India,Pune,ads
1473,2023-12-11,India,Jammu,ads
1474,2023-05-16,India,Delhi,referral
1475,2024-05-05,India,Delhi,organic
1476,2022-06-10,India,Delhi,ads
1477,2022-06-26,India,Mumbai,referral
1478,2022-10-12,India,Pune,ads
1479,2022-03-04,India,Indore,referral
1480,2023-10-24,India,Mumbai,ads
1481,2023-10-28,India,Indore,referral
1482,2022-06-05,India,Pune,ads
1483,2024-05-31,India,Jammu,organic
1484,2023-04-14,India,Delhi,ads
1485,2022-02-18,India,Indore,organic
1486,2024-04-28,India,Mumbai,organic
1487,2022-03-25,India,Indore,ads
1488,2022-12-27,India,Jammu,referral
1489,2023-11-20,India,Delhi,referral
1490,2022-05-28,India,Indore,referral
1491,2023-09-22,India,Jammu,referral
1492,2022-12-08,India,Mumbai,organic
1493,2023-04-21,India,Pune,referral
1494,2022-03-04,India,Mumbai,referral
1495,2023-12-02,India,Delhi,ads
1496,2022-12-26,India,Mumbai,organic
1497,2023-07-15,India,Mumbai,referral
1498,2022-11-23,India,Mumbai,organic
1499,2024-02-08,India,Mumbai,ads
1500,2024-01-06,India,Delhi,ads
1501,2022-05-21,India,Jammu,referral
1502,2022-08-03,India,Indore,referral
1503,2023-03-11,India,Pune,ads
1504,2024-06-09,India,Indore,ads
1505,2023-12-24,India,Indore,ads
1506,2022-11-14,India,Pune,organic
1507,2022-02-01,India,Delhi,ads
1508,2023-11-01,India,Pune,organic
1509,2022-10-12,India,Delhi,referral
1510,2022-11-01,India,Indore,organic
1511,2023-03-05,India,Delhi,ads
1512,2023-04-22,India,Jammu,referral
1513,2022-10-13,India,Pune,organic
1514,2022-05-24,India,Jammu,ads
1515,2023-02-28,India,Indore,ads
1516,2022-01-19,India,Pune,organic
1517,2022-01-18,India,Indore,referral
1518,2024-02-08,India,Jammu,referral
1519,2023-08-13,India,Indore,ads
1520,2023-01-06,India,Pune,ads
1521,2022-06-24,India,Pune,ads
1522,2022-07-13,India,Indore,organic
1523,2023-05-17,India,Pune,organic
1524,2022-04-23,India,Pune,ads
1525,2022-04-24,India,Indore,ads
1526,2022-08-10,India,Jammu,referral
1527,2023-11-09,India,Pune,referral
1528,2024-04-10,India,Pune,ads
1529,2023-10-06,India,Pune,organic
1530,2024-06-15,India,Pune,organic
1531,2022-09-21,India,Indore,ads
1532,2022-02-24,India,Jammu,ads
1533,2024-05-20,India,Jammu,ads
1534,2023-10-05,India,Delhi,ads
1535,2024-03-10,India,Pune,organic
1536,2024-02-17,India,Pune,ads
1537,2023-04-03,India,Delhi,ads
1538,2024-05-27,India,Jammu,organic
1539,2022-06-11,India,Mumbai,ads
1540,2023-01-15,India,Mumbai,organic
1541,2022-03-28,India,Jammu,ads
1542,2022-02-24,India,Pune,ads
1543,2023-04-21,India,Mumbai,referral
1544,2024-03-10,India,Indore,ads
1545,2022-06-27,India,Indore,organic
1546,2023-01-26,India,Delhi,ads
1547,2022-12-15,India,Jammu,referral
1548,2022-01-08,India,Jammu,referral
1549,2024-04-12,India,Mumbai,ads
1550,2022-11-09,India,Pune,organic
1551,2024-01-29,India,Jammu,ads
1552,2024-04-14,India,Mumbai,referral
1553,2023-03-19,India,Mumbai,ads
1554,2024-02-06,India,Jammu,referral
1555,2022-11-24,India,Mumbai,ads
1556,2022-02-23,India,Delhi,organic
1557,2024-01-31,India,Delhi,referral
1558,2022-08-27,India,Jammu,referral
1559,2022-08-17,India,Pune,ads
1560,2023-08-02,India,Delhi,organic
1561,2022-02-20,India,Delhi,ads
1562,2023-09-01,India,Jammu,ads
1563,2023-08-27,India,Indore,ads
1564,2022-09-21,India,Mumbai,ads
1565,2023-02-22,India,Delhi,organic
1566,2024-03-13,India,Indore,ads
1567,2022-04-06,India,Pune,organic
1568,2022-03-29,India,Indore,ads
1569,2022-03-19,India,Jammu,ads
1570,2022-10-15,India,Pune,organic
1571,2022-04-30,India,Pune,ads
1572,2024-03-24,India,Indore,ads
1573,2023-05-06,India,Jammu,ads
1574,2023-03-28,India,Delhi,ads
1575,2023-05-15,India,Indore,organic
1576,2022-06-14,India,Delhi,ads
1577,2022-07-01,India,Indore,ads
1578,2023-04-14,India,Delhi,referral
1579,2024-01-05,India,Indore,referral
1580,2024-04-02,India,Pune,ads
1581,2022-01-07,India,Mumbai,organic
1582,2022-11-26,India,Pune,ads
1583,2024-02-14,India,Delhi,ads
1584,2023-11-04,India,Jammu,ads
1585,2022-05-31,India,Pune,organic
1586,2022-03-26,India,Mumbai,ads
1587,2022-05-27,India,Delhi,referral
1588,2023-09-16,India,Pune,ads
1589,2023-01-16,India,Indore,ads
1590,2023-07-02,India,Jammu,organic
1591,2022-10-12,India,Delhi,ads
1592,2023-12-01,India,Pune,ads
1593,2022-03-23,India,Delhi,ads
1594,2023-05-29,India,Indore,ads
1595,2024-06-15,India,Mumbai,ads
1596,2024-03-25,India,Pune,ads
1597,2023-12-10,India,Delhi,ads
1598,2023-06-07,India,Delhi,ads
1599,2024-01-16,India,Delhi,referral
1600,2023-01-21,India,Mumbai,ads
1601,2023-12-08,India,Delhi,ads
1602,2023-04-16,India,Jammu,referral
1603,2022-04-29,India,Jammu,organic
1604,2023-01-31,India,Delhi,ads
1605,2023-06-16,India,Jammu,ads
1606,2022-09-18,India,Pune,organic
1607,2024-03-15,India,Jammu,ads
1608,2022-09-13,India,Delhi,organic
1609,2024-01-04,India,Indore,referral
1610,2022-08-14,India,Pune,organic
1611,2022-02-22,India,Mumbai,ads
1612,2024-05-16,India,Delhi,organic
1613,2023-05-15,India,Mumbai,organic
1614,2023-05-21,India,Indore,organic
1615,2024-05-03,India,Mumbai,ads
1616,2022-12-30,India,Delhi,organic
1617,2022-10-07,India,Delhi,organic
1618,2023-08-16,India,Indore,referral
1619,2023-12-15,India,Delhi,referral
1620,2022-06-07,India,Indore,ads
1621,2023-09-24,India,Indore,organic
1622,2022-02-28,India,Delhi,ads
1623,2023-12-28,India,Jammu,organic
1624,2022-05-08,India,Indore,ads
1625,2024-01-06,India,Delhi,ads
1626,2023-12-22,India,Jammu,organic
1627,2024-05-31,India,Indore,ads
1628,2022-04-25,India,Jammu,referral
1629,2022-07-28,India,Pune,organic
1630,2023-06-10,India,Pune,ads
1631,2023-06-05,India,Jammu,ads
1632,2023-07-06,India,Indore,referral
1633,2022-08-25,India,Delhi,ads
1634,2022-10-08,India,Mumbai,organic
1635,2022-12-25,India,Delhi,organic
1636,2022-07-20,India,Mumbai,referral
1637,2024-01-28,India,Mumbai,organic
1638,2022-10-05,India,Indore,organic
1639,2022-08-23,India,Jammu,referral
1640,2023-05-09,India,Delhi,referral
1641,2022-01-04,India,Jammu,organic
1642,2023-10-28,India,Pune,ads
1643,2023-03-18,India,Indore,ads
1644,2022-01-29,India,Indore,organic
1645,2022-04-19,India,Pune,organic
1646,2023-09-02,India,Delhi,ads
1647,2023-12-28,India,Pune,ads
1648,2024-03-15,India,Delhi,organic
1649,2022-03-16,India,Mumbai,ads
1650,2024-04-17,India,Indore,ads
1651,2022-05-26,India,Delhi,ads
1652,2022-05-08,India,Jammu,organic
1653,2024-05-02,India,Jammu,ads
1654,2022-02-11,India,Indore,ads
1655,2022-12-22,India,Pune,ads
1656,2022-02-10,India,Pune,ads
1657,2022-02-03,India,Delhi,organic
1658,2022-01-17,India,Pune,organic
1659,2023-11-08,India,Indore,ads
1660,2022-06-02,India,Delhi,ads
1661,2023-01-13,India,Mumbai,referral
1662,2023-08-11,India,Pune,ads
1663,2023-08-22,India,Pune,organic
1664,2023-09-21,India,Delhi,ads
1665,2024-05-23,India,Jammu,ads
1666,2022-12-08,India,Pune,ads
1667,2022-01-27,India,Indore,organic
1668,2024-04-04,India,Pune,ads
1669,2022-10-14,India,Mumbai,ads
1670,2023-10-08,India,Pune,ads
1671,2024-01-01,India,Jammu,ads
1672,2022-06-17,India,Pune,ads
1673,2023-09-02,India,Delhi,ads
1674,2022-09-25,India,Pune,ads
1675,2024-01-19,India,Jammu,organic
1676,2024-03-31,India,Delhi,organic
1677,2023-03-31,India,Indore,ads
1678,2023-11-16,India,Delhi,ads
1679,2023-02-05,India,Mumbai,organic
1680,2023-04-21,India,Delhi,ads
1681,2023-12-03,India,Indore,ads
1682,2023-09-26,India,Pune,organic
1683,2023-07-12,India,Delhi,referral
1684,2023-07-30,India,Delhi,ads
1685,2022-05-10,India,Delhi,ads
1686,2024-04-01,India,Delhi,referral
1687,2022-12-29,India,Indore,ads
1688,2023-12-06,India,Jammu,referral
1689,2024-03-29,India,Jammu,ads
1690,2023-11-24,India,Delhi,ads
1691,2022-10-19,India,Indore,organic
1692,2023-01-06,India,Indore,referral
1693,2024-03-04,India,Delhi,referral
1694,2022-01-29,India,Mumbai,ads
1695,2022-05-29,India,Delhi,organic
1696,2024-02-18,India,Mumbai,organic
1697,2022-10-23,India,Delhi,organic
1698,2022-01-11,India,Mumbai,referral
1699,2023-05-27,India,Mumbai,ads
1700,2023-11-07,India,Delhi,ads
1701,2022-04-23,India,Mumbai,referral
1702,2022-07-06,India,Pune,referral
1703,2024-03-17,India,Jammu,ads
1704,2024-01-14,India,Indore,ads
1705,2022-08-15,India,Mumbai,referral
1706,2022-11-06,India,Mumbai,ads
1707,2022-04-08,India,Indore,organic
1708,2022-02-24,India,Mumbai,ads
1709,2023-09-15,India,Indore,referral
1710,2023-10-26,India,Delhi,ads
1711,2024-01-28,India,Pune,ads
1712,2023-02-10,India,Pune,ads
1713,2022-03-10,India,Jammu,referral
1714,2022-11-08,India,Mumbai,organic
1715,2022-10-16,India,Jammu,organic
1716,2024-02-01,India,Delhi,ads
1717,2023-07-02,India,Pune,referral
1718,2024-01-21,India,Delhi,organic
1719,2022-05-28,India,Delhi,organic
1720,2023-04-12,India,Mumbai,referral
1721,2024-01-09,India,Delhi,ads
1722,2022-09-01,India,Pune,organic
1723,2023-05-06,India,Jammu,referral
1724,2024-04-28,India,Pune,organic
1725,2023-05-22,India,Mumbai,organic
1726,2022-12-31,India,Pune,ads
1727,2023-04-27,India,Indore,organic
1728,2022-07-20,India,Jammu,organic
1729,2022-06-03,India,Indore,ads
1730,2023-03-26,India,Indore,referral
1731,2023-05-16,India,Mumbai,ads
1732,2022-03-14,India,Delhi,ads
1733,2023-12-14,India,Indore,organic
1734,2022-10-23,India,Pune,ads
1735,2022-01-17,India,Delhi,ads
1736,2023-10-03,India,Pune,ads
1737,2022-08-05,India,Pune,ads
1738,2022-03-02,India,Delhi,ads
1739,2023-09-08,India,Delhi,ads
1740,2022-02-11,India,Pune,ads
1741,2022-01-25,India,Mumbai,ads
1742,2022-02-08,India,Jammu,organic
1743,2024-03-13,India,Jammu,referral
1744,2022-05-11,India,Mumbai,organic
1745,2023-05-13,India,Delhi,organic
1746,2022-08-17,India,Pune,ads
1747,2022-04-18,India,Jammu,organic
1748,2022-06-21,India,Pune,organic
1749,2023-03-11,India,Mumbai,ads
1750,2023-04-23,India,Pune,ads
1751,2022-04-12,India,Mumbai,ads
1752,2024-05-15,India,Delhi,organic
1753,2023-06-08,India,Mumbai,ads
1754,2022-10-02,India,Mumbai,referral
1755,2023-09-05,India,Jammu,ads
1756,2022-02-13,India,Pune,ads
1757,2024-03-27,India,Jammu,organic
1758,2022-01-17,India,Indore,referral
1759,2022-11-26,India,Mumbai,ads
1760,2023-07-23,India,Indore,organic
1761,2024-04-02,India,Jammu,ads
1762,2023-05-12,India,Pune,organic
1763,2024-03-25,India,Jammu,organic
1764,2022-01-12,India,Pune,referral
1765,2022-11-14,India,Pune,ads
1766,2023-08-15,India,Delhi,ads
1767,2022-08-04,India,Mumbai,organic
1768,2022-12-05,India,Jammu,ads
1769,2024-02-15,India,Pune,organic
1770,2023-10-23,India,Jammu,organic
1771,2022-03-22,India,Jammu,ads
1772,2023-12-28,India,Pune,referral
1773,2023-04-30,India,Indore,ads
1774,2023-01-09,India,Mumbai,referral
1775,2023-12-11,India,Mumbai,referral
1776,2022-07-19,India,Delhi,organic
1777,2023-06-21,India,Delhi,ads
1778,2023-04-11,India,Delhi,referral
1779,2022-03-30,India,Mumbai,organic
1780,2022-09-25,India,Indore,ads
1781,2023-10-17,India,Mumbai,ads
1782,2023-07-25,India,Mumbai,ads
1783,2023-05-04,India,Mumbai,referral
1784,2024-05-26,India,Mumbai,referral
1785,2023-06-22,India,Indore,referral
1786,2022-02-16,India,Delhi,organic
1787,2022-10-15,India,Jammu,ads
1788,2024-02-17,India,Delhi,ads
1789,2022-01-16,India,Delhi,ads
1790,2023-12-12,India,Jammu,ads
1791,2023-02-05,India,Mumbai,organic
1792,2024-03-04,India,Indore,referral
1793,2022-03-27,India,Indore,referral
1794,2022-09-07,India,Delhi,ads
1795,2023-01-26,India,Jammu,organic
1796,2024-02-21,India,Pune,organic
1797,2022-12-01,India,Mumbai,ads
1798,2023-09-21,India,Delhi,organic
1799,2023-06-03,India,Indore,ads
1800,2022-05-17,India,Jammu,referral
1801,2024-06-01,India,Jammu,organic
1802,2023-11-19,India,Delhi,organic
1803,2024-04-19,India,Pune,ads
1804,2023-05-13,India,Indore,ads
1805,2024-04-06,India,Delhi,ads
1806,2023-12-28,India,Pune,organic
1807,2023-04-22,India,Jammu,referral
1808,2023-08-17,India,Mumbai,ads
1809,2022-08-11,India,Indore,organic
1810,2023-01-07,India,Indore,ads
1811,2023-02-06,India,Pune,ads
1812,2023-03-19,India,Delhi,organic
1813,2023-05-05,India,Jammu,organic
1814,2023-09-07,India,Pune,ads
1815,2022-09-30,India,Mumbai,ads
1816,2023-06-10,India,Mumbai,ads
1817,2022-06-08,India,Mumbai,ads
1818,2022-06-01,India,Pune,referral
1819,2023-09-12,India,Jammu,organic
1820,2022-07-07,India,Indore,ads
1821,2024-03-23,India,Delhi,ads
1822,2022-04-08,India,Indore,referral
1823,2022-05-11,India,Jammu,organic
1824,2024-03-15,India,Indore,organic
1825,2022-06-20,India,Pune,ads
1826,2022-07-02,India,Mumbai,referral
1827,2022-12-30,India,Jammu,ads
1828,2022-02-08,India,Jammu,organic
1829,2023-06-11,India,Indore,referral
1830,2024-06-06,India,Pune,ads
1831,2023-05-12,India,Indore,ads
1832,2023-05-31,India,Indore,ads
1833,2022-12-15,India,Jammu,ads
1834,2023-02-01,India,Indore,ads
1835,2023-12-23,India,Mumbai,referral
1836,2022-06-10,India,Indore,ads
1837,2022-01-16,India,Mumbai,organic
1838,2023-05-08,India,Jammu,referral
1839,2023-03-02,India,Pune,referral
1840,2022-04-18,India,Mumbai,organic
1841,2024-06-12,India,Pune,ads
1842,2023-03-26,India,Pune,ads
1843,2022-11-07,India,Mumbai,ads
1844,2024-01-09,India,Jammu,organic
1845,2022-06-19,India,Delhi,ads
1846,2023-06-30,India,Pune,ads
1847,2023-02-18,India,Pune,ads
1848,2022-09-08,India,Jammu,organic
1849,2024-01-29,India,Jammu,ads
1850,2024-02-20,India,Indore,ads
1851,2022-05-21,India,Jammu,ads
1852,2022-10-01,India,Pune,organic
1853,2023-02-20,India,Mumbai,organic
1854,2023-08-31,India,Delhi,ads
1855,2024-01-09,India,Indore,referral
1856,2024-06-09,India,Mumbai,ads
1857,2022-02-08,India,Delhi,ads
1858,2024-03-24,India,Delhi,ads
1859,2022-01-29,India,Delhi,organic
1860,2023-04-22,India,Mumbai,organic
1861,2022-11-14,India,Indore,ads
1862,2022-09-02,India,Indore,organic
1863,2024-01-18,India,Delhi,ads
1864,2023-11-28,India,Mumbai,referral
1865,2022-09-29,India,Delhi,organic
1866,2023-03-16,India,Jammu,organic
1867,2024-01-18,India,Indore,organic
1868,2022-08-27,India,Pune,referral
1869,2023-01-12,India,Delhi,referral
1870,2022-09-23,India,Jammu,organic
1871,2022-12-25,India,Indore,ads
1872,2022-12-06,India,Mumbai,ads
1873,2023-01-24,India,Indore,ads
1874,2023-07-31,India,Mumbai,organic
1875,2023-11-20,India,Mumbai,ads
1876,2022-01-03,India,Delhi,referral
1877,2023-03-05,India,Delhi,ads
1878,2022-05-22,India,Indore,referral
1879,2023-01-11,India,Jammu,ads
1880,2023-11-01,India,Indore,organic
1881,2022-11-20,India,Pune,ads
1882,2022-05-26,India,Mumbai,organic
1883,2022-10-20,India,Mumbai,ads
1884,2023-10-27,India,Delhi,ads
1885,2023-03-08,India,Jammu,referral
1886,2023-12-06,India,Delhi,ads
1887,2023-08-08,India,Pune,ads
1888,2023-02-03,India,Indore,ads
1889,2024-03-27,India,Indore,referral
1890,2024-06-07,India,Jammu,ads
1891,2022-12-10,India,Delhi,organic
1892,2022-05-20,India,Delhi,ads
1893,2022-07-06,India,Pune,ads
1894,2024-03-15,India,Indore,referral
1895,2022-03-02,India,Delhi,ads
1896,2023-01-15,India,Jammu,organic
1897,2023-12-11,India,Indore,ads
1898,2024-03-17,India,Pune,ads
1899,2023-03-16,India,Jammu,organic
1900,2022-11-15,India,Mumbai,organic
1901,2022-10-29,India,Pune,organic
1902,2022-12-10,India,Jammu,organic
1903,2022-01-11,India,Delhi,ads
1904,2022-03-03,India,Mumbai,ads
1905,2024-04-24,India,Pune,ads
1906,2022-08-14,India,Delhi,organic
1907,2022-06-02,India,Mumbai,referral
1908,2023-12-12,India,Indore,ads
1909,2023-07-18,India,Delhi,ads
1910,2024-02-11,India,Jammu,ads
1911,2023-07-25,India,Pune,referral
1912,2023-08-07,India,Mumbai,referral
1913,2023-10-22,India,Delhi,ads
1914,2024-05-10,India,Indore,ads
1915,2023-07-29,India,Pune,ads
1916,2022-11-06,India,Pune,organic
1917,2024-06-03,India,Delhi,organic
1918,2022-08-31,India,Indore,ads
1919,2023-05-08,India,Mumbai,referral
1920,2023-01-01,India,Delhi,organic
1921,2022-11-26,India,Mumbai,ads
1922,2022-04-17,India,Pune,organic
1923,2022-08-14,India,Mumbai,ads
1924,2024-04-04,India,Indore,referral
1925,2022-08-06,India,Jammu,ads
1926,2024-01-23,India,Indore,ads
1927,2023-05-21,India,Mumbai,organic
1928,2022-09-16,India,Delhi,organic
1929,2024-06-06,India,Pune,ads
1930,2024-02-13,India,Jammu,referral
1931,2023-06-01,India,Delhi,ads
1932,2024-02-12,India,Delhi,ads
1933,2022-02-23,India,Indore,referral
1934,2022-02-16,India,Mumbai,ads
1935,2023-12-28,India,Indore,ads
1936,2023-11-20,India,Mumbai,organic
1937,2023-06-05,India,Indore,ads
1938,2022-04-09,India,Delhi,referral
1939,2022-01-20,India,Pune,ads
1940,2024-06-08,India,Mumbai,organic
1941,2024-01-23,India,Jammu,ads
1942,2023-07-27,India,Jammu,ads
1943,2024-06-09,India,Delhi,organic
1944,2023-05-05,India,Indore,organic
1945,2023-02-23,India,Indore,organic
1946,2023-11-21,India,Delhi,ads
1947,2024-04-29,India,Jammu,organic
1948,2022-03-03,India,Jammu,ads
1949,2022-05-25,India,Indore,organic
1950,2022-08-04,India,Mumbai,organic
1951,2022-01-03,India,Pune,ads
1952,2022-06-09,India,Mumbai,organic
1953,2024-01-09,India,Jammu,ads
1954,2024-02-20,India,Mumbai,organic
1955,2022-04-30,India,Pune,organic
1956,2024-06-11,India,Mumbai,ads
1957,2022-03-30,India,Mumbai,referral
1958,2022-11-25,India,Mumbai,ads
1959,2023-08-03,India,Mumbai,referral
1960,2022-12-23,India,Delhi,ads
1961,2023-09-02,India,Jammu,referral
1962,2022-09-24,India,Pune,ads
1963,2023-09-09,India,Jammu,ads
1964,2022-11-19,India,Delhi,referral
1965,2023-09-27,India,Delhi,ads
1966,2023-06-25,India,Delhi,ads
1967,2023-10-11,India,Delhi,organic
1968,2022-07-14,India,Mumbai,organic
1969,2024-01-08,India,Jammu,organic
1970,2022-11-28,India,Indore,ads
1971,2022-06-19,India,Pune,organic
1972,2023-06-05,India,Delhi,ads
1973,2023-04-08,India,Jammu,referral
1974,2022-02-09,India,Delhi,organic
1975,2023-06-21,India,Delhi,organic
1976,2022-09-18,India,Delhi,ads
1977,2023-01-30,India,Delhi,referral
1978,2022-08-14,India,Delhi,organic
1979,2022-05-04,India,Pune,referral
1980,2022-02-07,India,Jammu,ads
1981,2022-11-24,India,Delhi,organic
1982,2022-09-08,India,Delhi,organic
1983,2022-06-25,India,Delhi,ads
1984,2023-08-25,India,Delhi,ads
1985,2023-03-30,India,Mumbai,ads
1986,2022-02-06,India,Mumbai,ads
1987,2022-11-12,India,Indore,ads
1988,2023-11-19,India,Delhi,ads
1989,2024-03-06,India,Indore,organic
1990,2023-08-16,India,Pune,organic
1991,2022-04-24,India,Indore,ads
1992,2022-02-09,India,Jammu,organic
1993,2022-10-28,India,Mumbai,referral
1994,2022-08-12,India,Mumbai,ads
1995,2022-11-14,India,Delhi,ads
1996,2022-12-15,India,Delhi,organic
1997,2022-04-25,India,Pune,organic
1998,2023-11-29,India,Pune,organic
1999,2022-11-19,India,Jammu,organic
2000,2023-07-22,India,Delhi,ads
2001,2022-02-09,India,Delhi,referral
2002,2024-05-15,India,Pune,ads
2003,2022-02-09,India,Pune,ads
2004,2024-05-08,India,Pune,ads
2005,2024-01-19,India,Mumbai,ads
2006,2022-10-16,India,Indore,organic
2007,2022-09-19,India,Indore,organic
2008,2022-08-04,India,Delhi,referral
2009,2022-05-27,India,Mumbai,ads
2010,2022-12-02,India,Pune,referral
2011,2022-06-17,India,Delhi,organic
2012,2022-04-02,India,Mumbai,ads
2013,2022-12-19,India,Jammu,referral
2014,2023-07-25,India,Mumbai,organic
2015,2023-07-25,India,Delhi,ads
2016,2024-03-26,India,Indore,referral
2017,2023-11-12,India,Pune,organic
2018,2024-02-20,India,Jammu,organic
2019,2022-12-29,India,Mumbai,referral
2020,2023-07-11,India,Delhi,ads
2021,2022-12-11,India,Delhi,organic
2022,2023-11-24,India,Pune,organic
2023,2022-06-19,India,Delhi,ads
2024,2022-12-22,India,Delhi,ads
2025,2022-07-10,India,Pune,organic
2026,2023-10-29,India,Jammu,ads
2027,2023-02-26,India,Indore,organic
2028,2023-12-01,India,Indore,referral
2029,2022-01-07,India,Mumbai,ads
2030,2022-05-13,India,Jammu,ads
2031,2024-01-17,India,Mumbai,ads
2032,2023-07-11,India,Indore,organic
2033,2024-04-05,India,Pune,referral
2034,2024-01-31,India,Delhi,organic
2035,2022-01-31,India,Indore,ads
2036,2023-06-19,India,Jammu,organic
2037,2023-03-02,India,Indore,organic
2038,2023-01-29,India,Jammu,ads
2039,2023-11-03,India,Jammu,organic
2040,2022-12-29,India,Jammu,ads
2041,2023-03-13,India,Mumbai,organic
2042,2023-11-01,India,Pune,ads
2043,2023-07-05,India,Indore,ads
2044,2022-03-23,India,Pune,referral
2045,2022-12-22,India,Delhi,organic
2046,2022-09-15,India,Indore,ads
2047,2023-12-19,India,Pune,referral
2048,2023-08-12,India,Pune,organic
2049,2023-06-08,India,Delhi,ads
2050,2022-10-22,India,Jammu,organic
2051,2022-08-12,India,Indore,referral
2052,2023-06-09,India,Indore,organic
2053,2022-02-15,India,Delhi,ads
2054,2023-10-29,India,Jammu,organic
2055,2022-04-23,India,Indore,organic
2056,2022-08-21,India,Indore,referral
2057,2022-01-17,India,Indore,ads
2058,2022-12-26,India,Jammu,organic
2059,2022-08-11,India,Delhi,ads
2060,2024-05-15,India,Indore,organic
2061,2023-12-01,India,Pune,referral
2062,2023-03-24,India,Jammu,ads
2063,2024-05-05,India,Mumbai,ads
2064,2022-12-31,India,Delhi,organic
2065,2023-11-06,India,Pune,organic
2066,2022-11-22,India,Indore,ads
2067,2023-04-12,India,Mumbai,organic
2068,2023-02-18,India,Delhi,referral
2069,2023-03-31,India,Jammu,organic
2070,2023-08-09,India,Mumbai,organic
2071,2022-08-21,India,Mumbai,ads
2072,2022-08-12,India,Pune,referral
2073,2024-04-10,India,Delhi,ads
2074,2023-02-16,India,Pune,ads
2075,2023-07-26,India,Pune,ads
2076,2022-12-01,India,Indore,organic
2077,2022-08-10,India,Jammu,referral
2078,2022-02-06,India,Mumbai,ads
2079,2022-10-05,India,Delhi,referral
2080,2022-07-15,India,Jammu,referral
2081,2024-05-13,India,Jammu,organic
2082,2023-04-29,India,Delhi,organic
2083,2022-08-30,India,Jammu,ads
2084,2022-11-20,India,Indore,ads
2085,2024-01-01,India,Jammu,referral
2086,2022-07-11,India,Indore,ads
2087,2022-01-17,India,Mumbai,ads
2088,2023-06-08,India,Mumbai,organic
2089,2023-02-05,India,Pune,referral
2090,2024-06-04,India,Indore,organic
2091,2023-12-06,India,Mumbai,ads
2092,2022-01-22,India,Jammu,ads
2093,2023-04-19,India,Delhi,organic
2094,2022-04-30,India,Delhi,ads
2095,2022-07-29,India,Indore,ads
2096,2022-11-02,India,Pune,ads
2097,2022-09-27,India,Jammu,organic
2098,2023-12-05,India,Indore,ads
2099,2023-11-18,India,Delhi,ads
2100,2022-10-12,India,Indore,ads
2101,2023-12-17,India,Jammu,ads
2102,2023-11-07,India,Mumbai,ads
2103,2024-02-02,India,Jammu,organic
2104,2022-08-15,India,Mumbai,organic
2105,2023-01-16,India,Mumbai,ads
2106,2023-04-05,India,Mumbai,ads
2107,2022-01-07,India,Indore,ads
2108,2022-01-29,India,Delhi,ads
2109,2022-02-02,India,Indore,ads
2110,2023-10-08,India,Delhi,ads
2111,2024-05-28,India,Jammu,ads
2112,2022-03-20,India,Pune,referral
2113,2023-04-04,India,Jammu,ads
2114,2023-07-24,India,Indore,referral
2115,2023-06-22,India,Indore,ads
2116,2023-04-27,India,Delhi,ads
2117,2023-03-06,India,Indore,organic
2118,2024-01-08,India,Mumbai,ads
2119,2022-10-12,India,Indore,ads
2120,2023-05-31,India,Delhi,referral
2121,2022-04-09,India,Delhi,organic
2122,2023-02-01,India,Mumbai,ads
2123,2023-05-04,India,Delhi,ads
2124,2022-02-08,India,Pune,referral
2125,2022-09-28,India,Jammu,referral
2126,2024-06-05,India,Indore,ads
2127,2024-03-07,India,Pune,ads
2128,2022-06-06,India,Indore,referral
2129,2022-03-16,India,Pune,ads
2130,2024-06-02,India,Indore,ads
2131,2024-03-10,India,Mumbai,organic
2132,2022-05-10,India,Delhi,ads
2133,2023-11-18,India,Delhi,organic
2134,2022-03-25,India,Mumbai,referral
2135,2022-01-22,India,Pune,organic
2136,2023-04-04,India,Jammu,ads
2137,2023-06-23,India,Pune,ads
2138,2023-12-08,India,Delhi,ads
2139,2024-04-28,India,Jammu,ads
2140,2023-01-17,India,Indore,ads
2141,2024-01-18,India,Jammu,ads
2142,2023-03-16,India,Pune,ads
2143,2023-08-27,India,Mumbai,ads
2144,2022-01-21,India,Indore,ads
2145,2022-10-30,India,Pune,organic
2146,2024-05-18,India,Indore,organic
2147,2022-03-25,India,Jammu,ads
2148,2024-02-13,India,Delhi,organic
2149,2023-10-21,India,Pune,organic
2150,2023-03-29,India,Mumbai,ads
2151,2023-01-22,India,Jammu,ads
2152,2023-05-22,India,Pune,organic
2153,2022-09-14,India,Mumbai,ads
2154,2023-07-24,India,Pune,ads
2155,2024-06-10,India,Jammu,referral
2156,2023-06-11,India,Pune,ads
2157,2022-06-11,India,Indore,organic
2158,2022-06-12,India,Jammu,ads
2159,2024-04-11,India,Pune,ads
2160,2024-03-03,India,Delhi,ads
2161,2024-03-02,India,Pune,organic
2162,2023-06-08,India,Indore,ads
2163,2024-02-25,India,Mumbai,ads
2164,2022-09-28,India,Mumbai,referral
2165,2023-05-07,India,Mumbai,ads
2166,2022-07-27,India,Delhi,ads
2167,2023-06-23,India,Indore,ads
2168,2023-08-07,India,Jammu,organic
2169,2022-03-01,India,Mumbai,ads
2170,2023-03-06,India,Indore,ads
2171,2023-10-19,India,Pune,ads
2172,2023-08-28,India,Delhi,ads
2173,2022-11-05,India,Indore,organic
2174,2023-06-04,India,Indore,organic
2175,2023-08-14,India,Jammu,ads
2176,2022-01-27,India,Indore,ads
2177,2023-11-17,India,Jammu,ads
2178,2023-07-16,India,Delhi,organic
2179,2022-07-18,India,Delhi,ads
2180,2023-01-22,India,Pune,ads
2181,2022-12-15,India,Jammu,referral
2182,2023-11-24,India,Jammu,ads
2183,2023-06-20,India,Mumbai,referral
2184,2024-04-07,India,Mumbai,ads
2185,2023-01-13,India,Pune,ads
2186,2024-06-17,India,Delhi,ads
2187,2023-07-12,India,Mumbai,ads
2188,2023-06-11,India,Indore,ads
2189,2022-06-02,India,Delhi,ads
2190,2024-01-04,India,Indore,referral
2191,2022-07-25,India,Jammu,ads
2192,2023-03-31,India,Delhi,organic
2193,2022-09-30,India,Pune,organic
2194,2024-06-12,India,Jammu,organic
2195,2022-08-24,India,Jammu,organic
2196,2024-05-01,India,Indore,ads
2197,2024-01-10,India,Jammu,ads
2198,2023-06-05,India,Mumbai,ads
2199,2023-11-09,India,Delhi,ads
2200,2024-04-10,India,Mumbai,ads
2201,2023-12-27,India,Indore,ads
2202,2023-05-16,India,Indore,referral
2203,2022-04-27,India,Delhi,referral
2204,2023-01-21,India,Jammu,ads
2205,2022-12-10,India,Pune,ads
2206,2023-08-07,India,Indore,ads
2207,2023-01-30,India,Delhi,ads
2208,2022-03-05,India,Pune,ads
2209,2023-12-18,India,Jammu,referral
2210,2023-12-22,India,Indore,ads
2211,2022-03-13,India,Delhi,ads
2212,2024-02-28,India,Delhi,ads
2213,2022-10-01,India,Delhi,referral
2214,2022-11-16,India,Indore,referral
2215,2022-12-04,India,Pune,organic
2216,2023-01-01,India,Delhi,ads
2217,2023-05-10,India,Jammu,ads
2218,2023-08-30,India,Delhi,ads
2219,2022-06-15,India,Pune,ads
2220,2023-06-28,India,Indore,organic
2221,2022-01-11,India,Delhi,ads
2222,2022-10-28,India,Delhi,ads
2223,2023-12-30,India,Jammu,organic
2224,2024-03-11,India,Jammu,ads
2225,2022-04-12,India,Delhi,organic
2226,2023-03-01,India,Delhi,ads
2227,2023-01-27,India,Jammu,ads
2228,2024-02-18,India,Pune,ads
2229,2022-08-02,India,Mumbai,referral
2230,2023-11-22,India,Mumbai,ads
2231,2022-03-29,India,Delhi,ads
2232,2023-07-07,India,Jammu,ads
2233,2023-02-05,India,Indore,organic
2234,2023-08-11,India,Indore,referral
2235,2024-06-07,India,Mumbai,ads
2236,2022-02-15,India,Pune,ads
2237,2023-11-03,India,Mumbai,referral
2238,2023-04-08,India,Delhi,organic
2239,2023-08-15,India,Pune,organic
2240,2022-11-06,India,Indore,ads
2241,2022-03-27,India,Jammu,ads
2242,2022-04-02,India,Jammu,organic
2243,2023-10-22,India,Delhi,organic
2244,2023-11-04,India,Mumbai,organic
2245,2023-12-15,India,Delhi,ads
2246,2022-08-30,India,Jammu,organic
2247,2024-05-14,India,Indore,referral
2248,2022-01-02,India,Jammu,referral
2249,2022-08-13,India,Pune,ads
2250,2024-03-11,India,Jammu,organic
2251,2024-01-15,India,Jammu,organic
2252,2023-08-12,India,Pune,referral
2253,2022-04-26,India,Mumbai,organic
2254,2023-10-28,India,Jammu,referral
2255,2022-04-13,India,Delhi,referral
2256,2022-07-13,India,Jammu,ads
2257,2022-06-15,India,Delhi,organic
2258,2024-05-20,India,Pune,organic
2259,2022-03-31,India,Jammu,ads
2260,2023-11-17,India,Pune,ads
2261,2022-05-02,India,Pune,ads
2262,2022-05-23,India,Mumbai,organic
2263,2022-04-16,India,Jammu,ads
2264,2024-06-05,India,Delhi,referral
2265,2023-03-04,India,Delhi,organic
2266,2022-11-01,India,Jammu,organic
2267,2024-05-21,India,Mumbai,ads
2268,2022-11-13,India,Mumbai,ads
2269,2023-09-27,India,Mumbai,ads
2270,2022-01-09,India,Delhi,ads
2271,2024-02-13,India,Pune,referral
2272,2022-03-14,India,Mumbai,organic
2273,2022-12-25,India,Delhi,ads
2274,2022-08-11,India,Delhi,referral
2275,2023-02-20,India,Pune,ads
2276,2023-07-07,India,Jammu,ads
2277,2023-01-05,India,Jammu,organic
2278,2023-12-17,India,Mumbai,ads
2279,2022-09-21,India,Mumbai,organic
2280,2024-04-19,India,Pune,organic
2281,2023-11-21,India,Mumbai,organic
2282,2024-05-09,India,Pune,ads
2283,2022-11-14,India,Delhi,ads
2284,2022-03-25,India,Mumbai,ads
2285,2022-11-14,India,Delhi,referral
2286,2022-04-21,India,Indore,ads
2287,2022-09-08,India,Pune,ads
2288,2023-01-18,India,Indore,referral
2289,2022-01-07,India,Mumbai,organic
2290,2023-04-04,India,Delhi,referral
2291,2022-03-25,India,Mumbai,referral
2292,2022-07-27,India,Indore,ads
2293,2024-06-18,India,Mumbai,ads
2294,2023-01-25,India,Jammu,ads
2295,2022-11-10,India,Indore,ads
2296,2022-01-22,India,Mumbai,organic
2297,2023-02-14,India,Delhi,ads
2298,2024-06-13,India,Mumbai,organic
2299,2023-05-30,India,Delhi,ads
2300,2022-05-07,India,Jammu,ads
2301,2024-03-19,India,Mumbai,organic
2302,2023-12-01,India,Jammu,ads
2303,2024-05-23,India,Indore,organic
2304,2022-01-14,India,Delhi,referral
2305,2022-01-12,India,Indore,organic
2306,2022-03-28,India,Delhi,ads
2307,2023-06-08,India,Jammu,referral
2308,2023-06-21,India,Pune,ads
2309,2022-10-28,India,Mumbai,organic
2310,2022-08-31,India,Jammu,ads
2311,2022-05-02,India,Delhi,ads
2312,2022-05-27,India,Delhi,referral
2313,2023-07-21,India,Delhi,ads
2314,2024-01-20,India,Delhi,referral
2315,2022-12-22,India,Mumbai,ads
2316,2023-11-16,India,Indore,referral
2317,2024-01-03,India,Pune,referral
2318,2023-09-23,India,Mumbai,ads
2319,2022-11-05,India,Delhi,organic
2320,2023-11-26,India,Mumbai,organic
2321,2022-10-15,India,Jammu,referral
2322,2022-11-03,India,Delhi,ads
2323,2024-03-22,India,Pune,organic
2324,2023-08-17,India,Delhi,ads
2325,2023-12-24,India,Pune,ads
2326,2023-10-24,India,Pune,ads
2327,2023-07-03,India,Indore,organic
2328,2022-12-18,India,Indore,referral
2329,2022-11-08,India,Mumbai,ads
2330,2024-05-22,India,Mumbai,organic
2331,2022-02-28,India,Pune,organic
2332,2023-10-05,India,Delhi,ads
2333,2023-12-15,India,Jammu,referral
2334,2024-01-25,India,Jammu,ads
2335,2022-02-04,India,Delhi,ads
2336,2023-03-21,India,Delhi,ads
2337,2022-04-03,India,Indore,referral
2338,2022-07-26,India,Jammu,referral
2339,2022-12-19,India,Pune,ads
2340,2022-11-28,India,Mumbai,ads
2341,2024-03-27,India,Indore,ads
2342,2024-05-11,India,Jammu,organic
2343,2023-12-26,India,Delhi,organic
2344,2022-06-08,India,Jammu,referral
2345,2022-01-24,India,Pune,referral
2346,2023-02-08,India,Indore,referral
2347,2024-03-15,India,Delhi,organic
2348,2023-05-31,India,Pune,ads
2349,2024-01-02,India,Mumbai,organic
2350,2022-12-30,India,Indore,ads
2351,2023-01-17,India,Pune,ads
2352,2023-06-16,India,Pune,ads
2353,2022-06-01,India,Delhi,organic
2354,2023-07-16,India,Mumbai,organic
2355,2023-11-20,India,Pune,organic
2356,2023-08-31,India,Indore,ads
2357,2023-09-09,India,Pune,organic
2358,2023-02-24,India,Jammu,ads
2359,2022-09-07,India,Indore,organic
2360,2022-04-27,India,Indore,ads
2361,2024-05-15,India,Pune,referral
2362,2023-05-27,India,Delhi,organic
2363,2024-01-10,India,Indore,organic
2364,2023-08-01,India,Jammu,organic
2365,2022-12-01,India,Delhi,organic
2366,2023-02-22,India,Delhi,ads
2367,2024-02-13,India,Delhi,organic
2368,2022-10-22,India,Indore,ads
2369,2024-01-25,India,Delhi,ads
2370,2023-01-06,India,Pune,ads
2371,2022-07-05,India,Delhi,referral
2372,2022-09-03,India,Jammu,ads
2373,2023-09-29,India,Mumbai,ads
2374,2022-09-25,India,Jammu,referral
2375,2023-10-05,India,Indore,referral
2376,2022-08-25,India,Delhi,ads
2377,2023-06-14,India,Delhi,referral
2378,2023-07-06,India,Pune,ads
2379,2022-01-21,India,Delhi,organic
2380,2024-01-07,India,Jammu,organic
2381,2024-05-16,India,Indore,organic
2382,2024-03-04,India,Mumbai,organic
2383,2023-06-04,India,Delhi,ads
2384,2022-04-10,India,Mumbai,ads
2385,2024-01-22,India,Delhi,organic
2386,2023-04-23,India,Indore,ads
2387,2023-08-22,India,Jammu,referral
2388,2022-10-25,India,Indore,ads
2389,2023-06-10,India,Mumbai,ads
2390,2022-11-30,India,Delhi,organic
2391,2022-01-02,India,Mumbai,ads
2392,2023-01-10,India,Jammu,ads
2393,2022-10-20,India,Indore,ads
2394,2024-04-16,India,Mumbai,referral
2395,2023-07-07,India,Mumbai,ads
2396,2022-11-14,India,Jammu,ads
2397,2023-05-17,India,Delhi,ads
2398,2024-04-07,India,Mumbai,ads
2399,2023-01-16,India,Jammu,ads
2400,2023-09-15,India,Delhi,referral
2401,2022-01-14,India,Delhi,referral
2402,2023-05-19,India,Indore,ads
2403,2022-08-19,India,Jammu,organic
2404,2022-03-25,India,Delhi,referral
2405,2022-05-10,India,Indore,ads
2406,2024-01-13,India,Pune,ads
2407,2024-04-17,India,Jammu,referral
2408,2022-05-25,India,Pune,organic
2409,2024-06-09,India,Delhi,ads
2410,2024-05-06,India,Jammu,ads
2411,2022-01-28,India,Indore,ads
2412,2022-03-07,India,Delhi,ads
2413,2022-06-12,India,Jammu,organic
2414,2022-08-17,India,Jammu,organic
2415,2022-09-18,India,Pune,organic
2416,2023-03-25,India,Delhi,ads
2417,2023-02-28,India,Indore,ads
2418,2023-04-05,India,Indore,ads
2419,2023-11-07,India,Delhi,referral
2420,2022-10-28,India,Delhi,organic
2421,2022-10-30,India,Mumbai,ads
2422,2022-10-14,India,Pune,ads
2423,2023-01-30,India,Delhi,referral
2424,2022-01-10,India,Delhi,organic
2425,2023-12-08,India,Mumbai,ads
2426,2023-09-22,India,Mumbai,ads
2427,2022-09-27,India,Jammu,ads
2428,2023-08-15,India,Indore,referral
2429,2023-08-28,India,Pune,organic
2430,2024-02-17,India,Jammu,organic
2431,2024-04-23,India,Delhi,referral
2432,2024-05-11,India,Mumbai,referral
2433,2022-12-27,India,Indore,ads
2434,2022-09-14,India,Jammu,ads
2435,2022-05-13,India,Indore,ads
2436,2022-10-03,India,Mumbai,ads
2437,2024-02-15,India,Jammu,organic
2438,2023-11-14,India,Jammu,referral
2439,2023-05-28,India,Indore,organic
2440,2022-11-09,India,Mumbai,ads
2441,2023-07-30,India,Delhi,ads
2442,2024-06-04,India,Jammu,ads
2443,2022-10-11,India,Delhi,referral
2444,2022-05-01,India,Mumbai,ads
2445,2022-04-17,India,Jammu,ads
2446,2023-11-18,India,Jammu,ads
2447,2022-07-23,India,Delhi,referral
2448,2022-06-14,India,Pune,organic
2449,2022-11-01,India,Delhi,referral
2450,2023-05-12,India,Delhi,organic
2451,2023-09-24,India,Pune,organic
2452,2023-07-10,India,Mumbai,ads
2453,2024-04-03,India,Mumbai,ads
2454,2022-06-05,India,Jammu,organic
2455,2023-01-02,India,Indore,referral
2456,2023-12-20,India,Indore,ads
2457,2023-09-12,India,Jammu,ads
2458,2022-09-08,India,Indore,organic
2459,2024-05-31,India,Delhi,ads
2460,2022-11-30,India,Delhi,organic
2461,2023-10-04,India,Pune,ads
2462,2023-05-26,India,Pune,ads
2463,2022-10-20,India,Jammu,ads
2464,2022-01-20,India,Jammu,organic
2465,2022-10-09,India,Jammu,organic
2466,2024-03-07,India,Delhi,ads
2467,2022-01-01,India,Indore,referral
2468,2022-04-29,India,Jammu,ads
2469,2022-02-04,India,Jammu,ads
2470,2022-07-17,India,Delhi,organic
2471,2023-04-30,India,Delhi,ads
2472,2024-01-27,India,Delhi,organic
2473,2022-02-28,India,Indore,referral
2474,2024-04-16,India,Jammu,organic
2475,2022-06-10,India,Mumbai,organic
2476,2023-11-22,India,Mumbai,organic
2477,2022-07-25,India,Jammu,ads
2478,2022-01-12,India,Jammu,ads
2479,2023-05-05,India,Jammu,ads
2480,2022-10-03,India,Jammu,referral
2481,2023-11-24,India,Indore,ads
2482,2022-08-30,India,Mumbai,ads
2483,2022-08-04,India,Pune,referral
2484,2022-09-08,India,Mumbai,organic
2485,2024-03-21,India,Mumbai,referral
2486,2022-05-06,India,Delhi,organic
2487,2022-08-05,India,Jammu,ads
2488,2022-11-02,India,Jammu,referral
2489,2024-03-07,India,Jammu,ads
2490,2022-07-04,India,Delhi,ads
2491,2022-02-08,India,Indore,organic
2492,2022-08-11,India,Indore,organic
2493,2022-07-03,India,Pune,referral
2494,2023-05-10,India,Indore,referral
2495,2023-03-03,India,Indore,referral
2496,2022-06-27,India,Jammu,ads
2497,2023-03-04,India,Mumbai,organic
2498,2022-10-21,India,Indore,organic
2499,2024-05-01,India,Indore,referral
2500,2022-05-31,India,Delhi,ads
2501,2023-01-19,India,Pune,ads
2502,2023-09-30,India,Delhi,referral
2503,2024-03-23,India,Jammu,ads
2504,2022-11-04,India,Mumbai,organic
2505,2022-12-02,India,Pune,ads
2506,2024-01-16,India,Delhi,ads
2507,2024-06-10,India,Indore,organic
2508,2023-01-10,India,Indore,ads
2509,2022-01-08,India,Pune,organic
2510,2022-12-07,India,Indore,ads
2511,2022-05-09,India,Delhi,ads
2512,2024-02-15,India,Delhi,ads
2513,2023-10-31,India,Indore,organic
2514,2022-12-18,India,Indore,ads
2515,2022-12-24,India,Jammu,organic
2516,2023-06-01,India,Mumbai,organic
2517,2023-05-10,India,Pune,organic
2518,2022-03-27,India,Delhi,organic
2519,2022-06-24,India,Pune,ads
2520,2024-03-12,India,Jammu,ads
2521,2022-07-12,India,Delhi,organic
2522,2022-11-07,India,Jammu,ads
2523,2022-04-29,India,Jammu,referral
2524,2022-08-06,India,Indore,referral
2525,2023-03-03,India,Pune,ads
2526,2023-02-18,India,Pune,organic
2527,2022-04-24,India,Indore,referral
2528,2022-05-25,India,Pune,ads
2529,2023-06-22,India,Indore,organic
2530,2023-10-10,India,Delhi,ads
2531,2022-10-30,India,Jammu,organic
2532,2024-01-14,India,Jammu,referral
2533,2024-05-30,India,Pune,organic
2534,2023-08-11,India,Mumbai,organic
2535,2024-04-19,India,Jammu,referral
2536,2022-12-11,India,Indore,organic
2537,2024-03-24,India,Mumbai,organic
2538,2024-03-11,India,Mumbai,organic
2539,2022-01-01,India,Jammu,organic
2540,2022-05-27,India,Jammu,referral
2541,2022-10-14,India,Jammu,referral
2542,2023-10-16,India,Indore,organic
2543,2022-02-22,India,Mumbai,organic
2544,2022-10-31,India,Pune,ads
2545,2022-03-10,India,Indore,referral
2546,2022-12-27,India,Delhi,organic
2547,2023-08-25,India,Jammu,organic
2548,2022-08-08,India,Mumbai,ads
2549,2023-12-05,India,Indore,referral
2550,2023-07-29,India,Delhi,ads
2551,2023-08-08,India,Indore,ads
2552,2022-06-10,India,Indore,organic
2553,2023-11-12,India,Pune,organic
2554,2022-03-30,India,Pune,ads
2555,2023-11-19,India,Indore,organic
2556,2024-02-20,India,Delhi,ads
2557,2023-08-08,India,Mumbai,ads
2558,2024-01-27,India,Mumbai,ads
2559,2023-08-12,India,Jammu,referral
2560,2022-06-08,India,Jammu,ads
2561,2023-05-04,India,Mumbai,ads
2562,2022-11-20,India,Indore,organic
2563,2023-09-02,India,Indore,ads
2564,2023-01-16,India,Pune,organic
2565,2022-04-12,India,Pune,referral
2566,2023-05-09,India,Jammu,referral
2567,2023-10-06,India,Mumbai,ads
2568,2023-09-06,India,Indore,organic
2569,2022-01-19,India,Mumbai,organic
2570,2023-03-30,India,Delhi,ads
2571,2023-04-27,India,Mumbai,ads
2572,2023-08-17,India,Delhi,ads
2573,2023-02-01,India,Pune,ads
2574,2022-10-06,India,Pune,referral
2575,2024-04-30,India,Jammu,organic
2576,2022-12-31,India,Mumbai,ads
2577,2022-11-27,India,Mumbai,ads
2578,2023-10-03,India,Delhi,referral
2579,2022-12-10,India,Pune,ads
2580,2024-04-01,India,Delhi,organic
2581,2023-03-31,India,Pune,ads
2582,2023-08-24,India,Delhi,referral
2583,2023-12-26,India,Pune,organic
2584,2023-10-17,India,Delhi,ads
2585,2022-03-06,India,Pune,ads
2586,2022-03-17,India,Delhi,organic
2587,2023-12-12,India,Mumbai,referral
2588,2022-05-23,India,Jammu,ads
2589,2024-04-07,India,Delhi,organic
2590,2023-08-28,India,Jammu,ads
2591,2023-04-18,India,Mumbai,referral
2592,2023-02-21,India,Mumbai,organic
2593,2022-11-01,India,Pune,ads
2594,2024-01-06,India,Jammu,ads
2595,2023-05-12,India,Indore,ads
2596,2022-10-18,India,Pune,organic
2597,2022-04-12,India,Jammu,ads
2598,2022-09-24,India,Delhi,ads
2599,2024-05-16,India,Delhi,referral
2600,2023-09-14,India,Mumbai,ads
2601,2024-04-21,India,Indore,organic
2602,2024-02-16,India,Delhi,ads
2603,2022-01-03,India,Jammu,ads
2604,2022-03-26,India,Jammu,ads
2605,2024-03-04,India,Delhi,organic
2606,2022-11-24,India,Jammu,organic
2607,2024-03-26,India,Jammu,referral
2608,2023-03-26,India,Mumbai,ads
2609,2023-03-30,India,Indore,ads
2610,2023-09-21,India,Mumbai,referral
2611,2022-08-09,India,Indore,ads
2612,2022-06-03,India,Jammu,ads
2613,2023-10-27,India,Indore,ads
2614,2022-01-12,India,Jammu,organic
2615,2022-05-13,India,Jammu,referral
2616,2022-10-31,India,Mumbai,ads
2617,2022-10-20,India,Mumbai,ads
2618,2022-10-27,India,Pune,organic
2619,2024-01-10,India,Delhi,referral
2620,2024-02-22,India,Pune,ads
2621,2022-02-12,India,Pune,referral
2622,2022-12-09,India,Indore,ads
2623,2022-11-22,India,Jammu,ads
2624,2024-03-24,India,Jammu,ads
2625,2023-05-13,India,Jammu,ads
2626,2022-12-30,India,Delhi,ads
2627,2024-06-09,India,Indore,referral
2628,2023-03-03,India,Indore,ads
2629,2022-01-21,India,Jammu,ads
2630,2023-02-11,India,Pune,ads
2631,2023-09-11,India,Delhi,organic
2632,2022-12-02,India,Pune,referral
2633,2024-03-25,India,Mumbai,ads
2634,2022-04-27,India,Indore,ads
2635,2022-05-04,India,Indore,ads
2636,2023-02-03,India,Pune,ads
2637,2024-03-03,India,Delhi,ads
2638,2024-03-14,India,Indore,organic
2639,2023-12-16,India,Pune,organic
2640,2022-02-20,India,Delhi,organic
2641,2024-02-22,India,Pune,ads
2642,2022-11-20,India,Delhi,ads
2643,2024-02-28,India,Jammu,organic
2644,2022-05-21,India,Delhi,organic
2645,2023-04-15,India,Mumbai,ads
2646,2024-02-26,India,Jammu,referral
2647,2024-03-12,India,Pune,ads
2648,2022-11-30,India,Jammu,ads
2649,2024-06-11,India,Jammu,ads
2650,2023-01-08,India,Pune,referral
2651,2023-07-18,India,Pune,ads
2652,2023-05-09,India,Mumbai,referral
2653,2023-06-23,India,Pune,ads
2654,2023-10-31,India,Indore,ads
2655,2024-01-21,India,Indore,organic
2656,2022-06-05,India,Mumbai,ads
2657,2022-10-18,India,Delhi,ads
2658,2023-10-10,India,Delhi,ads
2659,2022-05-24,India,Indore,referral
2660,2022-04-16,India,Pune,organic
2661,2023-02-24,India,Mumbai,ads
2662,2023-11-01,India,Delhi,ads
2663,2023-10-20,India,Delhi,organic
2664,2022-01-02,India,Jammu,ads
2665,2023-08-12,India,Indore,ads
2666,2023-10-06,India,Pune,ads
2667,2022-03-31,India,Mumbai,organic
2668,2022-12-11,India,Delhi,ads
2669,2022-12-16,India,Jammu,organic
2670,2023-04-04,India,Indore,organic
2671,2022-09-20,India,Indore,referral
2672,2022-12-17,India,Mumbai,organic
2673,2022-04-18,India,Delhi,ads
2674,2023-08-09,India,Mumbai,organic
2675,2022-02-08,India,Mumbai,referral
2676,2022-06-08,India,Jammu,ads
2677,2023-08-06,India,Indore,ads
2678,2022-11-08,India,Pune,ads
2679,2022-08-29,India,Indore,referral
2680,2023-03-21,India,Indore,ads
2681,2022-10-25,India,Jammu,ads
2682,2022-02-05,India,Pune,organic
2683,2022-03-25,India,Delhi,referral
2684,2023-03-28,India,Pune,ads
2685,2024-06-04,India,Delhi,organic
2686,2024-02-14,India,Pune,referral
2687,2024-04-01,India,Mumbai,ads
2688,2023-01-20,India,Pune,organic
2689,2022-06-21,India,Jammu,organic
2690,2023-01-11,India,Delhi,referral
2691,2023-11-16,India,Indore,organic
2692,2022-12-28,India,Jammu,referral
2693,2023-07-13,India,Delhi,ads
2694,2024-06-09,India,Delhi,ads
2695,2022-05-21,India,Indore,ads
2696,2024-06-05,India,Mumbai,ads
2697,2022-04-28,India,Jammu,referral
2698,2022-10-04,India,Indore,ads
2699,2023-12-27,India,Indore,ads
2700,2022-08-08,India,Mumbai,ads
2701,2022-01-26,India,Jammu,ads
2702,2023-06-05,India,Indore,ads
2703,2024-02-22,India,Mumbai,ads
2704,2022-01-10,India,Jammu,referral
2705,2023-01-13,India,Pune,ads
2706,2023-09-25,India,Delhi,organic
2707,2023-09-29,India,Mumbai,organic
2708,2023-11-13,India,Delhi,organic
2709,2023-08-07,India,Pune,ads
2710,2022-06-01,India,Indore,referral
2711,2023-12-21,India,Indore,organic
2712,2022-02-18,India,Jammu,ads
2713,2022-06-03,India,Mumbai,ads
2714,2024-05-08,India,Mumbai,ads
2715,2022-10-20,India,Jammu,organic
2716,2023-08-03,India,Delhi,organic
2717,2022-02-19,India,Indore,ads
2718,2023-10-26,India,Indore,ads
2719,2023-06-15,India,Mumbai,referral
2720,2023-09-04,India,Mumbai,referral
2721,2022-03-01,India,Jammu,organic
2722,2022-06-16,India,Pune,organic
2723,2022-07-21,India,Delhi,referral
2724,2024-05-06,India,Pune,organic
2725,2022-05-26,India,Pune,ads
2726,2023-11-07,India,Mumbai,ads
2727,2023-03-15,India,Mumbai,organic
2728,2022-08-30,India,Mumbai,ads
2729,2023-08-04,India,Pune,ads
2730,2023-11-18,India,Delhi,referral
2731,2023-07-15,India,Mumbai,organic
2732,2023-04-28,India,Indore,referral
2733,2022-04-18,India,Delhi,ads
2734,2022-08-14,India,Indore,referral
2735,2023-11-04,India,Delhi,ads
2736,2023-09-23,India,Mumbai,organic
2737,2023-10-23,India,Jammu,ads
2738,2023-10-24,India,Mumbai,ads
2739,2023-03-08,India,Pune,ads
2740,2024-03-15,India,Pune,organic
2741,2023-10-17,India,Delhi,ads
2742,2023-02-23,India,Pune,organic
2743,2023-03-31,India,Mumbai,ads
2744,2022-06-09,India,Indore,ads
2745,2023-06-07,India,Mumbai,organic
2746,2023-10-12,India,Delhi,referral
2747,2023-08-13,India,Pune,ads
2748,2022-03-18,India,Indore,organic
2749,2023-05-24,India,Jammu,referral
2750,2023-03-17,India,Indore,organic
2751,2022-09-11,India,Indore,organic
2752,2024-02-09,India,Mumbai,ads
2753,2022-11-16,India,Jammu,ads
2754,2024-03-13,India,Delhi,ads
2755,2022-09-20,India,Delhi,ads
2756,2023-08-20,India,Indore,referral
2757,2023-10-20,India,Indore,ads
2758,2024-04-14,India,Pune,ads
2759,2023-07-08,India,Jammu,referral
2760,2023-01-09,India,Indore,organic
2761,2023-09-29,India,Pune,referral
2762,2022-06-16,India,Jammu,organic
2763,2024-01-23,India,Delhi,ads
2764,2023-04-04,India,Pune,organic
2765,2022-10-07,India,Jammu,organic
2766,2023-12-01,India,Pune,ads
2767,2022-10-29,India,Indore,ads
2768,2023-06-15,India,Mumbai,ads
2769,2023-08-03,India,Delhi,organic
2770,2022-08-06,India,Indore,ads
2771,2022-04-12,India,Indore,organic
2772,2023-07-08,India,Jammu,ads
2773,2022-10-15,India,Pune,ads
2774,2022-06-16,India,Delhi,ads
2775,2023-09-13,India,Indore,ads
2776,2022-02-05,India,Jammu,ads
2777,2024-01-14,India,Delhi,ads
2778,2024-01-11,India,Pune,ads
2779,2022-12-19,India,Indore,referral
2780,2023-11-07,India,Indore,organic
2781,2024-06-17,India,Indore,organic
2782,2022-03-14,India,Delhi,referral
2783,2023-10-10,India,Delhi,referral
2784,2022-12-19,India,Delhi,referral
2785,2024-06-09,India,Delhi,ads
2786,2022-03-11,India,Jammu,organic
2787,2023-03-01,India,Mumbai,referral
2788,2023-12-09,India,Jammu,referral
2789,2024-02-20,India,Indore,organic
2790,2023-07-15,India,Jammu,ads
2791,2024-04-07,India,Pune,referral
2792,2023-10-04,India,Delhi,ads
2793,2023-06-01,India,Pune,ads
2794,2023-03-04,India,Pune,ads
2795,2023-06-23,India,Indore,ads
2796,2022-06-09,India,Delhi,ads
2797,2022-05-29,India,Pune,ads
2798,2024-02-15,India,Indore,referral
2799,2022-08-18,India,Delhi,ads
2800,2023-12-13,India,Mumbai,organic
2801,2023-07-16,India,Indore,referral
2802,2022-03-08,India,Jammu,organic
2803,2024-03-22,India,Delhi,ads
2804,2023-01-16,India,Pune,organic
2805,2022-02-27,India,Pune,ads
2806,2022-09-16,India,Jammu,ads
2807,2022-12-08,India,Jammu,organic
2808,2024-04-17,India,Pune,referral
2809,2022-05-10,India,Delhi,organic
2810,2023-12-28,India,Indore,ads
2811,2022-06-21,India,Jammu,ads
2812,2024-02-09,India,Jammu,ads
2813,2023-09-06,India,Jammu,organic
2814,2022-07-28,India,Mumbai,ads
2815,2024-03-13,India,Delhi,referral
2816,2022-12-20,India,Delhi,ads
2817,2023-04-16,India,Delhi,ads
2818,2024-03-08,India,Delhi,ads
2819,2022-04-26,India,Delhi,ads
2820,2022-09-21,India,Pune,organic
2821,2023-10-24,India,Jammu,referral
2822,2024-03-22,India,Pune,ads
2823,2023-03-18,India,Mumbai,ads
2824,2023-07-02,India,Indore,referral
2825,2023-03-29,India,Jammu,organic
2826,2024-04-24,India,Mumbai,referral
2827,2023-04-22,India,Pune,ads
2828,2022-10-14,India,Indore,ads
2829,2022-10-30,India,Mumbai,ads
2830,2022-11-07,India,Indore,ads
2831,2022-07-27,India,Mumbai,organic
2832,2023-09-10,India,Pune,ads
2833,2023-03-22,India,Indore,organic
2834,2023-11-01,India,Mumbai,ads
2835,2023-09-25,India,Pune,referral
2836,2022-02-24,India,Jammu,ads
2837,2022-01-12,India,Pune,ads
2838,2023-10-19,India,Pune,organic
2839,2023-02-04,India,Jammu,ads
2840,2023-10-10,India,Pune,ads
2841,2023-05-30,India,Jammu,ads
2842,2023-10-18,India,Jammu,referral
2843,2023-06-26,India,Jammu,organic
2844,2022-08-25,India,Mumbai,organic
2845,2022-10-06,India,Indore,referral
2846,2022-12-14,India,Mumbai,referral
2847,2023-09-19,India,Jammu,organic
2848,2022-04-14,India,Indore,organic
2849,2023-09-22,India,Indore,organic
2850,2023-06-01,India,Jammu,ads
2851,2024-05-21,India,Indore,referral
2852,2022-09-05,India,Indore,organic
2853,2022-12-30,India,Mumbai,ads
2854,2022-11-17,India,Indore,ads
2855,2023-09-25,India,Jammu,ads
2856,2022-10-13,India,Delhi,ads
2857,2022-05-29,India,Delhi,ads
2858,2022-03-25,India,Delhi,ads
2859,2023-02-10,India,Jammu,ads
2860,2023-04-01,India,Delhi,organic
2861,2024-01-13,India,Mumbai,ads
2862,2024-03-10,India,Jammu,ads
2863,2022-06-10,India,Jammu,ads
2864,2024-02-23,India,Jammu,referral
2865,2023-04-05,India,Indore,ads
2866,2023-07-04,India,Indore,ads
2867,2023-05-15,India,Indore,organic
2868,2024-01-08,India,Pune,ads
2869,2023-05-24,India,Mumbai,ads
2870,2023-10-16,India,Jammu,ads
2871,2024-03-14,India,Jammu,organic
2872,2023-04-26,India,Indore,organic
2873,2023-10-25,India,Jammu,organic
2874,2022-04-24,India,Jammu,ads
2875,2024-01-19,India,Delhi,organic
2876,2023-08-01,India,Jammu,ads
2877,2022-12-27,India,Pune,ads
2878,2022-12-07,India,Indore,ads
2879,2024-02-09,India,Mumbai,organic
2880,2024-01-31,India,Mumbai,ads
2881,2023-03-25,India,Delhi,organic
2882,2024-04-22,India,Mumbai,referral
2883,2024-04-14,India,Mumbai,ads
2884,2022-06-29,India,Indore,ads
2885,2023-12-03,India,Indore,ads
2886,2023-02-11,India,Pune,ads
2887,2023-10-28,India,Delhi,ads
2888,2022-07-15,India,Mumbai,referral
2889,2023-04-11,India,Pune,ads
2890,2022-11-07,India,Delhi,organic
2891,2022-09-19,India,Mumbai,ads
2892,2023-02-23,India,Mumbai,referral
2893,2023-02-10,India,Indore,referral
2894,2022-05-23,India,Jammu,organic
2895,2022-12-08,India,Delhi,referral
2896,2022-11-12,India,Mumbai,ads
2897,2022-04-11,India,Delhi,ads
2898,2022-09-01,India,Pune,organic
2899,2023-05-05,India,Pune,organic
2900,2022-01-12,India,Jammu,referral
2901,2022-08-27,India,Mumbai,ads
2902,2023-07-15,India,Indore,ads
2903,2022-02-11,India,Mumbai,ads
2904,2023-11-09,India,Delhi,referral
2905,2023-08-17,India,Pune,referral
2906,2023-03-05,India,Delhi,organic
2907,2024-03-13,India,Jammu,organic
2908,2022-06-07,India,Pune,organic
2909,2022-08-04,India,Indore,organic
2910,2023-11-01,India,Pune,ads
2911,2023-04-07,India,Mumbai,organic
2912,2022-05-14,India,Mumbai,ads
2913,2022-03-08,India,Pune,organic
2914,2024-04-27,India,Jammu,ads
2915,2022-01-07,India,Mumbai,organic
2916,2023-06-10,India,Mumbai,referral
2917,2022-03-14,India,Indore,organic
2918,2023-02-03,India,Pune,organic
2919,2023-02-09,India,Mumbai,organic
2920,2023-11-06,India,Jammu,organic
2921,2023-08-01,India,Delhi,ads
2922,2024-05-08,India,Pune,organic
2923,2022-05-10,India,Indore,ads
2924,2023-04-11,India,Mumbai,organic
2925,2022-07-25,India,Jammu,organic
2926,2024-02-27,India,Pune,organic
2927,2024-02-07,India,Jammu,organic
2928,2022-09-23,India,Jammu,organic
2929,2023-06-21,India,Indore,referral
2930,2024-03-03,India,Pune,ads
2931,2022-09-10,India,Mumbai,referral
2932,2024-04-01,India,Indore,organic
2933,2022-10-16,India,Mumbai,ads
2934,2022-06-13,India,Delhi,referral
2935,2022-04-05,India,Jammu,organic
2936,2024-02-21,India,Delhi,referral
2937,2024-04-12,India,Jammu,organic
2938,2022-04-20,India,Indore,ads
2939,2022-12-02,India,Mumbai,ads
2940,2024-04-01,India,Mumbai,organic
2941,2022-08-26,India,Indore,referral
2942,2023-01-16,India,Pune,organic
2943,2023-03-12,India,Delhi,ads
2944,2024-06-17,India,Delhi,organic
2945,2023-04-28,India,Mumbai,organic
2946,2022-01-25,India,Mumbai,ads
2947,2023-10-15,India,Mumbai,ads
2948,2022-04-27,India,Indore,ads
2949,2023-04-27,India,Pune,ads
2950,2023-01-27,India,Delhi,ads
2951,2023-06-21,India,Jammu,ads
2952,2022-03-20,India,Indore,referral
2953,2023-08-03,India,Delhi,ads
2954,2022-06-22,India,Pune,ads
2955,2022-01-12,India,Indore,ads
2956,2024-03-10,India,Delhi,ads
2957,2022-05-08,India,Indore,organic
2958,2023-08-31,India,Delhi,ads
2959,2022-04-02,India,Delhi,organic
2960,2023-10-15,India,Pune,organic
2961,2023-06-27,India,Jammu,ads
2962,2024-04-25,India,Pune,organic
2963,2023-06-16,India,Delhi,organic
2964,2023-10-20,India,Indore,ads
2965,2024-04-07,India,Pune,organic
2966,2023-03-23,India,Jammu,referral
2967,2023-01-25,India,Delhi,organic
2968,2023-11-03,India,Pune,ads
2969,2024-05-10,India,Pune,referral
2970,2022-02-12,India,Pune,ads
2971,2022-09-11,India,Pune,ads
2972,2022-05-10,India,Indore,ads
2973,2022-03-01,India,Jammu,organic
2974,2023-10-25,India,Jammu,referral
2975,2023-04-12,India,Delhi,ads
2976,2022-10-14,India,Mumbai,ads
2977,2023-06-01,India,Indore,organic
2978,2023-04-12,India,Delhi,referral
2979,2024-02-17,India,Delhi,ads
2980,2022-12-11,India,Pune,referral
2981,2023-10-04,India,Mumbai,ads
2982,2023-01-17,India,Mumbai,organic
2983,2024-02-18,India,Indore,organic
2984,2023-11-21,India,Mumbai,ads
2985,2022-09-10,India,Delhi,organic
2986,2022-02-25,India,Mumbai,referral
2987,2023-04-08,India,Mumbai,ads
2988,2023-04-02,India,Jammu,ads
2989,2022-03-24,India,Delhi,ads
2990,2022-04-09,India,Mumbai,ads
2991,2022-05-29,India,Mumbai,organic
2992,2022-11-25,India,Pune,ads
2993,2022-06-05,India,Mumbai,organic
2994,2022-07-09,India,Mumbai,ads
2995,2023-05-09,India,Jammu,referral
2996,2024-06-01,India,Delhi,ads
2997,2022-09-20,India,Indore,ads
2998,2022-03-21,India,Delhi,ads
2999,2023-02-04,India,Pune,referral
3000,2024-02-03,India,Delhi,ads
3001,2023-09-01,India,Mumbai,ads
3002,2022-09-17,India,Pune,referral
3003,2024-02-11,India,Delhi,referral
3004,2023-09-07,India,Pune,referral
3005,2023-07-06,India,Indore,ads
3006,2024-02-24,India,Delhi,ads
3007,2022-04-11,India,Mumbai,organic
3008,2022-12-25,India,Pune,ads
3009,2023-01-15,India,Jammu,ads
3010,2024-03-30,India,Pune,ads
3011,2022-08-09,India,Jammu,referral
3012,2024-03-30,India,Mumbai,ads
3013,2023-02-24,India,Indore,organic
3014,2022-05-04,India,Jammu,ads
3015,2023-02-26,India,Indore,organic
3016,2022-08-19,India,Pune,organic
3017,2023-11-21,India,Mumbai,ads
3018,2022-03-04,India,Jammu,ads
3019,2023-04-30,India,Pune,organic
3020,2023-09-20,India,Delhi,ads
3021,2023-12-04,India,Pune,organic
3022,2023-07-28,India,Indore,organic
3023,2024-02-07,India,Mumbai,organic
3024,2023-04-28,India,Mumbai,ads
3025,2023-06-03,India,Pune,ads
3026,2022-06-04,India,Delhi,organic
3027,2022-04-02,India,Indore,ads
3028,2023-06-10,India,Pune,referral
3029,2023-03-31,India,Pune,referral
3030,2024-01-11,India,Mumbai,ads
3031,2023-08-21,India,Indore,ads
3032,2023-10-07,India,Delhi,ads
3033,2023-05-25,India,Mumbai,referral
3034,2022-07-02,India,Pune,ads
3035,2023-01-21,India,Mumbai,ads
3036,2023-07-28,India,Mumbai,organic
3037,2024-01-01,India,Jammu,ads
3038,2023-02-09,India,Mumbai,ads
3039,2022-09-03,India,Mumbai,ads
3040,2024-01-12,India,Indore,organic
3041,2023-08-14,India,Mumbai,ads
3042,2023-10-23,India,Delhi,organic
3043,2023-10-12,India,Pune,referral
3044,2023-04-16,India,Indore,organic
3045,2024-04-05,India,Mumbai,organic
3046,2024-06-06,India,Delhi,ads
3047,2023-02-27,India,Pune,ads
3048,2022-03-06,India,Indore,ads
3049,2022-01-13,India,Delhi,organic
3050,2022-08-01,India,Mumbai,ads
3051,2022-08-30,India,Jammu,ads
3052,2023-05-08,India,Jammu,ads
3053,2022-08-01,India,Indore,ads
3054,2023-11-24,India,Delhi,organic
3055,2022-12-04,India,Pune,organic
3056,2022-06-22,India,Delhi,ads
3057,2023-11-03,India,Jammu,organic
3058,2022-06-13,India,Indore,ads
3059,2023-04-10,India,Mumbai,organic
3060,2023-05-12,India,Delhi,referral
3061,2023-12-01,India,Jammu,ads
3062,2023-01-30,India,Pune,ads
3063,2023-12-04,India,Indore,organic
3064,2022-11-04,India,Mumbai,referral
3065,2024-02-07,India,Delhi,organic
3066,2022-07-02,India,Pune,referral
3067,2023-09-21,India,Mumbai,organic
3068,2024-03-04,India,Jammu,organic
3069,2023-05-25,India,Jammu,organic
3070,2023-12-09,India,Pune,ads
3071,2023-06-30,India,Jammu,organic
3072,2023-07-18,India,Indore,organic
3073,2023-09-16,India,Pune,organic
3074,2024-02-03,India,Jammu,ads
3075,2023-08-17,India,Delhi,ads
3076,2024-01-14,India,Jammu,organic
3077,2022-08-15,India,Indore,organic
3078,2024-01-15,India,Mumbai,referral
3079,2024-01-03,India,Mumbai,ads
3080,2023-03-12,India,Jammu,ads
3081,2023-02-26,India,Mumbai,ads
3082,2023-07-08,India,Jammu,organic
3083,2022-01-21,India,Indore,ads
3084,2023-07-08,India,Mumbai,referral
3085,2023-02-01,India,Delhi,ads
3086,2023-09-17,India,Jammu,referral
3087,2022-04-15,India,Mumbai,organic
3088,2022-07-11,India,Indore,referral
3089,2022-01-17,India,Indore,ads
3090,2022-04-30,India,Delhi,organic
3091,2023-01-28,India,Indore,ads
3092,2023-03-01,India,Indore,ads
3093,2022-05-09,India,Mumbai,ads
3094,2022-05-10,India,Jammu,organic
3095,2023-07-26,India,Pune,ads
3096,2023-07-14,India,Indore,referral
3097,2022-01-29,India,Indore,ads
3098,2022-04-07,India,Pune,ads
3099,2022-01-10,India,Indore,ads
3100,2022-08-30,India,Mumbai,organic
3101,2024-04-05,India,Mumbai,ads
3102,2022-08-20,India,Pune,referral
3103,2024-02-28,India,Indore,organic
3104,2022-10-11,India,Indore,referral
3105,2023-12-16,India,Jammu,ads
3106,2024-01-29,India,Indore,ads
3107,2024-03-12,India,Mumbai,organic
3108,2024-02-15,India,Delhi,referral
3109,2023-12-27,India,Delhi,ads
3110,2022-07-19,India,Delhi,referral
3111,2022-03-20,India,Delhi,ads
3112,2024-05-04,India,Indore,organic
3113,2024-05-05,India,Indore,ads
3114,2022-06-22,India,Jammu,ads
3115,2023-04-12,India,Indore,ads
3116,2023-08-04,India,Delhi,referral
3117,2023-02-20,India,Pune,referral
3118,2023-03-25,India,Pune,ads
3119,2022-03-28,India,Mumbai,referral
3120,2022-04-11,India,Mumbai,organic
3121,2022-01-08,India,Indore,organic
3122,2024-04-24,India,Pune,ads
3123,2022-07-19,India,Delhi,organic
3124,2023-05-20,India,Delhi,ads
3125,2022-03-28,India,Delhi,ads
3126,2022-02-12,India,Indore,organic
3127,2023-01-20,India,Indore,referral
3128,2023-09-13,India,Jammu,organic
3129,2023-03-11,India,Delhi,referral
3130,2023-02-12,India,Delhi,referral
3131,2023-04-28,India,Indore,ads
3132,2023-10-26,India,Indore,ads
3133,2022-01-17,India,Jammu,organic
3134,2023-10-07,India,Jammu,referral
3135,2022-05-28,India,Mumbai,referral
3136,2022-10-04,India,Pune,organic
3137,2022-08-20,India,Delhi,organic
3138,2024-04-05,India,Delhi,organic
3139,2023-01-01,India,Jammu,ads
3140,2022-08-16,India,Jammu,ads
3141,2023-10-13,India,Mumbai,organic
3142,2023-03-12,India,Pune,referral
3143,2023-02-03,India,Mumbai,referral
3144,2022-07-30,India,Pune,ads
3145,2023-01-26,India,Delhi,organic
3146,2023-05-14,India,Mumbai,referral
3147,2023-06-24,India,Jammu,organic
3148,2023-07-17,India,Mumbai,ads
3149,2023-05-06,India,Mumbai,organic
3150,2023-03-18,India,Delhi,organic
3151,2022-09-18,India,Jammu,organic
3152,2024-02-12,India,Jammu,organic
3153,2022-12-16,India,Indore,referral
3154,2022-12-18,India,Indore,ads
3155,2023-06-04,India,Indore,ads
3156,2022-11-16,India,Delhi,organic
3157,2022-05-18,India,Mumbai,ads
3158,2023-07-04,India,Jammu,referral
3159,2023-09-15,India,Jammu,ads
3160,2023-01-03,India,Mumbai,ads
3161,2022-08-08,India,Jammu,referral
3162,2022-12-03,India,Mumbai,ads
3163,2022-08-11,India,Delhi,referral
3164,2023-10-10,India,Delhi,organic
3165,2024-02-07,India,Delhi,ads
3166,2022-12-26,India,Mumbai,referral
3167,2022-11-25,India,Mumbai,ads
3168,2023-04-08,India,Pune,organic
3169,2023-07-15,India,Jammu,ads
3170,2024-03-14,India,Jammu,ads
3171,2023-01-17,India,Pune,referral
3172,2024-04-15,India,Pune,organic
3173,2023-08-13,India,Delhi,ads
3174,2023-09-09,India,Pune,organic
3175,2022-06-18,India,Mumbai,organic
3176,2022-08-05,India,Indore,referral
3177,2023-01-13,India,Mumbai,ads
3178,2022-04-29,India,Pune,referral
3179,2022-07-09,India,Jammu,organic
3180,2024-02-06,India,Mumbai,organic
3181,2023-01-05,India,Jammu,referral
3182,2024-02-17,India,Mumbai,ads
3183,2022-05-29,India,Jammu,ads
3184,2023-11-07,India,Mumbai,ads
3185,2023-10-14,India,Jammu,ads
3186,2024-05-08,India,Indore,ads
3187,2023-05-03,India,Delhi,organic
3188,2024-02-09,India,Mumbai,ads
3189,2023-01-09,India,Indore,ads
3190,2024-02-20,India,Delhi,ads
3191,2023-11-24,India,Mumbai,ads
3192,2022-06-09,India,Indore,ads
3193,2022-12-17,India,Indore,organic
3194,2022-10-15,India,Indore,ads
3195,2022-10-15,India,Pune,referral
3196,2024-06-10,India,Jammu,ads
3197,2022-08-14,India,Delhi,referral
3198,2023-06-07,India,Jammu,ads
3199,2023-06-06,India,Jammu,organic
3200,2024-02-22,India,Jammu,organic
3201,2022-09-30,India,Indore,referral
3202,2023-02-06,India,Jammu,organic
3203,2022-07-02,India,Pune,referral
3204,2023-10-27,India,Mumbai,organic
3205,2023-05-03,India,Indore,organic
3206,2024-04-06,India,Delhi,referral
3207,2024-04-25,India,Mumbai,organic
3208,2022-05-04,India,Mumbai,organic
3209,2023-09-18,India,Mumbai,ads
3210,2024-02-29,India,Jammu,referral
3211,2023-02-18,India,Jammu,ads
3212,2023-12-26,India,Indore,organic
3213,2022-06-21,India,Jammu,ads
3214,2022-10-15,India,Jammu,ads
3215,2023-03-11,India,Jammu,organic
3216,2023-11-17,India,Indore,organic
3217,2022-04-23,India,Indore,ads
3218,2024-06-06,India,Pune,ads
3219,2022-05-02,India,Pune,ads
3220,2023-06-28,India,Pune,organic
3221,2022-08-10,India,Pune,ads
3222,2023-09-23,India,Mumbai,organic
3223,2022-02-08,India,Mumbai,organic
3224,2023-05-12,India,Pune,referral
3225,2024-02-19,India,Pune,ads
3226,2022-08-21,India,Delhi,ads
3227,2023-06-14,India,Mumbai,organic
3228,2022-05-29,India,Delhi,organic
3229,2023-02-01,India,Delhi,ads
3230,2023-10-23,India,Jammu,referral
3231,2023-09-30,India,Indore,ads
3232,2022-10-29,India,Mumbai,ads
3233,2022-12-26,India,Pune,ads
3234,2022-08-26,India,Pune,referral
3235,2023-10-09,India,Indore,ads
3236,2023-10-25,India,Mumbai,ads
3237,2022-08-24,India,Pune,ads
3238,2024-01-06,India,Pune,organic
3239,2022-07-22,India,Jammu,referral
3240,2022-09-13,India,Delhi,ads
3241,2023-08-21,India,Pune,ads
3242,2023-10-24,India,Mumbai,ads
3243,2022-08-23,India,Indore,organic
3244,2022-12-11,India,Jammu,ads
3245,2023-06-18,India,Mumbai,referral
3246,2024-05-09,India,Jammu,ads
3247,2024-03-07,India,Delhi,ads
3248,2024-02-20,India,Pune,ads
3249,2023-04-11,India,Mumbai,referral
3250,2024-02-09,India,Indore,organic
3251,2023-06-25,India,Delhi,referral
3252,2022-08-01,India,Delhi,ads
3253,2023-04-08,India,Jammu,ads
3254,2023-03-12,India,Delhi,organic
3255,2022-10-10,India,Mumbai,organic
3256,2023-07-16,India,Jammu,organic
3257,2023-08-30,India,Delhi,ads
3258,2023-04-08,India,Indore,ads
3259,2023-02-11,India,Mumbai,ads
3260,2022-03-29,India,Indore,organic
3261,2022-02-13,India,Indore,organic
3262,2023-04-06,India,Jammu,referral
3263,2022-10-05,India,Pune,ads
3264,2023-11-14,India,Jammu,referral
3265,2023-02-25,India,Mumbai,ads
3266,2023-12-02,India,Mumbai,ads
3267,2022-12-19,India,Jammu,referral
3268,2023-11-27,India,Pune,organic
3269,2023-05-30,India,Jammu,organic
3270,2023-12-04,India,Mumbai,organic
3271,2023-09-22,India,Pune,ads
3272,2022-01-19,India,Mumbai,organic
3273,2022-01-23,India,Pune,referral
3274,2023-02-17,India,Pune,ads
3275,2022-01-30,India,Jammu,organic
3276,2024-03-17,India,Jammu,organic
3277,2022-04-18,India,Jammu,ads
3278,2023-01-02,India,Pune,ads
3279,2022-10-08,India,Pune,ads
3280,2022-05-08,India,Mumbai,organic
3281,2022-08-17,India,Indore,referral
3282,2022-04-21,India,Jammu,organic
3283,2022-05-16,India,Mumbai,ads
3284,2022-12-28,India,Mumbai,organic
3285,2022-07-05,India,Delhi,referral
3286,2023-10-18,India,Jammu,ads
3287,2023-08-07,India,Mumbai,referral
3288,2022-05-09,India,Delhi,organic
3289,2024-05-25,India,Jammu,ads
3290,2022-09-18,India,Pune,ads
3291,2023-05-30,India,Delhi,organic
3292,2023-03-25,India,Pune,organic
3293,2024-06-18,India,Indore,referral
3294,2022-04-14,India,Indore,organic
3295,2023-04-28,India,Indore,ads
3296,2022-08-12,India,Indore,ads
3297,2024-04-11,India,Mumbai,organic
3298,2024-05-23,India,Indore,ads
3299,2024-05-15,India,Mumbai,organic
3300,2023-05-06,India,Mumbai,ads
3301,2023-04-18,India,Jammu,ads
3302,2022-01-10,India,Mumbai,ads
3303,2023-02-09,India,Mumbai,ads
3304,2024-06-14,India,Indore,organic
3305,2022-10-29,India,Mumbai,ads
3306,2022-08-19,India,Pune,referral
3307,2024-01-01,India,Indore,organic
3308,2022-03-07,India,Delhi,ads
3309,2022-04-22,India,Indore,ads
3310,2022-01-13,India,Mumbai,organic
3311,2023-01-28,India,Pune,ads
3312,2023-05-15,India,Indore,referral
3313,2023-08-21,India,Pune,organic
3314,2022-08-22,India,Delhi,ads
3315,2023-08-25,India,Delhi,organic
3316,2022-11-10,India,Jammu,ads
3317,2023-07-20,India,Jammu,ads
3318,2022-01-12,India,Indore,referral
3319,2022-07-28,India,Jammu,ads
3320,2022-01-14,India,Pune,organic
3321,2023-09-25,India,Jammu,referral
3322,2023-02-22,India,Pune,ads
3323,2023-03-13,India,Jammu,ads
3324,2023-01-12,India,Jammu,ads
3325,2022-01-20,India,Jammu,ads
3326,2023-08-10,India,Mumbai,ads
3327,2024-01-25,India,Mumbai,referral
3328,2024-01-05,India,Jammu,referral
3329,2022-03-11,India,Pune,organic
3330,2024-04-03,India,Indore,ads
3331,2022-07-30,India,Delhi,referral
3332,2022-04-11,India,Mumbai,organic
3333,2023-11-29,India,Jammu,ads
3334,2022-05-12,India,Delhi,ads
3335,2023-09-15,India,Mumbai,ads
3336,2023-01-16,India,Indore,referral
3337,2022-05-12,India,Pune,organic
3338,2022-01-20,India,Jammu,organic
3339,2023-06-20,India,Indore,organic
3340,2022-08-15,India,Mumbai,organic
3341,2022-06-03,India,Jammu,ads
3342,2024-03-15,India,Delhi,organic
3343,2024-01-12,India,Pune,referral
3344,2023-04-14,India,Mumbai,ads
3345,2024-04-01,India,Pune,referral
3346,2024-05-20,India,Jammu,ads
3347,2023-02-09,India,Indore,ads
3348,2022-07-21,India,Pune,organic
3349,2022-02-07,India,Delhi,referral
3350,2024-02-11,India,Mumbai,ads
3351,2022-07-07,India,Delhi,organic
3352,2022-02-26,India,Pune,ads
3353,2022-01-20,India,Indore,organic
3354,2022-09-30,India,Indore,ads
3355,2022-04-29,India,Delhi,ads
3356,2023-08-06,India,Jammu,ads
3357,2023-05-31,India,Jammu,ads
3358,2022-08-09,India,Indore,ads
3359,2023-06-10,India,Delhi,organic
3360,2023-05-30,India,Delhi,ads
3361,2023-12-29,India,Delhi,ads
3362,2024-01-11,India,Pune,ads
3363,2022-12-02,India,Jammu,ads
3364,2023-11-29,India,Jammu,ads
3365,2022-02-24,India,Pune,ads
3366,2023-05-15,India,Mumbai,ads
3367,2024-06-18,India,Pune,ads
3368,2024-06-06,India,Delhi,organic
3369,2024-02-05,India,Pune,organic
3370,2023-06-20,India,Delhi,ads
3371,2022-06-11,India,Indore,ads
3372,2023-11-01,India,Delhi,ads
3373,2023-08-17,India,Jammu,ads
3374,2022-06-08,India,Pune,ads
3375,2022-07-07,India,Delhi,organic
3376,2022-03-01,India,Mumbai,ads
3377,2024-03-27,India,Indore,referral
3378,2022-11-15,India,Mumbai,ads
3379,2024-05-27,India,Mumbai,organic
3380,2022-07-30,India,Mumbai,organic
3381,2023-02-10,India,Indore,ads
3382,2023-10-26,India,Indore,ads
3383,2022-04-19,India,Indore,organic
3384,2022-03-17,India,Indore,referral
3385,2023-06-26,India,Mumbai,ads
3386,2022-11-10,India,Jammu,ads
3387,2022-04-27,India,Jammu,ads
3388,2024-05-17,India,Indore,ads
3389,2023-12-05,India,Pune,referral
3390,2022-01-19,India,Delhi,organic
3391,2023-03-08,India,Pune,ads
3392,2023-11-16,India,Pune,ads
3393,2024-01-10,India,Pune,ads
3394,2022-12-16,India,Jammu,referral
3395,2022-07-02,India,Delhi,referral
3396,2022-04-23,India,Pune,ads
3397,2022-07-02,India,Indore,ads
3398,2023-04-26,India,Jammu,referral
3399,2022-05-26,India,Indore,ads
3400,2024-04-10,India,Indore,ads
3401,2023-09-20,India,Pune,ads
3402,2022-04-23,India,Indore,ads
3403,2024-02-02,India,Delhi,ads
3404,2023-04-21,India,Indore,referral
3405,2024-02-02,India,Pune,organic
3406,2022-10-30,India,Indore,ads
3407,2024-04-04,India,Jammu,ads
3408,2022-04-28,India,Jammu,organic
3409,2024-03-23,India,Jammu,ads
3410,2022-06-10,India,Mumbai,ads
3411,2023-02-05,India,Jammu,ads
3412,2022-07-17,India,Jammu,organic
3413,2022-09-17,India,Mumbai,ads
3414,2023-10-22,India,Jammu,ads
3415,2024-01-22,India,Pune,ads
3416,2022-02-16,India,Jammu,ads
3417,2023-02-03,India,Jammu,referral
3418,2023-12-11,India,Mumbai,organic
3419,2023-07-13,India,Pune,ads
3420,2022-03-19,India,Indore,ads
3421,2022-05-04,India,Delhi,organic
3422,2022-03-16,India,Pune,ads
3423,2024-05-20,India,Indore,organic
3424,2022-05-17,India,Pune,organic
3425,2023-08-25,India,Indore,ads
3426,2023-02-04,India,Indore,referral
3427,2024-04-16,India,Pune,ads
3428,2023-05-20,India,Mumbai,ads
3429,2023-05-15,India,Pune,organic
3430,2023-07-27,India,Pune,referral
3431,2022-05-18,India,Indore,organic
3432,2022-02-19,India,Delhi,organic
3433,2024-02-10,India,Indore,ads
3434,2023-09-11,India,Jammu,ads
3435,2023-09-17,India,Pune,ads
3436,2024-05-11,India,Pune,organic
3437,2022-09-11,India,Mumbai,ads
3438,2023-09-22,India,Indore,ads
3439,2023-12-11,India,Mumbai,referral
3440,2024-04-28,India,Pune,ads
3441,2024-05-26,India,Indore,ads
3442,2023-07-17,India,Indore,ads
3443,2024-01-27,India,Jammu,ads
3444,2023-03-02,India,Jammu,ads
3445,2023-07-01,India,Delhi,ads
3446,2022-10-29,India,Jammu,ads
3447,2023-08-04,India,Indore,ads
3448,2022-12-15,India,Jammu,ads
3449,2024-04-11,India,Delhi,ads
3450,2022-02-18,India,Pune,ads
3451,2022-03-15,India,Jammu,ads
3452,2023-12-05,India,Indore,ads
3453,2022-09-18,India,Pune,referral
3454,2022-12-22,India,Indore,referral
3455,2023-08-05,India,Pune,ads
3456,2023-08-25,India,Indore,ads
3457,2022-09-17,India,Jammu,organic
3458,2023-09-30,India,Jammu,organic
3459,2024-01-13,India,Delhi,referral
3460,2022-10-22,India,Pune,ads
3461,2023-10-03,India,Delhi,organic
3462,2024-03-02,India,Mumbai,referral
3463,2022-11-09,India,Jammu,ads
3464,2023-09-04,India,Pune,ads
3465,2024-04-17,India,Delhi,ads
3466,2024-03-19,India,Delhi,ads
3467,2022-07-01,India,Mumbai,ads
3468,2023-11-17,India,Delhi,organic
3469,2024-04-07,India,Indore,ads
3470,2022-12-30,India,Jammu,ads
3471,2022-07-07,India,Delhi,referral
3472,2023-07-23,India,Delhi,ads
3473,2023-06-27,India,Mumbai,ads
3474,2023-08-19,India,Indore,ads
3475,2023-10-26,India,Delhi,ads
3476,2023-07-02,India,Jammu,ads
3477,2023-12-26,India,Jammu,referral
3478,2023-02-12,India,Delhi,ads
3479,2024-05-25,India,Indore,organic
3480,2023-09-10,India,Jammu,ads
3481,2023-02-18,India,Jammu,referral
3482,2022-12-08,India,Indore,organic
3483,2022-08-08,India,Indore,referral
3484,2022-06-12,India,Delhi,ads
3485,2022-08-08,India,Pune,referral
3486,2022-09-27,India,Mumbai,referral
3487,2023-09-24,India,Pune,organic
3488,2024-04-27,India,Pune,ads
3489,2023-02-04,India,Jammu,ads
3490,2022-07-01,India,Indore,ads
3491,2023-09-10,India,Jammu,ads
3492,2023-12-30,India,Mumbai,organic
3493,2022-07-24,India,Delhi,organic
3494,2023-08-05,India,Mumbai,organic
3495,2023-07-10,India,Jammu,ads
3496,2024-04-20,India,Jammu,ads
3497,2024-03-23,India,Jammu,ads
3498,2022-08-16,India,Jammu,ads
3499,2023-11-27,India,Pune,organic
3500,2023-09-11,India,Delhi,ads
3501,2023-08-19,India,Pune,organic
3502,2024-04-29,India,Jammu,ads
3503,2022-09-07,India,Indore,referral
3504,2024-05-24,India,Pune,ads
3505,2023-03-17,India,Jammu,ads
3506,2023-06-17,India,Jammu,ads
3507,2022-07-15,India,Delhi,ads
3508,2023-11-21,India,Mumbai,organic
3509,2023-06-03,India,Pune,organic
3510,2022-03-11,India,Pune,ads
3511,2023-10-01,India,Pune,ads
3512,2023-02-03,India,Jammu,organic
3513,2023-11-03,India,Delhi,ads
3514,2024-01-30,India,Jammu,ads
3515,2022-07-22,India,Jammu,referral
3516,2022-05-28,India,Indore,ads
3517,2023-04-17,India,Delhi,organic
3518,2023-10-17,India,Pune,organic
3519,2022-07-18,India,Mumbai,referral
3520,2023-03-02,India,Pune,organic
3521,2023-10-28,India,Jammu,ads
3522,2023-05-07,India,Delhi,ads
3523,2024-06-06,India,Delhi,referral
3524,2024-06-14,India,Delhi,ads
3525,2022-05-22,India,Indore,organic
3526,2022-11-09,India,Pune,referral
3527,2022-06-14,India,Indore,organic
3528,2022-11-10,India,Mumbai,ads
3529,2022-01-21,India,Jammu,ads
3530,2022-03-23,India,Indore,ads
3531,2023-08-04,India,Indore,ads
3532,2022-05-11,India,Jammu,referral
3533,2023-08-22,India,Delhi,organic
3534,2023-12-31,India,Jammu,organic
3535,2022-11-01,India,Pune,ads
3536,2023-01-06,India,Jammu,ads
3537,2024-05-06,India,Delhi,ads
3538,2024-05-02,India,Jammu,ads
3539,2023-01-19,India,Indore,ads
3540,2023-03-21,India,Mumbai,ads
3541,2023-03-01,India,Indore,ads
3542,2022-06-10,India,Mumbai,ads
3543,2022-06-27,India,Jammu,referral
3544,2023-09-21,India,Pune,ads
3545,2023-12-09,India,Jammu,organic
3546,2024-06-13,India,Delhi,ads
3547,2023-05-05,India,Jammu,ads
3548,2022-11-23,India,Mumbai,ads
3549,2023-08-21,India,Indore,organic
3550,2022-10-16,India,Pune,ads
3551,2023-08-16,India,Jammu,ads
3552,2023-10-26,India,Jammu,referral
3553,2023-07-27,India,Indore,ads
3554,2023-07-27,India,Pune,ads
3555,2022-12-20,India,Jammu,ads
3556,2022-01-28,India,Jammu,ads
3557,2022-02-12,India,Mumbai,organic
3558,2023-11-12,India,Mumbai,organic
3559,2023-02-27,India,Delhi,ads
3560,2023-08-21,India,Indore,ads
3561,2022-06-26,India,Pune,organic
3562,2023-06-13,India,Jammu,ads
3563,2023-09-02,India,Jammu,referral
3564,2023-05-09,India,Delhi,ads
3565,2022-07-17,India,Jammu,organic
3566,2023-09-02,India,Indore,referral
3567,2023-07-31,India,Delhi,organic
3568,2024-04-21,India,Indore,ads
3569,2024-05-02,India,Delhi,organic
3570,2023-06-01,India,Jammu,organic
3571,2023-05-29,India,Delhi,organic
3572,2022-01-22,India,Mumbai,ads
3573,2022-04-22,India,Pune,organic
3574,2022-02-26,India,Jammu,ads
3575,2022-03-07,India,Pune,ads
3576,2024-04-21,India,Jammu,organic
3577,2022-04-08,India,Pune,ads
3578,2022-05-24,India,Mumbai,organic
3579,2024-05-29,India,Pune,referral
3580,2023-03-11,India,Delhi,referral
3581,2023-09-29,India,Pune,organic
3582,2023-11-10,India,Jammu,ads
3583,2022-03-27,India,Indore,ads
3584,2023-08-11,India,Pune,ads
3585,2022-12-10,India,Pune,ads
3586,2022-10-21,India,Pune,ads
3587,2023-07-25,India,Jammu,organic
3588,2023-10-12,India,Pune,ads
3589,2023-09-03,India,Jammu,ads
3590,2023-12-05,India,Jammu,organic
3591,2022-08-31,India,Indore,ads
3592,2024-04-10,India,Delhi,ads
3593,2023-07-15,India,Jammu,ads
3594,2022-02-01,India,Mumbai,organic
3595,2023-01-26,India,Pune,organic
3596,2022-10-04,India,Mumbai,organic
3597,2023-06-16,India,Pune,ads
3598,2022-06-03,India,Indore,organic
3599,2023-01-18,India,Jammu,organic
3600,2022-03-09,India,Delhi,ads
3601,2024-05-27,India,Jammu,ads
3602,2024-06-02,India,Pune,organic
3603,2022-08-02,India,Delhi,ads
3604,2023-10-17,India,Jammu,organic
3605,2023-01-11,India,Delhi,ads
3606,2024-01-14,India,Pune,organic
3607,2022-08-01,India,Indore,ads
3608,2022-03-20,India,Indore,ads
3609,2023-12-27,India,Jammu,ads
3610,2023-09-20,India,Mumbai,referral
3611,2023-08-27,India,Pune,referral
3612,2024-02-21,India,Jammu,organic
3613,2023-01-16,India,Jammu,organic
3614,2023-11-11,India,Indore,ads
3615,2022-02-27,India,Delhi,organic
3616,2024-03-06,India,Pune,ads
3617,2022-01-26,India,Delhi,ads
3618,2024-05-30,India,Pune,ads
3619,2023-03-23,India,Mumbai,ads
3620,2022-03-07,India,Indore,ads
3621,2024-01-30,India,Mumbai,ads
3622,2022-09-11,India,Jammu,ads
3623,2024-06-17,India,Indore,organic
3624,2022-02-13,India,Jammu,ads
3625,2022-04-07,India,Mumbai,ads
3626,2023-07-08,India,Pune,referral
3627,2022-08-15,India,Jammu,ads
3628,2024-02-13,India,Delhi,referral
3629,2023-11-10,India,Pune,organic
3630,2023-03-12,India,Pune,ads
3631,2024-03-01,India,Mumbai,ads
3632,2023-08-24,India,Mumbai,ads
3633,2023-01-14,India,Indore,ads
3634,2022-06-27,India,Indore,ads
3635,2023-03-03,India,Delhi,ads
3636,2023-12-10,India,Pune,ads
3637,2022-11-03,India,Delhi,organic
3638,2024-02-18,India,Delhi,ads
3639,2023-05-19,India,Mumbai,organic
3640,2022-09-25,India,Delhi,ads
3641,2023-08-09,India,Delhi,organic
3642,2022-01-08,India,Jammu,ads
3643,2023-05-23,India,Indore,organic
3644,2023-04-21,India,Indore,ads
3645,2022-10-24,India,Pune,organic
3646,2022-06-13,India,Indore,ads
3647,2023-04-30,India,Pune,ads
3648,2023-08-20,India,Jammu,ads
3649,2022-03-13,India,Indore,ads
3650,2023-07-21,India,Jammu,ads
3651,2023-07-13,India,Indore,ads
3652,2022-08-26,India,Indore,ads
3653,2022-04-14,India,Jammu,ads
3654,2022-07-29,India,Delhi,organic
3655,2023-07-08,India,Delhi,referral
3656,2024-04-07,India,Delhi,ads
3657,2023-04-13,India,Delhi,organic
3658,2023-03-30,India,Indore,organic
3659,2022-09-25,India,Mumbai,ads
3660,2023-01-21,India,Jammu,ads
3661,2024-02-14,India,Mumbai,ads
3662,2024-04-27,India,Mumbai,referral
3663,2023-01-22,India,Pune,ads
3664,2024-05-26,India,Delhi,organic
3665,2022-09-16,India,Indore,organic
3666,2022-10-10,India,Delhi,ads
3667,2023-09-18,India,Delhi,ads
3668,2024-05-24,India,Mumbai,organic
3669,2022-02-09,India,Pune,ads
3670,2023-05-01,India,Delhi,ads
3671,2022-08-08,India,Jammu,ads
3672,2022-05-09,India,Jammu,referral
3673,2023-06-04,India,Delhi,ads
3674,2023-09-05,India,Mumbai,organic
3675,2024-06-10,India,Mumbai,ads
3676,2023-11-19,India,Indore,ads
3677,2023-09-11,India,Pune,referral
3678,2023-09-05,India,Mumbai,organic
3679,2022-09-17,India,Indore,ads
3680,2023-01-01,India,Jammu,organic
3681,2024-01-28,India,Jammu,ads
3682,2024-02-26,India,Jammu,organic
3683,2023-06-28,India,Delhi,ads
3684,2023-10-11,India,Pune,organic
3685,2023-06-08,India,Indore,organic
3686,2024-03-24,India,Pune,ads
3687,2024-06-05,India,Delhi,referral
3688,2022-01-16,India,Indore,referral
3689,2022-05-09,India,Indore,ads
3690,2023-07-29,India,Mumbai,referral
3691,2022-04-19,India,Pune,organic
3692,2024-06-05,India,Pune,organic
3693,2023-06-17,India,Mumbai,referral
3694,2023-11-01,India,Jammu,ads
3695,2022-09-26,India,Delhi,organic
3696,2022-06-11,India,Pune,referral
3697,2022-09-17,India,Mumbai,ads
3698,2022-04-12,India,Indore,ads
3699,2023-05-21,India,Mumbai,ads
3700,2024-01-05,India,Jammu,organic
3701,2023-07-25,India,Delhi,organic
3702,2022-09-04,India,Jammu,ads
3703,2023-10-02,India,Indore,ads
3704,2024-03-05,India,Indore,ads
3705,2024-04-16,India,Indore,ads
3706,2023-06-21,India,Indore,organic
3707,2022-05-11,India,Mumbai,ads
3708,2022-12-19,India,Indore,organic
3709,2022-07-15,India,Indore,organic
3710,2024-03-03,India,Mumbai,referral
3711,2023-10-28,India,Indore,ads
3712,2023-01-17,India,Jammu,referral
3713,2023-10-07,India,Jammu,ads
3714,2022-08-15,India,Pune,organic
3715,2023-12-02,India,Jammu,organic
3716,2023-04-21,India,Delhi,ads
3717,2023-04-22,India,Delhi,ads
3718,2022-09-22,India,Delhi,ads
3719,2023-01-07,India,Mumbai,organic
3720,2023-05-01,India,Jammu,ads
3721,2023-03-10,India,Delhi,referral
3722,2023-10-08,India,Pune,ads
3723,2022-07-30,India,Mumbai,referral
3724,2023-07-26,India,Pune,ads
3725,2023-01-12,India,Jammu,ads
3726,2023-01-30,India,Indore,ads
3727,2023-03-26,India,Pune,referral
3728,2022-12-30,India,Indore,organic
3729,2024-05-25,India,Mumbai,ads
3730,2023-04-02,India,Pune,ads
3731,2023-12-26,India,Pune,ads
3732,2023-12-29,India,Mumbai,organic
3733,2022-08-14,India,Mumbai,ads
3734,2022-05-11,India,Delhi,organic
3735,2023-08-11,India,Jammu,organic
3736,2023-04-21,India,Pune,referral
3737,2024-03-08,India,Pune,organic
3738,2022-10-04,India,Mumbai,ads
3739,2022-06-05,India,Mumbai,referral
3740,2024-01-30,India,Jammu,ads
3741,2022-08-06,India,Mumbai,ads
3742,2022-07-09,India,Indore,referral
3743,2023-02-21,India,Indore,ads
3744,2023-11-06,India,Indore,ads
3745,2023-11-23,India,Indore,ads
3746,2023-06-30,India,Jammu,ads
3747,2022-02-10,India,Pune,ads
3748,2022-11-03,India,Indore,ads
3749,2022-12-04,India,Mumbai,ads
3750,2022-11-10,India,Indore,referral
3751,2022-03-16,India,Jammu,organic
3752,2022-10-06,India,Mumbai,organic
3753,2022-06-25,India,Indore,organic
3754,2024-06-14,India,Pune,referral
3755,2023-10-24,India,Mumbai,referral
3756,2022-09-30,India,Mumbai,referral
3757,2024-04-16,India,Pune,referral
3758,2023-09-12,India,Mumbai,ads
3759,2023-10-13,India,Indore,organic
3760,2024-05-11,India,Mumbai,organic
3761,2024-02-22,India,Indore,organic
3762,2024-05-08,India,Pune,ads
3763,2022-10-16,India,Delhi,ads
3764,2023-12-25,India,Pune,ads
3765,2024-06-11,India,Indore,referral
3766,2022-09-29,India,Jammu,organic
3767,2022-03-07,India,Pune,ads
3768,2023-04-28,India,Jammu,ads
3769,2022-09-05,India,Jammu,organic
3770,2022-06-05,India,Indore,ads
3771,2022-02-16,India,Indore,ads
3772,2023-03-30,India,Delhi,ads
3773,2022-07-20,India,Mumbai,ads
3774,2023-10-22,India,Pune,ads
3775,2022-05-04,India,Indore,organic
3776,2022-01-01,India,Pune,ads
3777,2024-01-29,India,Jammu,ads
3778,2024-05-04,India,Mumbai,organic
3779,2023-10-02,India,Delhi,organic
3780,2022-07-10,India,Pune,ads
3781,2023-08-02,India,Mumbai,organic
3782,2023-05-31,India,Delhi,referral
3783,2023-03-18,India,Pune,referral
3784,2024-03-25,India,Mumbai,organic
3785,2024-03-16,India,Indore,organic
3786,2022-05-23,India,Pune,ads
3787,2022-07-10,India,Mumbai,organic
3788,2023-06-17,India,Delhi,organic
3789,2022-08-15,India,Mumbai,ads
3790,2022-11-09,India,Indore,ads
3791,2023-09-21,India,Pune,organic
3792,2022-10-29,India,Pune,referral
3793,2023-10-16,India,Pune,ads
3794,2023-04-05,India,Indore,ads
3795,2023-02-05,India,Delhi,organic
3796,2023-07-05,India,Pune,ads
3797,2023-01-28,India,Delhi,organic
3798,2024-05-16,India,Mumbai,ads
3799,2024-02-03,India,Delhi,ads
3800,2024-04-24,India,Delhi,organic
3801,2022-07-26,India,Pune,ads
3802,2022-07-29,India,Jammu,ads
3803,2022-04-25,India,Jammu,ads
3804,2024-01-07,India,Indore,ads
3805,2023-10-08,India,Indore,organic
3806,2022-09-08,India,Jammu,organic
3807,2022-08-07,India,Mumbai,ads
3808,2023-02-11,India,Pune,ads
3809,2023-03-19,India,Pune,ads
3810,2023-08-26,India,Mumbai,organic
3811,2022-12-20,India,Mumbai,ads
3812,2024-06-06,India,Jammu,referral
3813,2023-07-12,India,Indore,organic
3814,2023-07-04,India,Mumbai,organic
3815,2022-05-22,India,Indore,organic
3816,2023-09-04,India,Delhi,referral
3817,2023-05-16,India,Pune,referral
3818,2024-04-19,India,Jammu,organic
3819,2023-12-03,India,Pune,ads
3820,2023-07-01,India,Jammu,referral
3821,2023-10-21,India,Delhi,ads
3822,2023-06-26,India,Pune,referral
3823,2024-04-25,India,Delhi,organic
3824,2023-05-22,India,Jammu,referral
3825,2023-08-19,India,Mumbai,referral
3826,2024-05-30,India,Pune,ads
3827,2022-10-08,India,Delhi,organic
3828,2023-02-28,India,Pune,ads
3829,2024-05-05,India,Pune,ads
3830,2022-09-27,India,Pune,ads
3831,2022-06-03,India,Indore,ads
3832,2023-09-06,India,Delhi,organic
3833,2023-12-28,India,Delhi,referral
3834,2023-10-24,India,Pune,organic
3835,2022-03-24,India,Mumbai,ads
3836,2023-09-14,India,Pune,referral
3837,2024-06-17,India,Indore,referral
3838,2023-03-02,India,Jammu,organic
3839,2022-10-02,India,Indore,organic
3840,2023-12-14,India,Mumbai,referral
3841,2022-10-11,India,Pune,ads
3842,2022-06-22,India,Delhi,referral
3843,2022-11-23,India,Pune,referral
3844,2023-12-19,India,Mumbai,referral
3845,2022-03-04,India,Delhi,ads
3846,2022-03-14,India,Indore,referral
3847,2024-02-02,India,Jammu,ads
3848,2023-09-28,India,Jammu,organic
3849,2023-01-10,India,Pune,referral
3850,2023-09-25,India,Indore,ads
3851,2023-05-23,India,Mumbai,ads
3852,2024-02-26,India,Jammu,referral
3853,2023-02-02,India,Indore,referral
3854,2022-04-30,India,Pune,referral
3855,2023-03-13,India,Delhi,ads
3856,2024-04-08,India,Pune,organic
3857,2023-11-07,India,Pune,ads
3858,2023-04-10,India,Indore,organic
3859,2022-10-13,India,Jammu,ads
3860,2022-09-22,India,Indore,organic
3861,2022-11-16,India,Delhi,ads
3862,2023-11-04,India,Indore,referral
3863,2023-01-11,India,Mumbai,organic
3864,2024-03-30,India,Pune,organic
3865,2022-03-30,India,Jammu,ads
3866,2023-10-16,India,Delhi,organic
3867,2022-07-22,India,Pune,ads
3868,2024-03-31,India,Indore,ads
3869,2024-01-09,India,Mumbai,organic
3870,2022-11-30,India,Indore,referral
3871,2022-08-10,India,Pune,ads
3872,2022-02-10,India,Delhi,ads
3873,2023-12-09,India,Jammu,organic
3874,2022-03-09,India,Pune,referral
3875,2024-02-15,India,Delhi,ads
3876,2023-05-29,India,Pune,referral
3877,2024-05-22,India,Mumbai,referral
3878,2023-09-29,India,Indore,ads
3879,2023-09-14,India,Jammu,ads
3880,2023-08-21,India,Delhi,organic
3881,2023-09-24,India,Jammu,referral
3882,2022-05-07,India,Jammu,organic
3883,2022-09-12,India,Jammu,ads
3884,2023-11-26,India,Delhi,ads
3885,2022-01-16,India,Delhi,ads
3886,2023-04-22,India,Jammu,organic
3887,2022-03-03,India,Indore,ads
3888,2024-05-30,India,Pune,organic
3889,2023-03-08,India,Jammu,ads
3890,2023-11-01,India,Mumbai,ads
3891,2022-09-25,India,Jammu,ads
3892,2022-02-04,India,Delhi,ads
3893,2024-02-18,India,Pune,referral
3894,2023-07-30,India,Mumbai,ads
3895,2023-05-09,India,Pune,organic
3896,2023-07-16,India,Pune,ads
3897,2023-04-14,India,Mumbai,ads
3898,2024-02-06,India,Jammu,ads
3899,2023-10-23,India,Jammu,ads
3900,2022-11-21,India,Jammu,ads
3901,2022-10-31,India,Indore,referral
3902,2022-10-03,India,Jammu,ads
3903,2024-05-18,India,Mumbai,ads
3904,2023-11-15,India,Indore,referral
3905,2022-07-20,India,Jammu,ads
3906,2023-03-21,India,Indore,organic
3907,2022-11-20,India,Mumbai,ads
3908,2022-02-04,India,Jammu,ads
3909,2023-04-27,India,Delhi,organic
3910,2023-12-29,India,Mumbai,referral
3911,2023-04-25,India,Pune,ads
3912,2022-03-06,India,Pune,ads
3913,2022-01-08,India,Mumbai,ads
3914,2022-10-28,India,Pune,ads
3915,2022-12-09,India,Mumbai,referral
3916,2023-03-07,India,Delhi,ads
3917,2023-02-28,India,Mumbai,referral
3918,2022-11-28,India,Jammu,ads
3919,2023-03-14,India,Jammu,referral
3920,2023-08-11,India,Indore,organic
3921,2022-06-23,India,Pune,referral
3922,2023-07-13,India,Pune,ads
3923,2023-06-11,India,Mumbai,organic
3924,2024-05-22,India,Pune,organic
3925,2023-10-21,India,Jammu,organic
3926,2022-01-26,India,Delhi,referral
3927,2024-03-30,India,Mumbai,organic
3928,2023-08-28,India,Pune,referral
3929,2023-02-10,India,Jammu,ads
3930,2022-08-20,India,Indore,organic
3931,2023-06-17,India,Pune,referral
3932,2024-03-29,India,Delhi,ads
3933,2023-07-04,India,Delhi,ads
3934,2024-02-27,India,Pune,referral
3935,2023-05-20,India,Pune,ads
3936,2023-10-31,India,Jammu,ads
3937,2022-06-28,India,Pune,ads
3938,2022-05-12,India,Indore,referral
3939,2024-04-02,India,Jammu,referral
3940,2023-03-31,India,Mumbai,referral
3941,2022-12-14,India,Indore,organic
3942,2023-06-24,India,Jammu,organic
3943,2024-02-11,India,Jammu,ads
3944,2023-02-10,India,Delhi,ads
3945,2022-03-17,India,Jammu,ads
3946,2023-08-02,India,Indore,ads
3947,2024-05-03,India,Pune,referral
3948,2023-05-07,India,Indore,referral
3949,2022-07-13,India,Mumbai,organic
3950,2022-06-11,India,Jammu,referral
3951,2022-12-13,India,Jammu,referral
3952,2022-12-27,India,Jammu,organic
3953,2024-02-08,India,Jammu,ads
3954,2023-08-07,India,Delhi,ads
3955,2022-03-28,India,Delhi,organic
3956,2022-09-19,India,Pune,ads
3957,2022-08-02,India,Jammu,ads
3958,2023-10-27,India,Mumbai,referral
3959,2023-12-23,India,Pune,ads
3960,2023-07-27,India,Jammu,ads
3961,2024-02-19,India,Delhi,organic
3962,2022-09-19,India,Mumbai,organic
3963,2023-12-31,India,Pune,ads
3964,2022-10-10,India,Mumbai,ads
3965,2023-10-10,India,Jammu,referral
3966,2023-04-12,India,Indore,ads
3967,2023-01-15,India,Mumbai,referral
3968,2022-12-28,India,Mumbai,ads
3969,2023-03-25,India,Delhi,ads
3970,2023-03-17,India,Jammu,ads
3971,2022-04-03,India,Mumbai,organic
3972,2023-09-13,India,Jammu,referral
3973,2024-01-23,India,Delhi,ads
3974,2024-05-16,India,Jammu,ads
3975,2023-02-28,India,Delhi,ads
3976,2022-05-22,India,Delhi,organic
3977,2022-10-18,India,Pune,ads
3978,2023-03-08,India,Jammu,ads
3979,2024-01-19,India,Indore,ads
3980,2024-05-01,India,Pune,organic
3981,2024-04-03,India,Delhi,referral
3982,2023-11-20,India,Indore,organic
3983,2023-10-15,India,Mumbai,ads
3984,2023-12-02,India,Mumbai,ads
3985,2022-02-18,India,Pune,ads
3986,2022-10-29,India,Indore,ads
3987,2024-05-30,India,Jammu,organic
3988,2022-07-09,India,Indore,ads
3989,2022-05-16,India,Pune,ads
3990,2023-07-09,India,Jammu,organic
3991,2023-02-08,India,Jammu,organic
3992,2024-06-10,India,Mumbai,organic
3993,2024-05-14,India,Indore,referral
3994,2023-08-25,India,Jammu,organic
3995,2024-03-17,India,Pune,organic
3996,2022-12-07,India,Mumbai,organic
3997,2024-01-27,India,Jammu,ads
3998,2023-12-05,India,Indore,ads
3999,2022-11-14,India,Mumbai,referral
4000,2023-09-10,India,Indore,referral
4001,2022-12-29,India,Indore,organic
4002,2024-04-01,India,Indore,organic
4003,2023-01-17,India,Mumbai,ads
4004,2022-08-21,India,Jammu,organic
4005,2024-02-16,India,Delhi,referral
4006,2022-12-10,India,Jammu,referral
4007,2023-07-03,India,Mumbai,ads
4008,2024-03-27,India,Delhi,ads
4009,2023-07-07,India,Delhi,ads
4010,2023-06-13,India,Delhi,ads
4011,2024-05-05,India,Pune,ads
4012,2024-02-28,India,Mumbai,organic
4013,2024-03-29,India,Pune,ads
4014,2023-07-25,India,Delhi,organic
4015,2022-07-02,India,Pune,organic
4016,2022-02-10,India,Pune,referral
4017,2023-07-05,India,Mumbai,referral
4018,2023-02-01,India,Indore,organic
4019,2023-12-05,India,Pune,organic
4020,2024-02-18,India,Pune,ads
4021,2023-05-09,India,Delhi,referral
4022,2023-10-21,India,Delhi,ads
4023,2022-11-29,India,Delhi,referral
4024,2022-05-07,India,Jammu,ads
4025,2023-07-12,India,Pune,ads
4026,2023-07-11,India,Delhi,ads
4027,2022-01-01,India,Mumbai,organic
4028,2022-06-17,India,Jammu,ads
4029,2023-09-12,India,Indore,organic
4030,2022-01-19,India,Pune,referral
4031,2022-11-28,India,Pune,ads
4032,2023-08-07,India,Mumbai,organic
4033,2023-04-01,India,Indore,ads
4034,2022-04-19,India,Indore,organic
4035,2022-09-25,India,Jammu,organic
4036,2023-03-21,India,Pune,ads
4037,2022-08-28,India,Delhi,referral
4038,2022-10-28,India,Mumbai,organic
4039,2023-08-25,India,Mumbai,referral
4040,2022-04-13,India,Mumbai,organic
4041,2022-09-07,India,Mumbai,referral
4042,2023-03-29,India,Delhi,ads
4043,2023-06-04,India,Delhi,ads
4044,2022-06-02,India,Jammu,ads
4045,2024-05-08,India,Pune,referral
4046,2022-06-23,India,Delhi,ads
4047,2022-12-09,India,Jammu,referral
4048,2023-11-01,India,Indore,ads
4049,2023-03-07,India,Pune,ads
4050,2023-12-28,India,Delhi,ads
4051,2023-11-20,India,Indore,organic
4052,2023-11-18,India,Jammu,referral
4053,2024-05-01,India,Delhi,ads
4054,2024-04-29,India,Delhi,organic
4055,2023-10-20,India,Indore,ads
4056,2022-11-20,India,Delhi,organic
4057,2023-11-04,India,Mumbai,ads
4058,2023-10-01,India,Delhi,ads
4059,2023-02-24,India,Pune,organic
4060,2023-08-17,India,Indore,organic
4061,2023-04-30,India,Pune,ads
4062,2023-10-21,India,Jammu,ads
4063,2024-01-21,India,Pune,organic
4064,2023-02-16,India,Mumbai,referral
4065,2022-03-25,India,Mumbai,referral
4066,2022-04-23,India,Pune,referral
4067,2024-01-07,India,Jammu,referral
4068,2022-11-28,India,Delhi,ads
4069,2023-01-13,India,Mumbai,ads
4070,2024-01-25,India,Pune,ads
4071,2023-10-17,India,Pune,ads
4072,2022-02-10,India,Pune,organic
4073,2024-02-09,India,Delhi,referral
4074,2024-03-07,India,Indore,ads
4075,2022-04-15,India,Jammu,organic
4076,2022-07-21,India,Indore,organic
4077,2023-03-26,India,Jammu,organic
4078,2024-03-29,India,Jammu,ads
4079,2024-04-22,India,Pune,organic
4080,2022-09-23,India,Mumbai,ads
4081,2022-07-29,India,Pune,referral
4082,2023-07-17,India,Delhi,referral
4083,2022-04-28,India,Jammu,ads
4084,2023-12-14,India,Mumbai,ads
4085,2023-01-12,India,Jammu,organic
4086,2023-07-05,India,Jammu,ads
4087,2023-06-24,India,Pune,ads
4088,2024-02-10,India,Mumbai,referral
4089,2022-03-25,India,Mumbai,ads
4090,2023-03-30,India,Jammu,ads
4091,2023-10-29,India,Mumbai,organic
4092,2023-09-21,India,Mumbai,ads
4093,2023-05-29,India,Pune,ads
4094,2023-08-28,India,Indore,organic
4095,2023-11-09,India,Delhi,ads
4096,2023-01-22,India,Indore,organic
4097,2022-12-16,India,Mumbai,referral
4098,2022-10-23,India,Jammu,referral
4099,2022-09-15,India,Delhi,ads
4100,2022-03-22,India,Delhi,ads
4101,2022-09-25,India,Jammu,organic
4102,2023-02-23,India,Delhi,organic
4103,2022-08-23,India,Jammu,referral
4104,2024-04-12,India,Delhi,organic
4105,2022-11-07,India,Indore,ads
4106,2024-03-23,India,Delhi,ads
4107,2022-12-23,India,Pune,referral
4108,2022-08-01,India,Jammu,referral
4109,2023-07-28,India,Delhi,ads
4110,2022-02-18,India,Jammu,organic
4111,2022-05-07,India,Pune,ads
4112,2022-08-11,India,Delhi,ads
4113,2022-10-06,India,Delhi,ads
4114,2023-02-12,India,Pune,referral
4115,2023-05-20,India,Pune,organic
4116,2022-10-21,India,Pune,referral
4117,2024-03-06,India,Jammu,referral
4118,2022-10-04,India,Pune,ads
4119,2023-03-14,India,Jammu,organic
4120,2022-04-17,India,Indore,referral
4121,2023-10-20,India,Delhi,organic
4122,2023-02-24,India,Delhi,organic
4123,2023-09-03,India,Mumbai,ads
4124,2023-03-05,India,Indore,organic
4125,2023-01-10,India,Pune,ads
4126,2022-03-14,India,Pune,ads
4127,2023-09-26,India,Indore,ads
4128,2022-01-30,India,Pune,ads
4129,2022-07-07,India,Mumbai,ads
4130,2022-12-30,India,Jammu,ads
4131,2024-05-15,India,Delhi,ads
4132,2024-03-10,India,Indore,ads
4133,2023-03-27,India,Delhi,ads
4134,2022-07-14,India,Jammu,organic
4135,2022-06-05,India,Indore,organic
4136,2022-06-21,India,Jammu,organic
4137,2024-04-26,India,Pune,referral
4138,2022-02-10,India,Pune,ads
4139,2022-03-04,India,Pune,ads
4140,2022-01-23,India,Jammu,ads
4141,2022-12-26,India,Jammu,referral
4142,2022-03-16,India,Jammu,organic
4143,2023-07-14,India,Delhi,ads
4144,2023-11-03,India,Jammu,ads
4145,2024-04-04,India,Pune,organic
4146,2022-04-28,India,Mumbai,ads
4147,2023-09-04,India,Jammu,organic
4148,2023-01-15,India,Mumbai,referral
4149,2023-11-10,India,Pune,organic
4150,2022-10-17,India,Jammu,referral
4151,2023-03-16,India,Delhi,ads
4152,2023-10-30,India,Delhi,organic
4153,2022-01-07,India,Mumbai,referral
4154,2022-07-15,India,Delhi,organic
4155,2023-02-25,India,Delhi,organic
4156,2023-07-22,India,Delhi,organic
4157,2024-04-12,India,Pune,referral
4158,2022-07-12,India,Delhi,ads
4159,2023-07-13,India,Indore,ads
4160,2022-05-28,India,Jammu,ads
4161,2024-02-26,India,Delhi,referral
4162,2023-10-31,India,Delhi,referral
4163,2022-07-21,India,Delhi,ads
4164,2023-03-20,India,Indore,ads
4165,2023-02-23,India,Delhi,referral
4166,2023-03-03,India,Delhi,ads
4167,2023-04-24,India,Jammu,ads
4168,2023-04-20,India,Indore,ads
4169,2022-05-06,India,Indore,ads
4170,2023-01-30,India,Delhi,organic
4171,2024-03-27,India,Indore,ads
4172,2024-05-30,India,Mumbai,organic
4173,2024-03-16,India,Indore,referral
4174,2023-07-30,India,Indore,ads
4175,2022-11-21,India,Indore,ads
4176,2023-01-27,India,Pune,referral
4177,2023-11-19,India,Pune,organic
4178,2023-09-20,India,Pune,ads
4179,2023-03-16,India,Indore,ads
4180,2022-07-23,India,Mumbai,ads
4181,2023-05-01,India,Indore,organic
4182,2024-04-12,India,Delhi,ads
4183,2022-01-31,India,Mumbai,ads
4184,2023-01-23,India,Pune,ads
4185,2023-09-17,India,Jammu,referral
4186,2024-05-26,India,Mumbai,ads
4187,2023-03-10,India,Pune,organic
4188,2024-04-16,India,Mumbai,ads
4189,2023-01-11,India,Mumbai,ads
4190,2022-12-10,India,Indore,organic
4191,2023-03-19,India,Delhi,organic
4192,2023-08-02,India,Jammu,organic
4193,2022-03-16,India,Pune,organic
4194,2023-07-11,India,Mumbai,ads
4195,2024-02-11,India,Jammu,organic
4196,2023-10-28,India,Mumbai,ads
4197,2022-06-04,India,Delhi,ads
4198,2023-03-06,India,Jammu,organic
4199,2022-12-29,India,Pune,referral
4200,2023-03-24,India,Mumbai,organic
4201,2022-08-22,India,Delhi,referral
4202,2023-07-17,India,Jammu,referral
4203,2024-03-28,India,Mumbai,ads
4204,2022-09-19,India,Mumbai,referral
4205,2024-04-06,India,Pune,organic
4206,2022-05-05,India,Delhi,referral
4207,2022-09-02,India,Indore,organic
4208,2023-06-26,India,Mumbai,organic
4209,2023-04-30,India,Jammu,organic
4210,2022-05-02,India,Pune,ads
4211,2022-05-05,India,Pune,referral
4212,2023-07-03,India,Mumbai,ads
4213,2022-06-19,India,Mumbai,ads
4214,2022-05-04,India,Mumbai,ads
4215,2024-05-18,India,Indore,ads
4216,2022-02-04,India,Mumbai,ads
4217,2022-03-28,India,Delhi,ads
4218,2023-10-08,India,Jammu,ads
4219,2023-12-09,India,Mumbai,ads
4220,2024-02-25,India,Indore,ads
4221,2022-07-20,India,Jammu,ads
4222,2023-01-04,India,Pune,referral
4223,2024-03-07,India,Mumbai,ads
4224,2022-03-18,India,Jammu,ads
4225,2022-02-28,India,Pune,ads
4226,2023-03-07,India,Indore,ads
4227,2023-09-30,India,Delhi,organic
4228,2023-05-15,India,Mumbai,ads
4229,2022-04-19,India,Delhi,ads
4230,2024-01-06,India,Indore,ads
4231,2022-10-05,India,Jammu,organic
4232,2022-03-09,India,Jammu,organic
4233,2022-03-10,India,Indore,ads
4234,2022-06-14,India,Indore,ads
4235,2023-05-04,India,Mumbai,ads
4236,2022-11-01,India,Pune,organic
4237,2023-11-05,India,Delhi,ads
4238,2022-12-31,India,Delhi,ads
4239,2024-05-03,India,Jammu,ads
4240,2024-03-31,India,Jammu,ads
4241,2023-01-14,India,Mumbai,ads
4242,2022-12-09,India,Indore,ads
4243,2024-06-17,India,Delhi,ads
4244,2023-07-08,India,Mumbai,ads
4245,2022-12-20,India,Jammu,organic
4246,2023-02-20,India,Jammu,ads
4247,2022-04-19,India,Delhi,organic
4248,2023-07-17,India,Jammu,organic
4249,2024-02-01,India,Jammu,organic
4250,2023-05-12,India,Pune,referral
4251,2022-12-07,India,Indore,ads
4252,2023-01-18,India,Jammu,ads
4253,2023-06-17,India,Pune,organic
4254,2022-10-27,India,Mumbai,organic
4255,2022-05-19,India,Jammu,organic
4256,2022-12-25,India,Mumbai,ads
4257,2024-04-15,India,Jammu,organic
4258,2023-05-14,India,Delhi,referral
4259,2023-01-20,India,Pune,ads
4260,2023-08-27,India,Pune,referral
4261,2022-10-07,India,Delhi,ads
4262,2023-09-29,India,Indore,ads
4263,2023-04-28,India,Pune,ads
4264,2022-04-21,India,Mumbai,ads
4265,2024-05-15,India,Pune,organic
4266,2022-05-19,India,Indore,organic
4267,2023-03-11,India,Mumbai,organic
4268,2023-05-24,India,Mumbai,ads
4269,2022-09-30,India,Delhi,ads
4270,2022-04-09,India,Jammu,ads
4271,2024-02-03,India,Delhi,referral
4272,2024-04-29,India,Jammu,ads
4273,2022-04-14,India,Delhi,referral
4274,2022-08-02,India,Jammu,ads
4275,2024-01-31,India,Pune,ads
4276,2023-10-26,India,Mumbai,ads
4277,2024-02-01,India,Jammu,ads
4278,2024-02-26,India,Pune,referral
4279,2022-06-14,India,Indore,organic
4280,2024-05-02,India,Delhi,referral
4281,2023-06-04,India,Indore,referral
4282,2022-10-11,India,Pune,organic
4283,2023-06-01,India,Indore,organic
4284,2023-10-19,India,Indore,organic
4285,2023-09-05,India,Pune,organic
4286,2022-06-13,India,Mumbai,ads
4287,2024-06-04,India,Jammu,ads
4288,2023-10-21,India,Delhi,organic
4289,2022-03-05,India,Jammu,ads
4290,2022-04-01,India,Delhi,ads
4291,2022-04-27,India,Jammu,referral
4292,2024-05-15,India,Indore,ads
4293,2022-09-24,India,Mumbai,organic
4294,2024-04-01,India,Indore,ads
4295,2023-11-16,India,Mumbai,organic
4296,2023-07-13,India,Pune,ads
4297,2022-05-20,India,Delhi,referral
4298,2022-09-03,India,Delhi,referral
4299,2023-10-23,India,Pune,referral
4300,2024-01-28,India,Jammu,ads
4301,2023-01-30,India,Pune,ads
4302,2023-05-02,India,Pune,referral
4303,2023-04-21,India,Mumbai,referral
4304,2023-06-01,India,Pune,referral
4305,2022-07-03,India,Delhi,organic
4306,2022-01-20,India,Indore,ads
4307,2023-07-12,India,Mumbai,ads
4308,2023-06-08,India,Mumbai,referral
4309,2023-08-05,India,Jammu,organic
4310,2023-06-13,India,Indore,ads
4311,2024-06-01,India,Mumbai,ads
4312,2022-05-27,India,Pune,organic
4313,2023-10-28,India,Mumbai,organic
4314,2022-10-31,India,Mumbai,ads
4315,2023-09-12,India,Mumbai,ads
4316,2024-01-18,India,Jammu,ads
4317,2024-03-30,India,Mumbai,ads
4318,2024-05-13,India,Mumbai,referral
4319,2023-08-05,India,Jammu,organic
4320,2023-11-26,India,Indore,organic
4321,2024-02-01,India,Delhi,organic
4322,2022-08-16,India,Jammu,ads
4323,2022-04-12,India,Jammu,organic
4324,2023-08-10,India,Mumbai,referral
4325,2023-02-21,India,Mumbai,organic
4326,2022-08-04,India,Delhi,ads
4327,2023-02-11,India,Mumbai,organic
4328,2023-02-03,India,Pune,referral
4329,2023-12-16,India,Mumbai,ads
4330,2023-12-05,India,Mumbai,ads
4331,2024-01-31,India,Pune,referral
4332,2023-05-14,India,Delhi,referral
4333,2024-01-24,India,Pune,ads
4334,2023-04-10,India,Jammu,ads
4335,2023-11-22,India,Pune,ads
4336,2024-01-01,India,Indore,ads
4337,2022-03-23,India,Jammu,referral
4338,2023-08-27,India,Mumbai,ads
4339,2023-11-18,India,Jammu,ads
4340,2024-01-21,India,Delhi,referral
4341,2024-02-11,India,Delhi,ads
4342,2022-12-31,India,Pune,organic
4343,2022-06-12,India,Jammu,ads
4344,2022-02-17,India,Mumbai,referral
4345,2023-05-26,India,Delhi,referral
4346,2022-11-25,India,Mumbai,ads
4347,2024-04-19,India,Indore,referral
4348,2022-04-26,India,Delhi,referral
4349,2024-04-28,India,Pune,referral
4350,2022-12-03,India,Indore,ads
4351,2024-05-30,India,Jammu,ads
4352,2024-01-07,India,Mumbai,ads
4353,2024-05-13,India,Delhi,ads
4354,2024-04-19,India,Indore,ads
4355,2022-05-27,India,Indore,ads
4356,2023-07-29,India,Delhi,organic
4357,2024-03-16,India,Jammu,organic
4358,2022-11-19,India,Jammu,referral
4359,2023-03-19,India,Pune,referral
4360,2024-04-16,India,Jammu,ads
4361,2022-01-13,India,Pune,organic
4362,2023-05-09,India,Indore,organic
4363,2023-12-02,India,Delhi,ads
4364,2022-10-14,India,Jammu,ads
4365,2023-12-21,India,Pune,referral
4366,2022-04-24,India,Indore,ads
4367,2023-04-25,India,Jammu,referral
4368,2022-01-22,India,Mumbai,referral
4369,2022-12-15,India,Indore,ads
4370,2023-12-27,India,Jammu,referral
4371,2023-11-14,India,Indore,ads
4372,2024-04-14,India,Delhi,referral
4373,2023-07-20,India,Delhi,referral
4374,2024-03-20,India,Delhi,ads
4375,2022-11-16,India,Mumbai,organic
4376,2022-05-06,India,Delhi,organic
4377,2022-10-04,India,Mumbai,ads
4378,2022-07-23,India,Delhi,referral
4379,2022-07-13,India,Indore,ads
4380,2023-11-12,India,Jammu,organic
4381,2023-10-26,India,Jammu,ads
4382,2023-07-01,India,Delhi,organic
4383,2023-11-27,India,Jammu,referral
4384,2022-10-13,India,Delhi,organic
4385,2022-02-26,India,Delhi,organic
4386,2024-01-04,India,Pune,organic
4387,2022-10-30,India,Pune,ads
4388,2022-06-12,India,Pune,ads
4389,2022-01-19,India,Mumbai,ads
4390,2023-01-05,India,Pune,ads
4391,2022-09-21,India,Delhi,ads
4392,2024-03-04,India,Indore,referral
4393,2022-04-23,India,Pune,referral
4394,2023-05-03,India,Pune,ads
4395,2022-11-23,India,Indore,ads
4396,2023-06-26,India,Delhi,ads
4397,2023-10-09,India,Mumbai,referral
4398,2023-08-02,India,Pune,ads
4399,2022-03-06,India,Indore,organic
4400,2022-10-19,India,Delhi,organic
4401,2022-01-25,India,Jammu,organic
4402,2023-07-03,India,Mumbai,ads
4403,2022-01-01,India,Indore,ads
4404,2023-07-03,India,Indore,ads
4405,2022-05-21,India,Indore,ads
4406,2024-01-14,India,Pune,referral
4407,2023-10-10,India,Jammu,ads
4408,2022-07-07,India,Mumbai,ads
4409,2022-05-08,India,Delhi,referral
4410,2022-07-20,India,Delhi,ads
4411,2022-05-07,India,Jammu,ads
4412,2022-09-14,India,Indore,referral
4413,2023-11-07,India,Indore,organic
4414,2023-07-01,India,Indore,ads
4415,2022-07-13,India,Indore,organic
4416,2023-12-04,India,Indore,organic
4417,2022-04-14,India,Jammu,ads
4418,2023-06-19,India,Pune,organic
4419,2022-09-22,India,Mumbai,organic
4420,2024-03-12,India,Indore,referral
4421,2023-01-19,India,Pune,referral
4422,2022-09-17,India,Delhi,ads
4423,2023-02-18,India,Jammu,organic
4424,2022-12-24,India,Pune,ads
4425,2022-03-16,India,Indore,ads
4426,2022-12-21,India,Indore,ads
4427,2023-08-07,India,Indore,organic
4428,2024-02-10,India,Pune,organic
4429,2022-07-07,India,Indore,ads
4430,2023-11-16,India,Pune,referral
4431,2022-10-17,India,Indore,organic
4432,2022-02-14,India,Delhi,organic
4433,2023-07-27,India,Delhi,ads
4434,2022-03-24,India,Mumbai,organic
4435,2022-05-03,India,Indore,referral
4436,2022-12-24,India,Indore,ads
4437,2023-06-12,India,Pune,ads
4438,2022-03-07,India,Pune,referral
4439,2023-10-19,India,Indore,organic
4440,2023-01-10,India,Mumbai,organic
4441,2022-06-11,India,Indore,ads
4442,2024-01-16,India,Pune,organic
4443,2023-01-15,India,Indore,ads
4444,2023-10-18,India,Pune,ads
4445,2022-12-24,India,Indore,ads
4446,2022-07-07,India,Jammu,ads
4447,2022-11-18,India,Pune,organic
4448,2023-03-26,India,Mumbai,referral
4449,2023-04-19,India,Jammu,ads
4450,2022-01-13,India,Indore,organic
4451,2022-07-03,India,Pune,ads
4452,2022-04-21,India,Jammu,ads
4453,2023-05-23,India,Mumbai,referral
4454,2022-10-17,India,Pune,ads
4455,2022-10-22,India,Jammu,ads
4456,2023-03-27,India,Jammu,ads
4457,2022-08-03,India,Jammu,organic
4458,2023-09-24,India,Delhi,ads
4459,2024-06-12,India,Indore,ads
4460,2023-07-21,India,Pune,referral
4461,2022-01-27,India,Pune,ads
4462,2023-09-22,India,Pune,ads
4463,2024-01-03,India,Jammu,ads
4464,2022-08-19,India,Indore,ads
4465,2023-07-19,India,Mumbai,organic
4466,2024-03-17,India,Pune,organic
4467,2022-11-17,India,Indore,organic
4468,2022-08-21,India,Indore,ads
4469,2023-11-01,India,Delhi,ads
4470,2023-03-13,India,Pune,ads
4471,2024-02-20,India,Jammu,ads
4472,2023-06-17,India,Indore,ads
4473,2023-02-07,India,Indore,ads
4474,2022-02-22,India,Mumbai,ads
4475,2024-02-26,India,Delhi,organic
4476,2022-11-09,India,Indore,ads
4477,2022-10-08,India,Indore,ads
4478,2023-12-27,India,Jammu,ads
4479,2022-01-31,India,Jammu,ads
4480,2022-12-03,India,Mumbai,organic
4481,2022-07-02,India,Mumbai,ads
4482,2022-01-23,India,Mumbai,ads
4483,2023-06-28,India,Jammu,ads
4484,2023-03-22,India,Jammu,ads
4485,2022-03-15,India,Delhi,organic
4486,2022-01-10,India,Pune,referral
4487,2023-04-29,India,Pune,ads
4488,2023-04-01,India,Delhi,organic
4489,2023-07-20,India,Pune,ads
4490,2023-07-18,India,Jammu,ads
4491,2023-10-22,India,Pune,ads
4492,2022-06-09,India,Jammu,referral
4493,2024-05-31,India,Delhi,ads
4494,2022-01-14,India,Mumbai,referral
4495,2022-06-27,India,Delhi,ads
4496,2023-02-16,India,Pune,ads
4497,2024-05-27,India,Jammu,organic
4498,2022-02-22,India,Pune,referral
4499,2023-02-12,India,Pune,referral
4500,2024-04-26,India,Mumbai,organic
4501,2022-01-22,India,Pune,ads
4502,2022-01-30,India,Mumbai,ads
4503,2023-12-04,India,Jammu,ads
4504,2022-09-17,India,Jammu,ads
4505,2022-07-24,India,Mumbai,referral
4506,2022-02-28,India,Delhi,organic
4507,2023-04-16,India,Jammu,referral
4508,2024-02-15,India,Delhi,ads
4509,2023-04-11,India,Jammu,organic
4510,2022-01-12,India,Jammu,referral
4511,2023-09-23,India,Indore,ads
4512,2022-10-17,India,Pune,ads
4513,2024-04-29,India,Pune,organic
4514,2024-01-30,India,Delhi,organic
4515,2022-12-20,India,Pune,referral
4516,2023-10-01,India,Delhi,ads
4517,2022-03-16,India,Jammu,ads
4518,2024-05-22,India,Indore,ads
4519,2023-12-17,India,Indore,ads
4520,2023-07-15,India,Jammu,organic
4521,2023-08-14,India,Mumbai,ads
4522,2023-03-17,India,Mumbai,referral
4523,2022-08-29,India,Pune,referral
4524,2024-05-10,India,Delhi,ads
4525,2022-06-03,India,Indore,ads
4526,2024-02-25,India,Pune,organic
4527,2022-04-06,India,Jammu,organic
4528,2023-12-27,India,Indore,ads
4529,2022-10-21,India,Delhi,ads
4530,2022-07-28,India,Delhi,organic
4531,2022-12-09,India,Mumbai,organic
4532,2022-03-29,India,Pune,ads
4533,2024-03-28,India,Jammu,organic
4534,2024-02-15,India,Indore,referral
4535,2023-01-25,India,Delhi,ads
4536,2022-11-21,India,Indore,organic
4537,2024-06-07,India,Jammu,ads
4538,2024-04-11,India,Indore,ads
4539,2022-06-06,India,Pune,ads
4540,2023-10-30,India,Mumbai,ads
4541,2023-10-13,India,Indore,referral
4542,2023-09-25,India,Mumbai,organic
4543,2023-07-31,India,Jammu,ads
4544,2023-09-11,India,Mumbai,ads
4545,2023-10-21,India,Indore,organic
4546,2022-05-17,India,Indore,ads
4547,2023-11-05,India,Delhi,ads
4548,2023-03-04,India,Indore,organic
4549,2023-03-28,India,Mumbai,referral
4550,2023-09-04,India,Delhi,ads
4551,2024-04-29,India,Indore,organic
4552,2024-03-29,India,Indore,ads
4553,2022-05-21,India,Jammu,organic
4554,2022-03-24,India,Delhi,organic
4555,2022-06-26,India,Jammu,referral
4556,2022-07-17,India,Jammu,organic
4557,2023-09-16,India,Jammu,ads
4558,2023-07-22,India,Pune,ads
4559,2023-11-22,India,Jammu,ads
4560,2023-02-25,India,Mumbai,organic
4561,2023-02-05,India,Indore,referral
4562,2023-11-29,India,Pune,organic
4563,2023-04-16,India,Jammu,organic
4564,2022-08-06,India,Indore,ads
4565,2024-04-07,India,Delhi,ads
4566,2023-12-30,India,Delhi,ads
4567,2023-09-24,India,Indore,ads
4568,2022-06-24,India,Mumbai,ads
4569,2022-01-23,India,Indore,organic
4570,2023-12-26,India,Indore,ads
4571,2022-08-23,India,Pune,organic
4572,2022-01-13,India,Delhi,organic
4573,2022-04-11,India,Delhi,ads
4574,2023-06-20,India,Jammu,organic
4575,2024-05-25,India,Indore,ads
4576,2023-06-07,India,Indore,ads
4577,2024-02-24,India,Mumbai,ads
4578,2023-03-28,India,Delhi,ads
4579,2023-03-07,India,Mumbai,organic
4580,2024-03-03,India,Pune,referral
4581,2023-08-29,India,Jammu,ads
4582,2023-12-14,India,Mumbai,ads
4583,2023-06-17,India,Delhi,ads
4584,2024-05-01,India,Pune,organic
4585,2023-12-24,India,Indore,ads
4586,2023-10-14,India,Pune,organic
4587,2022-10-20,India,Mumbai,organic
4588,2024-03-20,India,Delhi,ads
4589,2022-04-11,India,Mumbai,referral
4590,2023-05-17,India,Indore,ads
4591,2022-10-31,India,Indore,referral
4592,2024-05-20,India,Delhi,ads
4593,2023-06-24,India,Jammu,ads
4594,2023-07-07,India,Pune,organic
4595,2022-12-21,India,Pune,organic
4596,2022-10-30,India,Indore,referral
4597,2023-05-11,India,Mumbai,ads
4598,2023-10-20,India,Mumbai,referral
4599,2024-02-07,India,Jammu,ads
4600,2022-08-15,India,Mumbai,ads
4601,2022-08-24,India,Pune,ads
4602,2024-05-22,India,Mumbai,organic
4603,2024-06-10,India,Jammu,organic
4604,2023-03-31,India,Pune,ads
4605,2022-01-13,India,Mumbai,ads
4606,2022-07-29,India,Pune,ads
4607,2024-01-11,India,Indore,ads
4608,2023-02-01,India,Indore,ads
4609,2022-04-10,India,Indore,organic
4610,2022-01-31,India,Mumbai,organic
4611,2024-06-16,India,Jammu,referral
4612,2023-06-12,India,Pune,ads
4613,2023-10-11,India,Delhi,ads
4614,2022-11-25,India,Indore,ads
4615,2022-06-15,India,Indore,organic
4616,2023-04-04,India,Delhi,ads
4617,2024-04-01,India,Delhi,referral
4618,2022-04-10,India,Mumbai,organic
4619,2023-09-13,India,Pune,ads
4620,2024-05-04,India,Indore,ads
4621,2022-06-22,India,Jammu,organic
4622,2024-01-19,India,Mumbai,organic
4623,2022-06-11,India,Mumbai,ads
4624,2023-12-29,India,Jammu,ads
4625,2024-02-15,India,Jammu,organic
4626,2022-09-20,India,Jammu,organic
4627,2024-03-14,India,Delhi,ads
4628,2022-10-01,India,Indore,ads
4629,2022-01-03,India,Delhi,ads
4630,2022-01-28,India,Indore,referral
4631,2022-11-22,India,Delhi,ads
4632,2022-05-29,India,Pune,organic
4633,2023-06-24,India,Indore,organic
4634,2023-05-03,India,Mumbai,ads
4635,2024-04-01,India,Indore,organic
4636,2023-03-14,India,Indore,ads
4637,2022-03-06,India,Indore,organic
4638,2022-12-22,India,Pune,organic
4639,2023-06-17,India,Delhi,ads
4640,2022-09-09,India,Mumbai,ads
4641,2022-08-23,India,Delhi,organic
4642,2022-08-15,India,Delhi,ads
4643,2023-06-09,India,Jammu,ads
4644,2022-11-09,India,Pune,ads
4645,2022-02-18,India,Jammu,referral
4646,2022-04-28,India,Pune,organic
4647,2022-02-23,India,Delhi,organic
4648,2023-10-12,India,Delhi,ads
4649,2023-07-19,India,Pune,ads
4650,2022-02-13,India,Delhi,ads
4651,2024-03-25,India,Delhi,ads
4652,2022-02-22,India,Mumbai,organic
4653,2023-08-09,India,Jammu,organic
4654,2023-07-12,India,Jammu,ads
4655,2023-06-09,India,Jammu,organic
4656,2023-11-08,India,Indore,ads
4657,2022-04-12,India,Mumbai,ads
4658,2024-03-02,India,Jammu,referral
4659,2024-02-09,India,Jammu,organic
4660,2024-04-28,India,Mumbai,organic
4661,2024-05-17,India,Delhi,ads
4662,2023-02-02,India,Jammu,ads
4663,2022-05-18,India,Delhi,ads
4664,2023-11-06,India,Jammu,referral
4665,2023-01-22,India,Pune,organic
4666,2022-04-21,India,Indore,ads
4667,2023-09-06,India,Jammu,referral
4668,2022-01-17,India,Pune,ads
4669,2024-02-19,India,Mumbai,organic
4670,2022-07-01,India,Pune,ads
4671,2024-06-02,India,Mumbai,ads
4672,2023-06-20,India,Jammu,ads
4673,2023-06-25,India,Mumbai,ads
4674,2022-06-20,India,Pune,organic
4675,2023-02-13,India,Indore,organic
4676,2024-01-10,India,Delhi,organic
4677,2023-01-13,India,Delhi,referral
4678,2022-07-07,India,Indore,ads
4679,2024-05-07,India,Delhi,referral
4680,2022-08-18,India,Jammu,referral
4681,2024-04-12,India,Jammu,ads
4682,2024-05-01,India,Pune,ads
4683,2022-04-29,India,Pune,organic
4684,2022-06-05,India,Mumbai,ads
4685,2024-02-23,India,Pune,organic
4686,2023-11-18,India,Jammu,ads
4687,2023-04-10,India,Pune,organic
4688,2022-04-14,India,Delhi,organic
4689,2023-08-27,India,Mumbai,ads
4690,2023-11-29,India,Mumbai,ads
4691,2024-03-05,India,Jammu,ads
4692,2023-05-17,India,Pune,ads
4693,2023-11-24,India,Delhi,referral
4694,2023-11-13,India,Pune,ads
4695,2023-11-30,India,Indore,organic
4696,2022-06-24,India,Pune,ads
4697,2024-01-04,India,Jammu,organic
4698,2024-01-15,India,Pune,referral
4699,2023-11-05,India,Mumbai,ads
4700,2023-02-25,India,Delhi,referral
4701,2022-05-14,India,Jammu,organic
4702,2023-01-26,India,Indore,ads
4703,2024-01-06,India,Delhi,referral
4704,2023-05-16,India,Delhi,ads
4705,2023-10-27,India,Mumbai,ads
4706,2022-02-02,India,Mumbai,organic
4707,2022-02-24,India,Mumbai,organic
4708,2023-06-03,India,Jammu,organic
4709,2024-01-26,India,Pune,ads
4710,2024-04-04,India,Delhi,referral
4711,2023-09-30,India,Pune,organic
4712,2022-01-12,India,Pune,referral
4713,2023-06-12,India,Mumbai,ads
4714,2023-12-21,India,Pune,organic
4715,2023-07-09,India,Delhi,referral
4716,2023-01-08,India,Delhi,ads
4717,2023-04-29,India,Indore,referral
4718,2023-10-09,India,Jammu,ads
4719,2022-08-16,India,Pune,ads
4720,2023-09-15,India,Jammu,referral
4721,2022-11-03,India,Jammu,referral
4722,2023-04-02,India,Jammu,ads
4723,2022-06-09,India,Jammu,ads
4724,2022-11-27,India,Delhi,organic
4725,2024-02-15,India,Pune,referral
4726,2022-08-13,India,Indore,organic
4727,2023-12-30,India,Jammu,organic
4728,2023-05-19,India,Indore,organic
4729,2023-04-01,India,Delhi,ads
4730,2022-02-14,India,Delhi,referral
4731,2022-08-02,India,Mumbai,ads
4732,2022-02-28,India,Jammu,organic
4733,2023-10-06,India,Mumbai,ads
4734,2023-09-08,India,Indore,ads
4735,2022-07-14,India,Pune,organic
4736,2023-05-04,India,Mumbai,referral
4737,2022-06-06,India,Delhi,organic
4738,2023-09-02,India,Jammu,organic
4739,2022-08-14,India,Indore,ads
4740,2023-02-16,India,Delhi,referral
4741,2022-07-24,India,Pune,ads
4742,2022-03-20,India,Jammu,ads
4743,2022-05-04,India,Pune,ads
4744,2023-04-16,India,Pune,organic
4745,2022-08-06,India,Jammu,referral
4746,2023-05-31,India,Jammu,organic
4747,2023-08-25,India,Pune,ads
4748,2022-04-14,India,Indore,ads
4749,2023-01-28,India,Jammu,organic
4750,2023-09-23,India,Delhi,ads
4751,2023-10-07,India,Mumbai,ads
4752,2024-04-03,India,Indore,organic
4753,2023-08-31,India,Jammu,referral
4754,2023-03-10,India,Jammu,ads
4755,2022-11-27,India,Indore,ads
4756,2022-05-23,India,Mumbai,referral
4757,2024-03-10,India,Pune,organic
4758,2023-06-24,India,Delhi,referral
4759,2022-10-05,India,Jammu,ads
4760,2022-08-21,India,Mumbai,ads
4761,2023-06-13,India,Delhi,referral
4762,2023-07-25,India,Indore,ads
4763,2022-03-31,India,Jammu,organic
4764,2023-05-07,India,Pune,ads
4765,2022-07-18,India,Indore,organic
4766,2022-12-28,India,Jammu,referral
4767,2023-03-17,India,Mumbai,ads
4768,2022-01-26,India,Delhi,referral
4769,2022-01-25,India,Delhi,ads
4770,2023-01-29,India,Jammu,referral
4771,2023-05-22,India,Indore,ads
4772,2022-10-28,India,Pune,ads
4773,2022-12-05,India,Mumbai,ads
4774,2022-09-24,India,Jammu,organic
4775,2023-04-06,India,Mumbai,referral
4776,2023-11-24,India,Delhi,ads
4777,2023-04-01,India,Pune,organic
4778,2022-12-26,India,Mumbai,referral
4779,2022-03-09,India,Jammu,referral
4780,2024-05-12,India,Pune,organic
4781,2023-02-16,India,Indore,referral
4782,2023-05-06,India,Jammu,organic
4783,2024-04-12,India,Mumbai,ads
4784,2022-02-18,India,Pune,ads
4785,2023-11-18,India,Jammu,referral
4786,2023-07-18,India,Pune,ads
4787,2022-04-12,India,Pune,ads
4788,2022-08-04,India,Pune,referral
4789,2023-03-14,India,Mumbai,ads
4790,2023-12-01,India,Jammu,referral
4791,2023-07-23,India,Delhi,referral
4792,2023-07-13,India,Delhi,referral
4793,2022-06-08,India,Mumbai,ads
4794,2023-05-04,India,Mumbai,ads
4795,2023-11-17,India,Pune,referral
4796,2022-08-30,India,Jammu,ads
4797,2024-03-04,India,Jammu,organic
4798,2024-01-23,India,Indore,organic
4799,2024-05-31,India,Indore,ads
4800,2022-01-05,India,Delhi,referral
4801,2023-08-19,India,Indore,organic
4802,2024-03-30,India,Indore,ads
4803,2022-12-27,India,Delhi,ads
4804,2023-04-04,India,Delhi,ads
4805,2022-09-05,India,Indore,ads
4806,2023-07-20,India,Jammu,organic
4807,2023-11-04,India,Indore,ads
4808,2023-02-26,India,Pune,ads
4809,2024-01-08,India,Pune,referral
4810,2022-01-15,India,Pune,organic
4811,2024-01-06,India,Mumbai,ads
4812,2023-07-27,India,Pune,referral
4813,2022-05-02,India,Jammu,ads
4814,2022-10-04,India,Mumbai,referral
4815,2023-07-12,India,Mumbai,organic
4816,2023-03-29,India,Pune,organic
4817,2023-01-25,India,Indore,organic
4818,2022-10-21,India,Delhi,organic
4819,2023-07-28,India,Indore,referral
4820,2023-08-21,India,Indore,referral
4821,2023-03-22,India,Mumbai,ads
4822,2022-07-29,India,Mumbai,ads
4823,2023-08-13,India,Mumbai,referral
4824,2023-12-15,India,Jammu,organic
4825,2022-10-29,India,Jammu,referral
4826,2022-08-11,India,Delhi,organic
4827,2024-01-04,India,Mumbai,organic
4828,2022-01-03,India,Pune,ads
4829,2023-06-02,India,Mumbai,ads
4830,2022-04-03,India,Jammu,organic
4831,2023-06-04,India,Mumbai,organic
4832,2023-03-04,India,Jammu,organic
4833,2023-05-08,India,Mumbai,organic
4834,2022-08-23,India,Pune,organic
4835,2023-09-12,India,Delhi,referral
4836,2022-06-10,India,Pune,ads
4837,2023-12-22,India,Jammu,organic
4838,2024-01-22,India,Indore,ads
4839,2022-11-27,India,Pune,ads
4840,2022-11-29,India,Mumbai,ads
4841,2022-02-19,India,Delhi,ads
4842,2023-06-07,India,Mumbai,ads
4843,2024-05-12,India,Mumbai,ads
4844,2023-10-30,India,Pune,ads
4845,2023-05-07,India,Delhi,referral
4846,2023-08-05,India,Indore,ads
4847,2023-11-12,India,Mumbai,organic
4848,2022-09-29,India,Delhi,organic
4849,2023-08-03,India,Indore,ads
4850,2024-05-16,India,Mumbai,ads
4851,2022-09-09,India,Delhi,ads
4852,2023-07-14,India,Pune,organic
4853,2023-11-27,India,Mumbai,ads
4854,2024-04-11,India,Mumbai,ads
4855,2023-11-30,India,Delhi,ads
4856,2022-03-31,India,Mumbai,organic
4857,2023-03-22,India,Indore,organic
4858,2022-11-28,India,Mumbai,ads
4859,2022-05-19,India,Jammu,ads
4860,2022-12-23,India,Indore,ads
4861,2023-08-24,India,Delhi,ads
4862,2022-10-01,India,Indore,ads
4863,2022-01-19,India,Jammu,organic
4864,2022-11-07,India,Jammu,organic
4865,2024-05-19,India,Mumbai,organic
4866,2024-06-04,India,Mumbai,organic
4867,2022-06-03,India,Pune,ads
4868,2023-01-25,India,Indore,ads
4869,2022-09-17,India,Pune,ads
4870,2023-09-12,India,Jammu,organic
4871,2024-06-01,India,Mumbai,ads
4872,2024-03-07,India,Mumbai,referral
4873,2023-07-25,India,Mumbai,organic
4874,2022-05-05,India,Delhi,ads
4875,2022-12-20,India,Jammu,organic
4876,2022-09-30,India,Mumbai,ads
4877,2023-09-11,India,Jammu,ads
4878,2024-03-21,India,Mumbai,ads
4879,2022-09-02,India,Indore,ads
4880,2024-04-27,India,Jammu,referral
4881,2023-03-26,India,Pune,organic
4882,2022-09-04,India,Delhi,ads
4883,2023-06-04,India,Pune,ads
4884,2022-05-21,India,Jammu,ads
4885,2022-12-28,India,Mumbai,referral
4886,2022-01-08,India,Jammu,ads
4887,2023-04-23,India,Delhi,ads
4888,2022-12-18,India,Jammu,ads
4889,2023-05-10,India,Mumbai,ads
4890,2023-08-29,India,Pune,organic
4891,2024-04-12,India,Indore,organic
4892,2023-03-03,India,Pune,organic
4893,2022-02-08,India,Mumbai,organic
4894,2023-08-16,India,Mumbai,organic
4895,2022-07-06,India,Delhi,ads
4896,2023-08-19,India,Jammu,ads
4897,2023-08-23,India,Jammu,ads
4898,2024-01-24,India,Pune,organic
4899,2024-05-03,India,Indore,referral
4900,2022-04-03,India,Indore,ads
4901,2022-03-27,India,Delhi,ads
4902,2022-02-13,India,Mumbai,ads
4903,2022-05-17,India,Delhi,referral
4904,2023-02-25,India,Jammu,referral
4905,2022-03-15,India,Mumbai,ads
4906,2023-07-02,India,Delhi,organic
4907,2023-09-05,India,Pune,organic
4908,2023-05-27,India,Jammu,ads
4909,2022-06-05,India,Indore,ads
4910,2022-09-12,India,Delhi,organic
4911,2022-06-20,India,Jammu,ads
4912,2023-12-29,India,Jammu,ads
4913,2022-06-19,India,Indore,ads
4914,2024-02-03,India,Indore,organic
4915,2024-05-21,India,Indore,referral
4916,2022-11-18,India,Delhi,organic
4917,2023-07-21,India,Indore,ads
4918,2023-04-01,India,Pune,ads
4919,2023-08-26,India,Jammu,organic
4920,2024-02-29,India,Indore,ads
4921,2023-09-05,India,Jammu,organic
4922,2022-06-04,India,Mumbai,ads
4923,2024-06-07,India,Mumbai,organic
4924,2022-12-15,India,Indore,referral
4925,2023-03-27,India,Jammu,referral
4926,2024-05-25,India,Mumbai,ads
4927,2023-10-15,India,Indore,organic
4928,2022-06-22,India,Jammu,ads
4929,2022-01-10,India,Indore,organic
4930,2024-01-10,India,Jammu,ads
4931,2022-09-22,India,Mumbai,organic
4932,2023-03-14,India,Indore,ads
4933,2024-01-30,India,Mumbai,referral
4934,2022-09-04,India,Indore,organic
4935,2023-10-29,India,Delhi,ads
4936,2023-06-30,India,Mumbai,referral
4937,2023-05-14,India,Mumbai,ads
4938,2022-05-09,India,Pune,referral
4939,2023-11-03,India,Mumbai,organic
4940,2023-08-24,India,Jammu,referral
4941,2023-08-28,India,Indore,ads
4942,2022-11-23,India,Delhi,ads
4943,2024-01-23,India,Jammu,organic
4944,2024-04-14,India,Jammu,referral
4945,2023-02-08,India,Jammu,ads
4946,2023-09-21,India,Jammu,ads
4947,2023-08-29,India,Delhi,ads
4948,2023-11-06,India,Pune,referral
4949,2023-09-03,India,Mumbai,organic
4950,2023-09-17,India,Jammu,ads
4951,2022-12-25,India,Mumbai,ads
4952,2023-08-26,India,Mumbai,organic
4953,2024-05-07,India,Jammu,ads
4954,2023-12-19,India,Pune,organic
4955,2022-01-17,India,Mumbai,ads
4956,2022-10-01,India,Indore,organic
4957,2023-11-16,India,Mumbai,referral
4958,2022-04-26,India,Jammu,organic
4959,2024-05-10,India,Delhi,ads
4960,2023-11-24,India,Mumbai,organic
4961,2022-04-01,India,Pune,ads
4962,2022-03-23,India,Indore,referral
4963,2022-11-20,India,Indore,ads
4964,2022-04-24,India,Delhi,referral
4965,2024-02-08,India,Delhi,ads
4966,2022-02-27,India,Mumbai,ads
4967,2022-06-03,India,Jammu,ads
4968,2024-05-26,India,Pune,referral
4969,2023-02-08,India,Indore,referral
4970,2023-09-20,India,Delhi,ads
4971,2024-05-04,India,Pune,ads
4972,2022-09-23,India,Jammu,ads
4973,2022-11-11,India,Indore,ads
4974,2023-12-16,India,Indore,organic
4975,2022-02-10,India,Jammu,ads
4976,2022-04-15,India,Indore,organic
4977,2024-06-08,India,Jammu,organic
4978,2022-07-12,India,Indore,organic
4979,2023-02-05,India,Mumbai,referral
4980,2022-10-05,India,Jammu,ads
4981,2022-12-20,India,Pune,ads
4982,2024-01-19,India,Mumbai,organic
4983,2024-01-03,India,Pune,ads
4984,2023-08-03,India,Indore,ads
4985,2023-12-10,India,Pune,referral
4986,2022-09-13,India,Mumbai,organic
4987,2023-10-13,India,Jammu,ads
4988,2024-04-03,India,Delhi,organic
4989,2023-10-23,India,Pune,ads
4990,2022-04-09,India,Delhi,referral
4991,2023-08-11,India,Pune,ads
4992,2022-10-09,India,Pune,organic
4993,2024-06-01,India,Jammu,organic
4994,2023-02-07,India,Indore,ads
4995,2022-04-19,India,Mumbai,organic
4996,2023-12-01,India,Mumbai,referral
4997,2022-07-18,India,Mumbai,organic
4998,2022-10-30,India,Indore,ads
4999,2022-11-23,India,Delhi,organic
5000,2022-06-03,India,Mumbai,referral
5001,2023-07-06,India,Delhi,ads
5002,2023-10-07,India,Indore,organic
5003,2023-02-09,India,Indore,ads
5004,2023-04-07,India,Jammu,ads
5005,2022-05-12,India,Mumbai,ads
5006,2024-03-01,India,Jammu,referral
5007,2024-05-23,India,Mumbai,organic
5008,2022-03-25,India,Indore,ads
5009,2023-02-03,India,Indore,referral
5010,2024-01-24,India,Pune,organic
5011,2023-09-20,India,Pune,organic
5012,2022-04-19,India,Indore,ads
5013,2022-08-09,India,Indore,referral
5014,2023-07-07,India,Delhi,organic
5015,2023-01-03,India,Delhi,organic
5016,2022-05-27,India,Jammu,ads
5017,2022-04-22,India,Pune,ads
5018,2023-09-07,India,Pune,ads
5019,2023-07-12,India,Indore,referral
5020,2023-05-09,India,Indore,ads
5021,2023-05-20,India,Jammu,organic
5022,2023-04-20,India,Pune,ads
5023,2024-04-15,India,Delhi,ads
5024,2024-06-08,India,Mumbai,ads
5025,2022-09-28,India,Jammu,organic
5026,2023-02-25,India,Mumbai,organic
5027,2024-06-15,India,Delhi,referral
5028,2023-12-08,India,Delhi,referral
5029,2023-01-02,India,Mumbai,ads
5030,2022-10-07,India,Jammu,referral
5031,2022-10-10,India,Mumbai,ads
5032,2022-02-09,India,Jammu,referral
5033,2022-07-08,India,Jammu,ads
5034,2022-06-13,India,Indore,referral
5035,2023-06-20,India,Pune,ads
5036,2023-06-20,India,Pune,ads
5037,2022-01-04,India,Delhi,ads
5038,2024-04-14,India,Indore,ads
5039,2022-10-17,India,Pune,ads
5040,2023-03-09,India,Jammu,referral
5041,2023-04-16,India,Jammu,organic
5042,2022-06-30,India,Mumbai,ads
5043,2022-09-05,India,Mumbai,ads
5044,2023-09-20,India,Jammu,ads
5045,2022-10-06,India,Jammu,referral
5046,2024-05-26,India,Mumbai,ads
5047,2023-08-04,India,Pune,organic
5048,2024-05-12,India,Delhi,ads
5049,2022-09-11,India,Mumbai,ads
5050,2022-06-30,India,Pune,ads
5051,2024-04-09,India,Pune,ads
5052,2023-11-12,India,Pune,ads
5053,2024-04-04,India,Indore,ads
5054,2023-05-24,India,Indore,ads
5055,2024-01-31,India,Pune,organic
5056,2023-12-01,India,Jammu,ads
5057,2023-07-20,India,Indore,ads
5058,2022-11-22,India,Mumbai,ads
5059,2022-12-23,India,Indore,referral
5060,2024-04-04,India,Jammu,organic
5061,2023-10-12,India,Delhi,organic
5062,2023-11-11,India,Indore,ads
5063,2023-01-26,India,Pune,ads
5064,2023-09-07,India,Pune,ads
5065,2022-03-26,India,Pune,ads
5066,2022-11-13,India,Delhi,organic
5067,2022-07-31,India,Jammu,referral
5068,2023-05-30,India,Mumbai,referral
5069,2023-01-19,India,Jammu,ads
5070,2023-11-22,India,Delhi,ads
5071,2022-12-08,India,Pune,ads
5072,2024-03-25,India,Jammu,ads
5073,2024-04-23,India,Mumbai,referral
5074,2022-02-07,India,Pune,ads
5075,2023-05-26,India,Mumbai,referral
5076,2023-02-24,India,Indore,organic
5077,2024-01-21,India,Mumbai,ads
5078,2022-06-18,India,Pune,ads
5079,2022-12-09,India,Indore,organic
5080,2024-04-05,India,Pune,ads
5081,2022-11-02,India,Pune,ads
5082,2023-06-26,India,Indore,ads
5083,2023-12-03,India,Mumbai,ads
5084,2024-05-18,India,Delhi,organic
5085,2023-06-21,India,Delhi,ads
5086,2022-04-22,India,Delhi,organic
5087,2023-02-15,India,Delhi,organic
5088,2022-07-25,India,Jammu,ads
5089,2022-07-04,India,Delhi,organic
5090,2023-01-17,India,Indore,ads
5091,2023-05-11,India,Delhi,organic
5092,2023-01-14,India,Pune,ads
5093,2022-02-16,India,Delhi,ads
5094,2024-06-04,India,Mumbai,ads
5095,2024-01-10,India,Indore,organic
5096,2023-07-05,India,Indore,ads
5097,2023-06-12,India,Jammu,ads
5098,2023-05-19,India,Pune,ads
5099,2022-01-22,India,Indore,ads
5100,2022-08-01,India,Mumbai,organic
5101,2022-11-06,India,Delhi,organic
5102,2023-10-23,India,Indore,referral
5103,2024-01-23,India,Mumbai,ads
5104,2022-09-29,India,Delhi,ads
5105,2023-07-25,India,Jammu,organic
5106,2024-03-09,India,Indore,organic
5107,2022-07-21,India,Indore,ads
5108,2022-02-01,India,Mumbai,organic
5109,2023-03-19,India,Pune,organic
5110,2022-06-11,India,Jammu,ads
5111,2024-02-06,India,Pune,organic
5112,2022-09-11,India,Indore,ads
5113,2023-06-05,India,Pune,referral
5114,2023-10-13,India,Delhi,organic
5115,2023-04-25,India,Jammu,ads
5116,2022-01-10,India,Pune,ads
5117,2023-12-27,India,Delhi,referral
5118,2023-05-20,India,Mumbai,organic
5119,2024-02-24,India,Pune,ads
5120,2024-04-15,India,Jammu,organic
5121,2023-07-14,India,Delhi,organic
5122,2023-03-12,India,Pune,ads
5123,2022-04-21,India,Mumbai,ads
5124,2022-06-02,India,Pune,organic
5125,2023-09-27,India,Delhi,ads
5126,2024-05-18,India,Pune,ads
5127,2022-04-12,India,Jammu,organic
5128,2024-01-23,India,Indore,ads
5129,2024-04-12,India,Delhi,ads
5130,2022-07-10,India,Delhi,ads
5131,2023-12-30,India,Delhi,organic
5132,2023-07-17,India,Delhi,organic
5133,2024-03-14,India,Pune,organic
5134,2022-03-22,India,Jammu,ads
5135,2023-05-04,India,Mumbai,organic
5136,2024-06-13,India,Jammu,referral
5137,2022-03-29,India,Delhi,ads
5138,2022-07-13,India,Pune,ads
5139,2022-04-14,India,Pune,organic
5140,2024-02-22,India,Delhi,ads
5141,2022-04-06,India,Pune,ads
5142,2023-02-27,India,Delhi,ads
5143,2024-06-09,India,Jammu,ads
5144,2022-07-17,India,Indore,ads
5145,2022-01-01,India,Pune,ads
5146,2023-02-11,India,Delhi,referral
5147,2023-01-13,India,Delhi,organic
5148,2022-06-16,India,Pune,organic
5149,2023-05-24,India,Mumbai,ads
5150,2023-09-30,India,Delhi,organic
5151,2022-11-09,India,Pune,ads
5152,2023-08-16,India,Delhi,organic
5153,2023-02-22,India,Mumbai,referral
5154,2024-02-02,India,Indore,organic
5155,2023-11-12,India,Mumbai,ads
5156,2023-04-22,India,Jammu,organic
5157,2022-03-14,India,Pune,ads
5158,2022-05-21,India,Mumbai,ads
5159,2023-08-05,India,Indore,ads
5160,2022-09-19,India,Delhi,referral
5161,2022-12-06,India,Pune,ads
5162,2022-11-04,India,Mumbai,referral
5163,2022-09-02,India,Indore,ads
5164,2023-05-30,India,Mumbai,ads
5165,2022-12-03,India,Jammu,organic
5166,2023-07-29,India,Pune,ads
5167,2023-07-15,India,Delhi,organic
5168,2022-03-17,India,Indore,organic
5169,2024-05-29,India,Mumbai,organic
5170,2022-06-24,India,Pune,organic
5171,2022-04-19,India,Mumbai,ads
5172,2022-07-02,India,Pune,ads
5173,2022-07-11,India,Jammu,ads
5174,2022-03-06,India,Mumbai,ads
5175,2024-04-28,India,Jammu,referral
5176,2023-04-19,India,Indore,organic
5177,2024-02-22,India,Jammu,organic
5178,2022-04-10,India,Pune,organic
5179,2023-06-28,India,Indore,ads
5180,2024-05-13,India,Mumbai,organic
5181,2022-05-08,India,Mumbai,organic
5182,2023-03-28,India,Pune,ads
5183,2023-01-04,India,Delhi,referral
5184,2024-04-30,India,Delhi,organic
5185,2022-02-12,India,Mumbai,ads
5186,2024-06-02,India,Pune,organic
5187,2023-02-23,India,Delhi,ads
5188,2023-05-03,India,Jammu,ads
5189,2022-03-19,India,Mumbai,organic
5190,2024-04-05,India,Jammu,referral
5191,2024-03-11,India,Pune,organic
5192,2022-09-27,India,Jammu,referral
5193,2023-11-05,India,Delhi,referral
5194,2023-12-02,India,Delhi,referral
5195,2024-01-29,India,Indore,ads
5196,2024-06-18,India,Mumbai,ads
5197,2023-12-29,India,Pune,ads
5198,2022-11-11,India,Mumbai,organic
5199,2024-04-30,India,Jammu,referral
5200,2024-06-07,India,Pune,ads
5201,2022-06-17,India,Pune,organic
5202,2022-12-05,India,Delhi,organic
5203,2022-07-12,India,Jammu,ads
5204,2023-03-29,India,Delhi,ads
5205,2022-10-10,India,Delhi,ads
5206,2022-12-02,India,Indore,ads
5207,2023-01-25,India,Delhi,organic
5208,2023-06-09,India,Mumbai,ads
5209,2022-08-28,India,Pune,organic
5210,2024-04-11,India,Delhi,ads
5211,2023-04-28,India,Mumbai,organic
5212,2023-10-21,India,Jammu,ads
5213,2023-12-17,India,Pune,referral
5214,2023-08-15,India,Jammu,ads
5215,2024-06-09,India,Mumbai,referral
5216,2023-07-09,India,Jammu,organic
5217,2023-04-03,India,Jammu,organic
5218,2022-03-30,India,Jammu,ads
5219,2023-10-22,India,Delhi,ads
5220,2022-04-05,India,Delhi,ads
5221,2023-03-28,India,Delhi,ads
5222,2023-03-04,India,Pune,referral
5223,2022-05-31,India,Mumbai,ads
5224,2023-05-29,India,Delhi,referral
5225,2023-01-11,India,Jammu,organic
5226,2022-01-22,India,Jammu,ads
5227,2024-06-01,India,Jammu,organic
5228,2022-11-09,India,Jammu,ads
5229,2024-04-19,India,Indore,ads
5230,2023-06-03,India,Pune,ads
5231,2022-07-25,India,Mumbai,referral
5232,2023-01-10,India,Mumbai,ads
5233,2023-03-27,India,Delhi,organic
5234,2023-09-18,India,Indore,ads
5235,2024-02-23,India,Mumbai,organic
5236,2023-08-18,India,Pune,ads
5237,2022-06-28,India,Jammu,ads
5238,2022-07-29,India,Delhi,ads
5239,2023-05-15,India,Pune,ads
5240,2023-04-09,India,Mumbai,organic
5241,2024-04-19,India,Indore,ads
5242,2022-05-04,India,Delhi,referral
5243,2022-04-23,India,Mumbai,ads
5244,2022-01-12,India,Delhi,ads
5245,2022-05-06,India,Mumbai,ads
5246,2023-07-19,India,Jammu,ads
5247,2022-11-27,India,Indore,referral
5248,2022-10-10,India,Jammu,referral
5249,2022-05-20,India,Mumbai,organic
5250,2023-02-05,India,Pune,referral
5251,2022-04-07,India,Jammu,referral
5252,2023-06-01,India,Pune,organic
5253,2023-07-23,India,Mumbai,referral
5254,2024-04-25,India,Indore,ads
5255,2022-03-10,India,Pune,organic
5256,2022-04-28,India,Mumbai,organic
5257,2024-06-06,India,Pune,ads
5258,2022-02-28,India,Jammu,referral
5259,2022-02-02,India,Mumbai,ads
5260,2022-11-14,India,Jammu,referral
5261,2022-02-19,India,Delhi,ads
5262,2024-05-29,India,Mumbai,ads
5263,2023-05-04,India,Pune,ads
5264,2022-01-19,India,Delhi,referral
5265,2023-12-27,India,Jammu,ads
5266,2022-07-16,India,Jammu,organic
5267,2024-06-09,India,Pune,organic
5268,2023-03-26,India,Delhi,ads
5269,2023-07-13,India,Indore,referral
5270,2023-11-10,India,Pune,ads
5271,2023-03-28,India,Jammu,organic
5272,2022-10-16,India,Mumbai,ads
5273,2022-05-21,India,Delhi,ads
5274,2022-03-25,India,Indore,ads
5275,2023-11-25,India,Mumbai,organic
5276,2023-01-26,India,Delhi,referral
5277,2023-08-14,India,Pune,ads
5278,2022-08-03,India,Pune,ads
5279,2023-06-10,India,Delhi,referral
5280,2022-08-03,India,Indore,ads
5281,2023-02-07,India,Delhi,organic
5282,2022-05-08,India,Mumbai,organic
5283,2024-04-01,India,Mumbai,ads
5284,2023-04-22,India,Pune,organic
5285,2024-01-30,India,Delhi,referral
5286,2023-02-08,India,Pune,ads
5287,2022-01-29,India,Indore,organic
5288,2024-03-02,India,Mumbai,organic
5289,2022-12-04,India,Jammu,ads
5290,2024-04-10,India,Jammu,ads
5291,2023-12-15,India,Delhi,organic
5292,2022-12-27,India,Delhi,ads
5293,2023-07-23,India,Jammu,ads
5294,2023-01-27,India,Delhi,referral
5295,2022-08-06,India,Mumbai,organic
5296,2023-07-28,India,Indore,referral
5297,2023-10-31,India,Indore,ads
5298,2022-07-21,India,Pune,referral
5299,2022-01-17,India,Mumbai,organic
5300,2022-11-18,India,Delhi,referral
5301,2023-06-02,India,Delhi,referral
5302,2023-07-24,India,Pune,referral
5303,2022-11-21,India,Pune,referral
5304,2023-02-16,India,Delhi,ads
5305,2022-11-14,India,Delhi,organic
5306,2023-11-12,India,Mumbai,ads
5307,2022-03-23,India,Pune,organic
5308,2023-04-19,India,Mumbai,referral
5309,2023-04-13,India,Delhi,ads
5310,2023-03-01,India,Jammu,organic
5311,2024-01-01,India,Jammu,organic
5312,2023-11-20,India,Delhi,ads
5313,2022-07-23,India,Pune,ads
5314,2023-08-06,India,Jammu,ads
5315,2023-01-22,India,Pune,ads
5316,2024-02-17,India,Jammu,organic
5317,2022-04-08,India,Pune,organic
5318,2022-12-11,India,Jammu,ads
5319,2024-03-13,India,Pune,referral
5320,2022-07-27,India,Mumbai,organic
5321,2023-05-29,India,Pune,organic
5322,2023-09-28,India,Mumbai,ads
5323,2024-03-02,India,Mumbai,organic
5324,2023-08-09,India,Delhi,ads
5325,2022-06-15,India,Mumbai,organic
5326,2022-01-22,India,Indore,organic
5327,2022-06-03,India,Mumbai,ads
5328,2023-03-15,India,Pune,referral
5329,2022-10-22,India,Mumbai,ads
5330,2022-08-07,India,Pune,ads
5331,2023-10-31,India,Pune,referral
5332,2023-05-10,India,Indore,ads
5333,2022-08-18,India,Mumbai,organic
5334,2022-01-20,India,Mumbai,organic
5335,2023-07-07,India,Jammu,ads
5336,2022-05-28,India,Jammu,referral
5337,2022-04-18,India,Delhi,ads
5338,2023-02-07,India,Pune,ads
5339,2023-08-19,India,Indore,referral
5340,2023-04-28,India,Jammu,organic
5341,2023-01-02,India,Mumbai,organic
5342,2024-04-13,India,Delhi,referral
5343,2023-02-18,India,Indore,ads
5344,2022-11-05,India,Mumbai,ads
5345,2024-03-12,India,Mumbai,ads
5346,2024-04-14,India,Pune,referral
5347,2022-05-14,India,Pune,ads
5348,2023-12-20,India,Jammu,ads
5349,2022-10-10,India,Jammu,ads
5350,2024-02-17,India,Mumbai,ads
5351,2022-03-14,India,Mumbai,organic
5352,2023-04-26,India,Jammu,referral
5353,2022-12-18,India,Jammu,ads
5354,2023-07-14,India,Mumbai,ads
5355,2022-11-22,India,Indore,organic
5356,2024-01-15,India,Mumbai,ads
5357,2023-03-19,India,Indore,referral
5358,2022-04-10,India,Indore,organic
5359,2022-02-28,India,Mumbai,ads
5360,2023-05-23,India,Delhi,referral
5361,2022-09-15,India,Jammu,ads
5362,2023-02-17,India,Pune,ads
5363,2023-03-28,India,Mumbai,ads
5364,2022-03-06,India,Indore,referral
5365,2023-08-18,India,Mumbai,organic
5366,2022-06-03,India,Jammu,ads
5367,2022-09-23,India,Indore,referral
5368,2024-03-31,India,Pune,organic
5369,2022-03-20,India,Pune,ads
5370,2022-11-11,India,Pune,organic
5371,2023-10-24,India,Delhi,organic
5372,2023-07-14,India,Indore,organic
5373,2024-06-09,India,Indore,ads
5374,2022-09-05,India,Delhi,ads
5375,2024-02-29,India,Indore,organic
5376,2024-05-17,India,Delhi,referral
5377,2023-09-02,India,Mumbai,organic
5378,2023-02-18,India,Jammu,referral
5379,2022-01-25,India,Pune,organic
5380,2022-10-11,India,Delhi,referral
5381,2023-03-25,India,Delhi,ads
5382,2024-05-30,India,Delhi,ads
5383,2022-10-28,India,Mumbai,ads
5384,2022-03-09,India,Delhi,ads
5385,2022-01-07,India,Jammu,organic
5386,2024-03-27,India,Jammu,referral
5387,2022-05-17,India,Pune,ads
5388,2022-06-13,India,Mumbai,referral
5389,2022-03-24,India,Jammu,organic
5390,2024-06-15,India,Indore,organic
5391,2023-10-12,India,Indore,organic
5392,2023-02-24,India,Indore,ads
5393,2022-03-14,India,Delhi,ads
5394,2022-08-25,India,Delhi,organic
5395,2022-02-15,India,Indore,referral
5396,2023-09-10,India,Pune,organic
5397,2024-03-10,India,Pune,ads
5398,2022-09-19,India,Delhi,ads
5399,2022-06-25,India,Indore,referral
5400,2022-06-15,India,Pune,ads
5401,2023-10-19,India,Delhi,referral
5402,2024-04-21,India,Indore,organic
5403,2023-01-05,India,Mumbai,organic
5404,2024-03-05,India,Indore,organic
5405,2022-02-23,India,Indore,ads
5406,2023-11-21,India,Jammu,organic
5407,2023-02-23,India,Jammu,organic
5408,2024-01-26,India,Mumbai,organic
5409,2023-05-22,India,Mumbai,referral
5410,2022-12-07,India,Indore,ads
5411,2022-05-07,India,Pune,organic
5412,2023-02-13,India,Mumbai,ads
5413,2023-01-02,India,Indore,ads
5414,2022-09-28,India,Delhi,organic
5415,2023-10-06,India,Jammu,ads
5416,2023-08-28,India,Pune,organic
5417,2023-01-14,India,Indore,ads
5418,2022-03-14,India,Delhi,ads
5419,2022-09-05,India,Jammu,ads
5420,2024-05-09,India,Delhi,ads
5421,2024-02-24,India,Indore,referral
5422,2022-02-12,India,Mumbai,organic
5423,2023-01-12,India,Jammu,referral
5424,2022-02-10,India,Delhi,ads
5425,2022-06-19,India,Mumbai,organic
5426,2022-07-31,India,Pune,organic
5427,2023-05-08,India,Indore,ads
5428,2023-11-11,India,Indore,organic
5429,2022-02-08,India,Jammu,organic
5430,2023-01-04,India,Delhi,ads
5431,2024-01-27,India,Pune,organic
5432,2022-05-31,India,Jammu,ads
5433,2022-04-21,India,Jammu,ads
5434,2023-04-25,India,Delhi,ads
5435,2023-03-12,India,Pune,referral
5436,2022-02-16,India,Delhi,ads
5437,2023-07-29,India,Indore,ads
5438,2024-01-07,India,Mumbai,organic
5439,2023-01-01,India,Indore,organic
5440,2022-03-10,India,Indore,organic
5441,2022-10-26,India,Jammu,ads
5442,2024-03-12,India,Indore,organic
5443,2022-10-23,India,Pune,ads
5444,2022-07-22,India,Indore,organic
5445,2022-03-02,India,Pune,organic
5446,2024-04-09,India,Delhi,organic
5447,2022-11-10,India,Jammu,referral
5448,2022-06-10,India,Pune,organic
5449,2022-11-27,India,Indore,organic
5450,2023-06-12,India,Jammu,ads
5451,2022-12-04,India,Jammu,ads
5452,2023-08-29,India,Pune,referral
5453,2022-10-31,India,Pune,ads
5454,2023-05-18,India,Mumbai,organic
5455,2023-10-12,India,Mumbai,organic
5456,2022-12-04,India,Jammu,ads
5457,2023-07-04,India,Mumbai,referral
5458,2023-10-01,India,Indore,organic
5459,2022-10-02,India,Delhi,organic
5460,2022-06-13,India,Jammu,ads
5461,2023-03-19,India,Delhi,organic
5462,2022-11-15,India,Mumbai,ads
5463,2023-08-12,India,Pune,organic
5464,2023-05-19,India,Jammu,organic
5465,2023-11-17,India,Mumbai,ads
5466,2023-01-22,India,Indore,organic
5467,2024-05-19,India,Jammu,ads
5468,2024-04-12,India,Jammu,referral
5469,2024-06-06,India,Pune,organic
5470,2023-08-26,India,Jammu,ads
5471,2024-01-20,India,Pune,ads
5472,2024-02-15,India,Mumbai,referral
5473,2023-11-22,India,Indore,ads
5474,2023-05-09,India,Indore,ads
5475,2023-05-05,India,Jammu,ads
5476,2023-12-22,India,Jammu,ads
5477,2022-03-14,India,Mumbai,referral
5478,2023-05-24,India,Pune,organic
5479,2023-01-25,India,Indore,ads
5480,2023-09-11,India,Pune,ads
5481,2024-05-06,India,Mumbai,ads
5482,2022-10-22,India,Indore,referral
5483,2023-01-04,India,Indore,organic
5484,2024-03-06,India,Delhi,organic
5485,2024-05-14,India,Mumbai,organic
5486,2023-11-25,India,Mumbai,referral
5487,2023-07-03,India,Delhi,referral
5488,2023-10-11,India,Pune,ads
5489,2024-04-29,India,Delhi,referral
5490,2023-07-22,India,Mumbai,referral
5491,2022-07-06,India,Pune,ads
5492,2024-05-02,India,Indore,referral
5493,2024-02-09,India,Delhi,organic
5494,2023-03-21,India,Pune,organic
5495,2023-07-24,India,Pune,ads
5496,2022-12-29,India,Pune,organic
5497,2022-05-03,India,Delhi,ads
5498,2022-07-07,India,Indore,referral
5499,2024-01-12,India,Pune,referral
5500,2023-11-11,India,Delhi,organic
5501,2023-02-24,India,Mumbai,organic
5502,2023-09-18,India,Delhi,organic
5503,2022-09-09,India,Delhi,ads
5504,2023-09-11,India,Delhi,organic
5505,2023-07-03,India,Pune,organic
5506,2022-12-01,India,Delhi,ads
5507,2022-04-02,India,Mumbai,ads
5508,2023-06-14,India,Pune,organic
5509,2024-05-15,India,Mumbai,ads
5510,2022-03-04,India,Jammu,referral
5511,2023-10-24,India,Delhi,ads
5512,2023-05-27,India,Pune,ads
5513,2022-05-19,India,Pune,organic
5514,2023-11-29,India,Delhi,organic
5515,2022-07-04,India,Indore,organic
5516,2022-07-24,India,Indore,organic
5517,2024-02-11,India,Mumbai,organic
5518,2022-08-02,India,Delhi,organic
5519,2022-09-13,India,Delhi,ads
5520,2022-05-15,India,Jammu,ads
5521,2023-07-27,India,Indore,ads
5522,2024-05-24,India,Indore,ads
5523,2024-04-01,India,Delhi,ads
5524,2022-03-29,India,Mumbai,ads
5525,2024-04-15,India,Delhi,referral
5526,2022-07-26,India,Mumbai,ads
5527,2022-05-09,India,Indore,ads
5528,2024-04-02,India,Jammu,referral
5529,2022-01-03,India,Pune,ads
5530,2024-01-24,India,Indore,ads
5531,2022-05-01,India,Mumbai,ads
5532,2023-01-20,India,Delhi,ads
5533,2023-09-06,India,Indore,ads
5534,2022-02-07,India,Jammu,ads
5535,2022-12-07,India,Mumbai,referral
5536,2023-10-07,India,Delhi,ads
5537,2023-12-15,India,Pune,ads
5538,2024-05-09,India,Mumbai,organic
5539,2022-01-21,India,Delhi,ads
5540,2022-08-30,India,Pune,ads
5541,2023-03-31,India,Delhi,referral
5542,2023-09-13,India,Pune,referral
5543,2022-10-30,India,Pune,organic
5544,2023-08-19,India,Pune,ads
5545,2023-08-18,India,Delhi,referral
5546,2024-03-13,India,Pune,ads
5547,2022-03-10,India,Mumbai,ads
5548,2022-05-09,India,Jammu,ads
5549,2022-07-15,India,Jammu,organic
5550,2022-05-20,India,Pune,ads
5551,2023-03-20,India,Jammu,organic
5552,2022-10-10,India,Jammu,referral
5553,2022-11-08,India,Pune,ads
5554,2024-01-16,India,Pune,organic
5555,2023-06-19,India,Mumbai,ads
5556,2023-10-27,India,Indore,ads
5557,2022-10-04,India,Delhi,ads
5558,2022-03-02,India,Pune,organic
5559,2022-11-15,India,Pune,ads
5560,2024-06-08,India,Jammu,referral
5561,2022-02-21,India,Mumbai,referral
5562,2024-05-05,India,Jammu,referral
5563,2022-06-02,India,Pune,ads
5564,2024-01-19,India,Pune,ads
5565,2022-11-07,India,Jammu,ads
5566,2024-03-24,India,Pune,organic
5567,2023-06-28,India,Indore,referral
5568,2023-07-21,India,Delhi,organic
5569,2024-05-13,India,Delhi,organic
5570,2023-01-24,India,Delhi,ads
5571,2023-07-02,India,Indore,referral
5572,2023-09-14,India,Pune,ads
5573,2022-06-26,India,Jammu,ads
5574,2022-12-28,India,Mumbai,referral
5575,2022-11-10,India,Pune,organic
5576,2024-03-17,India,Indore,ads
5577,2024-04-27,India,Indore,ads
5578,2022-04-07,India,Delhi,ads
5579,2024-05-30,India,Pune,organic
5580,2022-08-01,India,Delhi,ads
5581,2024-04-08,India,Mumbai,referral
5582,2022-05-17,India,Delhi,ads
5583,2022-01-06,India,Mumbai,ads
5584,2022-04-19,India,Indore,ads
5585,2023-07-01,India,Delhi,ads
5586,2022-02-08,India,Delhi,organic
5587,2023-10-24,India,Jammu,organic
5588,2023-03-01,India,Indore,ads
5589,2023-09-22,India,Jammu,organic
5590,2022-09-18,India,Mumbai,referral
5591,2023-03-02,India,Mumbai,ads
5592,2022-03-28,India,Indore,ads
5593,2023-04-10,India,Mumbai,ads
5594,2022-03-17,India,Indore,organic
5595,2023-04-16,India,Mumbai,ads
5596,2023-02-18,India,Pune,ads
5597,2024-04-04,India,Delhi,organic
5598,2024-06-13,India,Pune,referral
5599,2023-12-27,India,Indore,ads
5600,2023-04-02,India,Indore,ads
5601,2022-10-12,India,Pune,organic
5602,2022-08-27,India,Delhi,ads
5603,2023-11-08,India,Delhi,ads
5604,2023-08-22,India,Jammu,organic
5605,2023-10-15,India,Mumbai,referral
5606,2023-11-03,India,Jammu,referral
5607,2023-07-12,India,Delhi,ads
5608,2023-01-07,India,Pune,organic
5609,2023-05-10,India,Mumbai,ads
5610,2023-09-16,India,Pune,ads
5611,2022-02-14,India,Jammu,referral
5612,2023-02-05,India,Indore,referral
5613,2022-09-04,India,Pune,ads
5614,2023-09-08,India,Jammu,ads
5615,2023-08-20,India,Jammu,ads
5616,2023-03-26,India,Jammu,organic
5617,2023-04-30,India,Indore,referral
5618,2023-10-08,India,Indore,ads
5619,2023-09-12,India,Indore,ads
5620,2022-01-18,India,Mumbai,ads
5621,2023-08-29,India,Indore,ads
5622,2023-10-24,India,Indore,organic
5623,2024-01-28,India,Indore,referral
5624,2022-10-16,India,Pune,ads
5625,2023-02-18,India,Indore,ads
5626,2023-12-22,India,Mumbai,ads
5627,2023-09-30,India,Jammu,ads
5628,2022-08-23,India,Pune,ads
5629,2023-02-20,India,Delhi,organic
5630,2023-05-14,India,Indore,ads
5631,2023-09-26,India,Jammu,ads
5632,2023-10-12,India,Jammu,organic
5633,2022-04-25,India,Pune,ads
5634,2023-11-05,India,Delhi,organic
5635,2023-12-14,India,Mumbai,organic
5636,2022-08-22,India,Jammu,referral
5637,2023-06-24,India,Jammu,ads
5638,2022-01-11,India,Jammu,organic
5639,2022-07-25,India,Jammu,ads
5640,2023-11-10,India,Pune,referral
5641,2022-09-04,India,Delhi,organic
5642,2023-07-13,India,Jammu,ads
5643,2024-01-28,India,Mumbai,ads
5644,2022-05-07,India,Mumbai,referral
5645,2022-05-27,India,Indore,referral
5646,2022-04-28,India,Jammu,referral
5647,2023-01-17,India,Jammu,referral
5648,2023-02-16,India,Jammu,referral
5649,2023-10-26,India,Jammu,organic
5650,2023-08-07,India,Jammu,ads
5651,2022-12-29,India,Mumbai,ads
5652,2023-05-24,India,Delhi,organic
5653,2022-05-17,India,Delhi,ads
5654,2022-06-24,India,Indore,organic
5655,2022-10-16,India,Mumbai,ads
5656,2023-04-26,India,Jammu,organic
5657,2022-01-19,India,Delhi,ads
5658,2022-07-14,India,Pune,ads
5659,2022-11-26,India,Pune,ads
5660,2022-06-24,India,Pune,ads
5661,2023-03-25,India,Jammu,referral
5662,2022-12-20,India,Jammu,organic
5663,2023-05-14,India,Indore,referral
5664,2022-05-21,India,Indore,ads
5665,2024-01-28,India,Indore,ads
5666,2024-06-15,India,Pune,ads
5667,2022-04-03,India,Jammu,ads
5668,2022-08-27,India,Pune,ads
5669,2022-07-24,India,Indore,ads
5670,2023-07-14,India,Jammu,referral
5671,2023-03-09,India,Mumbai,referral
5672,2022-09-02,India,Delhi,referral
5673,2024-04-11,India,Delhi,referral
5674,2022-11-13,India,Indore,ads
5675,2022-10-22,India,Pune,organic
5676,2023-10-02,India,Mumbai,ads
5677,2024-05-05,India,Jammu,ads
5678,2022-10-09,India,Pune,organic
5679,2022-01-17,India,Indore,referral
5680,2022-03-12,India,Pune,organic
5681,2022-09-26,India,Indore,referral
5682,2022-11-21,India,Delhi,ads
5683,2024-03-04,India,Delhi,ads
5684,2022-11-01,India,Pune,ads
5685,2023-03-27,India,Mumbai,referral
5686,2022-01-07,India,Jammu,referral
5687,2022-11-10,India,Indore,organic
5688,2024-03-27,India,Jammu,ads
5689,2022-04-13,India,Delhi,ads
5690,2024-03-31,India,Mumbai,ads
5691,2022-07-12,India,Mumbai,referral
5692,2024-01-23,India,Jammu,ads
5693,2023-07-28,India,Delhi,ads
5694,2023-06-13,India,Jammu,ads
5695,2022-06-20,India,Pune,referral
5696,2023-06-21,India,Mumbai,organic
5697,2022-09-08,India,Mumbai,organic
5698,2024-02-04,India,Pune,ads
5699,2023-01-22,India,Delhi,ads
5700,2022-07-26,India,Mumbai,ads
5701,2023-06-25,India,Indore,referral
5702,2023-09-21,India,Indore,referral
5703,2023-02-20,India,Delhi,ads
5704,2024-03-04,India,Pune,ads
5705,2023-01-15,India,Jammu,referral
5706,2022-05-24,India,Delhi,organic
5707,2022-01-25,India,Jammu,ads
5708,2024-04-01,India,Delhi,ads
5709,2023-10-30,India,Indore,organic
5710,2022-03-14,India,Pune,organic
5711,2023-09-24,India,Indore,referral
5712,2024-04-03,India,Pune,referral
5713,2024-04-12,India,Jammu,ads
5714,2022-04-03,India,Delhi,organic
5715,2023-05-20,India,Mumbai,ads
5716,2023-08-21,India,Mumbai,organic
5717,2022-12-02,India,Pune,organic
5718,2023-03-01,India,Pune,organic
5719,2023-05-14,India,Indore,referral
5720,2022-12-30,India,Mumbai,organic
5721,2023-09-22,India,Indore,referral
5722,2024-01-15,India,Jammu,ads
5723,2022-07-18,India,Mumbai,ads
5724,2023-12-19,India,Jammu,organic
5725,2023-02-17,India,Delhi,referral
5726,2022-12-05,India,Indore,ads
5727,2023-10-21,India,Pune,ads
5728,2023-03-05,India,Mumbai,ads
5729,2024-02-22,India,Indore,organic
5730,2024-06-17,India,Pune,referral
5731,2022-05-19,India,Delhi,organic
5732,2023-11-24,India,Mumbai,referral
5733,2023-06-26,India,Jammu,organic
5734,2022-02-26,India,Delhi,ads
5735,2022-08-20,India,Pune,organic
5736,2023-10-20,India,Mumbai,organic
5737,2023-03-11,India,Mumbai,referral
5738,2023-01-19,India,Delhi,ads
5739,2023-07-14,India,Mumbai,ads
5740,2022-07-13,India,Pune,ads
5741,2024-01-06,India,Delhi,organic
5742,2023-10-10,India,Jammu,ads
5743,2023-06-18,India,Delhi,organic
5744,2023-06-02,India,Delhi,referral
5745,2023-12-17,India,Jammu,ads
5746,2024-01-21,India,Pune,organic
5747,2022-07-04,India,Indore,referral
5748,2024-05-21,India,Indore,organic
5749,2022-10-19,India,Jammu,ads
5750,2022-12-01,India,Pune,ads
5751,2024-01-02,India,Mumbai,organic
5752,2022-04-26,India,Jammu,ads
5753,2024-04-04,India,Indore,organic
5754,2022-02-18,India,Pune,referral
5755,2023-11-16,India,Delhi,organic
5756,2022-03-23,India,Pune,ads
5757,2024-04-13,India,Pune,ads
5758,2022-11-29,India,Indore,referral
5759,2023-07-11,India,Indore,referral
5760,2022-12-01,India,Mumbai,ads
5761,2023-06-16,India,Mumbai,ads
5762,2022-08-09,India,Jammu,organic
5763,2023-09-27,India,Delhi,ads
5764,2024-01-16,India,Mumbai,ads
5765,2024-01-03,India,Indore,ads
5766,2022-11-19,India,Pune,ads
5767,2024-04-30,India,Jammu,ads
5768,2022-01-03,India,Mumbai,ads
5769,2023-11-25,India,Pune,ads
5770,2022-07-25,India,Pune,organic
5771,2024-04-11,India,Mumbai,organic
5772,2022-02-09,India,Delhi,ads
5773,2022-02-28,India,Delhi,referral
5774,2023-07-28,India,Jammu,ads
5775,2023-10-06,India,Delhi,ads
5776,2023-05-22,India,Jammu,ads
5777,2023-07-26,India,Indore,organic
5778,2024-06-02,India,Mumbai,ads
5779,2024-04-22,India,Pune,ads
5780,2022-05-02,India,Jammu,organic
5781,2023-04-24,India,Delhi,organic
5782,2023-09-11,India,Jammu,organic
5783,2022-04-06,India,Jammu,organic
5784,2024-05-08,India,Delhi,referral
5785,2023-02-18,India,Delhi,ads
5786,2022-08-23,India,Mumbai,ads
5787,2024-06-16,India,Pune,referral
5788,2022-03-03,India,Mumbai,organic
5789,2022-09-13,India,Mumbai,organic
5790,2023-07-15,India,Delhi,ads
5791,2022-12-14,India,Delhi,ads
5792,2023-11-02,India,Pune,ads
5793,2022-05-04,India,Jammu,ads
5794,2023-04-27,India,Mumbai,ads
5795,2022-11-13,India,Pune,ads
5796,2023-05-19,India,Mumbai,organic
5797,2023-12-20,India,Jammu,ads
5798,2022-02-17,India,Mumbai,ads
5799,2023-02-13,India,Indore,ads
5800,2022-05-16,India,Pune,ads
5801,2022-07-20,India,Delhi,ads
5802,2022-09-07,India,Mumbai,ads
5803,2022-11-10,India,Pune,ads
5804,2024-05-18,India,Pune,organic
5805,2023-01-03,India,Mumbai,ads
5806,2023-03-05,India,Delhi,organic
5807,2024-04-09,India,Delhi,referral
5808,2024-03-17,India,Mumbai,organic
5809,2023-04-25,India,Pune,ads
5810,2022-11-10,India,Delhi,ads
5811,2023-05-15,India,Mumbai,organic
5812,2023-12-22,India,Mumbai,referral
5813,2022-12-21,India,Mumbai,referral
5814,2023-04-30,India,Pune,ads
5815,2022-07-30,India,Delhi,organic
5816,2023-12-05,India,Pune,referral
5817,2022-02-13,India,Indore,referral
5818,2023-06-25,India,Delhi,ads
5819,2023-07-25,India,Pune,ads
5820,2023-08-06,India,Delhi,ads
5821,2022-04-02,India,Indore,ads
5822,2022-09-22,India,Jammu,organic
5823,2024-06-13,India,Mumbai,referral
5824,2022-08-08,India,Pune,referral
5825,2023-03-18,India,Indore,ads
5826,2023-02-05,India,Indore,organic
5827,2023-02-04,India,Delhi,ads
5828,2023-12-28,India,Delhi,organic
5829,2024-06-17,India,Mumbai,organic
5830,2024-02-28,India,Delhi,ads
5831,2023-07-30,India,Pune,ads
5832,2024-05-07,India,Pune,ads
5833,2024-03-14,India,Pune,ads
5834,2023-05-05,India,Jammu,referral
5835,2023-04-30,India,Pune,ads
5836,2024-01-27,India,Delhi,ads
5837,2023-04-15,India,Delhi,ads
5838,2023-07-28,India,Pune,referral
5839,2024-04-23,India,Indore,ads
5840,2023-11-13,India,Indore,ads
5841,2023-03-21,India,Indore,organic
5842,2022-09-26,India,Mumbai,ads
5843,2022-09-24,India,Jammu,ads
5844,2022-02-23,India,Pune,organic
5845,2023-06-12,India,Mumbai,ads
5846,2023-06-04,India,Indore,referral
5847,2023-09-08,India,Pune,organic
5848,2022-02-28,India,Mumbai,organic
5849,2024-04-04,India,Delhi,ads
5850,2022-02-09,India,Indore,referral
5851,2022-08-25,India,Mumbai,organic
5852,2023-01-21,India,Delhi,ads
5853,2023-08-29,India,Indore,ads
5854,2024-01-04,India,Jammu,ads
5855,2023-12-17,India,Indore,organic
5856,2023-10-12,India,Jammu,referral
5857,2022-10-27,India,Jammu,organic
5858,2023-01-30,India,Jammu,organic
5859,2022-07-26,India,Pune,ads
5860,2022-12-02,India,Pune,organic
5861,2023-08-16,India,Jammu,referral
5862,2023-12-31,India,Delhi,ads
5863,2023-05-29,India,Jammu,ads
5864,2022-06-27,India,Mumbai,ads
5865,2023-01-31,India,Jammu,ads
5866,2023-01-06,India,Pune,organic
5867,2024-05-07,India,Pune,referral
5868,2024-03-01,India,Mumbai,ads
5869,2023-10-20,India,Mumbai,ads
5870,2022-11-14,India,Indore,ads
5871,2024-01-06,India,Delhi,referral
5872,2023-01-04,India,Delhi,ads
5873,2023-01-19,India,Delhi,ads
5874,2022-03-03,India,Pune,ads
5875,2024-03-16,India,Delhi,ads
5876,2023-05-20,India,Indore,referral
5877,2022-08-27,India,Indore,ads
5878,2022-07-14,India,Delhi,organic
5879,2023-11-09,India,Mumbai,organic
5880,2022-08-10,India,Indore,ads
5881,2022-03-02,India,Mumbai,ads
5882,2022-05-09,India,Pune,referral
5883,2023-11-16,India,Indore,organic
5884,2022-06-05,India,Mumbai,organic
5885,2023-01-13,India,Delhi,organic
5886,2023-09-14,India,Pune,referral
5887,2024-02-20,India,Jammu,ads
5888,2024-05-17,India,Jammu,ads
5889,2024-02-29,India,Delhi,ads
5890,2023-08-09,India,Pune,ads
5891,2023-03-13,India,Pune,ads
5892,2022-07-26,India,Pune,referral
5893,2023-01-23,India,Pune,referral
5894,2023-04-25,India,Jammu,ads
5895,2024-03-01,India,Mumbai,ads
5896,2024-06-05,India,Pune,ads
5897,2024-04-17,India,Mumbai,referral
5898,2022-12-06,India,Pune,ads
5899,2024-05-18,India,Indore,organic
5900,2022-12-06,India,Indore,referral
5901,2022-07-23,India,Indore,ads
5902,2022-06-10,India,Pune,referral
5903,2023-06-24,India,Mumbai,ads
5904,2023-01-27,India,Jammu,organic
5905,2024-02-08,India,Delhi,ads
5906,2023-11-08,India,Jammu,ads
5907,2023-07-29,India,Pune,referral
5908,2023-06-18,India,Indore,organic
5909,2022-03-11,India,Indore,ads
5910,2024-06-11,India,Mumbai,ads
5911,2023-02-09,India,Pune,ads
5912,2023-08-31,India,Jammu,organic
5913,2023-11-06,India,Pune,ads
5914,2023-08-14,India,Pune,referral
5915,2023-06-01,India,Indore,ads
5916,2024-04-07,India,Jammu,ads
5917,2022-04-30,India,Delhi,organic
5918,2024-03-24,India,Indore,ads
5919,2023-11-21,India,Jammu,referral
5920,2023-11-19,India,Mumbai,organic
5921,2022-08-05,India,Indore,ads
5922,2022-02-25,India,Mumbai,organic
5923,2023-01-01,India,Indore,ads
5924,2023-11-30,India,Pune,ads
5925,2023-05-19,India,Jammu,ads
5926,2024-01-14,India,Mumbai,organic
5927,2024-02-06,India,Indore,ads
5928,2023-03-31,India,Mumbai,ads
5929,2022-04-14,India,Indore,ads
5930,2022-03-18,India,Indore,ads
5931,2022-08-18,India,Delhi,ads
5932,2022-09-15,India,Delhi,ads
5933,2022-09-21,India,Delhi,ads
5934,2022-11-27,India,Mumbai,ads
5935,2022-07-01,India,Pune,ads
5936,2024-06-11,India,Indore,referral
5937,2024-02-07,India,Jammu,organic
5938,2023-07-04,India,Delhi,ads
5939,2023-11-19,India,Mumbai,referral
5940,2022-01-27,India,Mumbai,ads
5941,2022-10-03,India,Mumbai,ads
5942,2023-10-14,India,Jammu,referral
5943,2022-10-26,India,Jammu,organic
5944,2024-03-09,India,Delhi,referral
5945,2022-04-01,India,Jammu,referral
5946,2023-04-25,India,Delhi,ads
5947,2023-07-27,India,Jammu,referral
5948,2023-04-03,India,Jammu,referral
5949,2023-03-27,India,Jammu,ads
5950,2022-12-31,India,Delhi,referral
5951,2024-05-08,India,Indore,ads
5952,2023-11-06,India,Delhi,organic
5953,2022-12-17,India,Indore,ads
5954,2023-10-17,India,Mumbai,ads
5955,2023-02-04,India,Mumbai,organic
5956,2022-09-10,India,Delhi,ads
5957,2024-02-20,India,Indore,organic
5958,2024-05-30,India,Indore,organic
5959,2024-03-13,India,Indore,ads
5960,2023-04-04,India,Mumbai,ads
5961,2023-11-30,India,Delhi,organic
5962,2023-05-14,India,Pune,referral
5963,2023-05-23,India,Indore,organic
5964,2022-10-31,India,Indore,organic
5965,2023-05-16,India,Pune,organic
5966,2024-03-13,India,Delhi,ads
5967,2023-08-21,India,Indore,ads
5968,2022-06-15,India,Delhi,referral
5969,2023-02-19,India,Indore,organic
5970,2023-04-07,India,Jammu,ads
5971,2022-04-24,India,Indore,ads
5972,2023-03-09,India,Jammu,ads
5973,2022-12-22,India,Delhi,organic
5974,2023-11-26,India,Indore,ads
5975,2022-07-26,India,Mumbai,organic
5976,2024-02-07,India,Mumbai,ads
5977,2022-08-23,India,Pune,ads
5978,2023-03-18,India,Mumbai,referral
5979,2022-12-21,India,Jammu,ads
5980,2023-05-30,India,Mumbai,referral
5981,2022-07-27,India,Mumbai,ads
5982,2023-12-10,India,Mumbai,ads
5983,2024-05-02,India,Indore,ads
5984,2022-05-05,India,Pune,organic
5985,2022-05-18,India,Delhi,organic
5986,2022-12-05,India,Pune,ads
5987,2023-06-21,India,Jammu,ads
5988,2022-03-09,India,Indore,organic
5989,2023-07-27,India,Indore,ads
5990,2023-06-25,India,Mumbai,ads
5991,2023-01-18,India,Mumbai,ads
5992,2022-01-19,India,Jammu,organic
5993,2023-11-14,India,Indore,ads
5994,2023-03-26,India,Delhi,ads
5995,2022-03-15,India,Pune,ads
5996,2023-07-27,India,Indore,ads
5997,2023-10-27,India,Delhi,organic
5998,2022-10-03,India,Delhi,referral
5999,2022-02-17,India,Pune,ads
6000,2022-07-30,India,Delhi,ads
6001,2024-05-04,India,Jammu,ads
6002,2023-10-13,India,Delhi,referral
6003,2023-09-14,India,Jammu,ads
6004,2023-11-26,India,Delhi,referral
6005,2023-06-24,India,Mumbai,ads
6006,2023-12-10,India,Delhi,ads
6007,2022-07-10,India,Jammu,ads
6008,2022-11-11,India,Delhi,organic
6009,2023-07-17,India,Delhi,organic
6010,2023-10-23,India,Delhi,ads
6011,2024-02-19,India,Jammu,ads
6012,2023-07-16,India,Delhi,ads
6013,2024-06-18,India,Pune,ads
6014,2024-01-28,India,Pune,ads
6015,2022-04-23,India,Jammu,ads
6016,2022-06-19,India,Mumbai,organic
6017,2023-04-13,India,Pune,ads
6018,2023-11-09,India,Indore,ads
6019,2022-01-14,India,Pune,ads
6020,2023-12-16,India,Indore,ads
6021,2022-10-15,India,Jammu,ads
6022,2022-07-08,India,Mumbai,ads
6023,2022-06-04,India,Indore,ads
6024,2023-07-21,India,Indore,referral
6025,2023-11-25,India,Pune,ads
6026,2023-12-23,India,Indore,ads
6027,2024-06-06,India,Jammu,referral
6028,2023-04-16,India,Jammu,ads
6029,2022-03-16,India,Jammu,referral
6030,2022-10-04,India,Pune,ads
6031,2023-10-07,India,Mumbai,organic
6032,2022-12-09,India,Pune,organic
6033,2023-03-01,India,Jammu,referral
6034,2023-07-25,India,Pune,organic
6035,2023-05-26,India,Jammu,ads
6036,2024-05-06,India,Delhi,organic
6037,2022-07-01,India,Delhi,ads
6038,2023-04-03,India,Indore,organic
6039,2024-04-30,India,Mumbai,ads
6040,2024-04-12,India,Delhi,organic
6041,2022-03-05,India,Jammu,organic
6042,2024-04-18,India,Pune,referral
6043,2022-09-17,India,Pune,ads
6044,2022-07-12,India,Indore,organic
6045,2023-10-17,India,Pune,ads
6046,2023-09-08,India,Delhi,ads
6047,2023-02-10,India,Pune,organic
6048,2023-12-27,India,Delhi,organic
6049,2024-01-24,India,Delhi,organic
6050,2023-12-22,India,Mumbai,organic
6051,2022-04-03,India,Indore,ads
6052,2023-03-06,India,Jammu,organic
6053,2023-10-16,India,Delhi,ads
6054,2023-03-10,India,Indore,ads
6055,2023-02-08,India,Jammu,ads
6056,2023-03-10,India,Pune,organic
6057,2022-04-22,India,Indore,organic
6058,2023-01-10,India,Indore,ads
6059,2022-02-28,India,Indore,organic
6060,2022-02-12,India,Pune,ads
6061,2022-07-26,India,Pune,referral
6062,2024-02-19,India,Indore,organic
6063,2022-10-23,India,Mumbai,ads
6064,2022-04-28,India,Delhi,referral
6065,2023-06-16,India,Pune,ads
6066,2022-08-10,India,Mumbai,organic
6067,2022-06-15,India,Pune,ads
6068,2023-10-05,India,Indore,ads
6069,2022-06-05,India,Mumbai,organic
6070,2022-07-03,India,Jammu,ads
6071,2022-03-31,India,Delhi,referral
6072,2022-04-04,India,Delhi,ads
6073,2022-01-13,India,Pune,ads
6074,2024-04-13,India,Delhi,organic
6075,2024-03-15,India,Jammu,ads
6076,2024-01-12,India,Mumbai,ads
6077,2024-04-13,India,Mumbai,referral
6078,2024-03-14,India,Indore,organic
6079,2023-03-14,India,Mumbai,ads
6080,2023-06-22,India,Pune,organic
6081,2023-08-10,India,Jammu,referral
6082,2024-05-25,India,Indore,ads
6083,2024-03-21,India,Pune,organic
6084,2022-05-30,India,Pune,ads
6085,2023-10-22,India,Pune,referral
6086,2022-01-08,India,Delhi,organic
6087,2022-01-29,India,Pune,referral
6088,2022-10-23,India,Delhi,referral
6089,2023-12-22,India,Mumbai,ads
6090,2023-10-02,India,Delhi,ads
6091,2022-12-06,India,Pune,ads
6092,2023-09-20,India,Jammu,ads
6093,2023-03-15,India,Jammu,organic
6094,2022-05-24,India,Mumbai,organic
6095,2024-04-09,India,Pune,ads
6096,2024-01-17,India,Delhi,ads
6097,2023-06-03,India,Jammu,organic
6098,2022-02-14,India,Indore,ads
6099,2022-08-27,India,Pune,ads
6100,2022-06-04,India,Pune,organic
6101,2022-06-30,India,Indore,ads
6102,2022-08-03,India,Jammu,referral
6103,2022-03-29,India,Indore,ads
6104,2022-09-13,India,Mumbai,organic
6105,2023-05-26,India,Delhi,organic
6106,2022-03-14,India,Delhi,ads
6107,2022-06-28,India,Jammu,ads
6108,2022-07-31,India,Indore,ads
6109,2024-03-15,India,Pune,ads
6110,2022-08-22,India,Pune,ads
6111,2023-04-10,India,Pune,organic
6112,2024-01-21,India,Mumbai,organic
6113,2022-08-11,India,Mumbai,organic
6114,2023-09-23,India,Pune,ads
6115,2024-04-04,India,Jammu,organic
6116,2022-09-21,India,Mumbai,ads
6117,2022-07-26,India,Mumbai,referral
6118,2023-08-30,India,Delhi,referral
6119,2024-06-03,India,Delhi,organic
6120,2024-01-04,India,Jammu,organic
6121,2023-01-01,India,Mumbai,ads
6122,2022-10-03,India,Mumbai,ads
6123,2023-01-15,India,Indore,referral
6124,2024-01-13,India,Jammu,ads
6125,2022-11-05,India,Jammu,ads
6126,2023-09-23,India,Indore,referral
6127,2022-09-25,India,Indore,organic
6128,2024-02-24,India,Delhi,ads
6129,2022-03-05,India,Jammu,ads
6130,2024-03-20,India,Jammu,ads
6131,2022-12-16,India,Indore,organic
6132,2023-05-09,India,Pune,ads
6133,2023-06-07,India,Pune,referral
6134,2022-04-08,India,Delhi,organic
6135,2022-03-12,India,Pune,ads
6136,2022-12-30,India,Pune,ads
6137,2023-07-24,India,Pune,organic
6138,2024-03-12,India,Mumbai,referral
6139,2024-02-02,India,Delhi,ads
6140,2022-10-03,India,Indore,referral
6141,2022-02-19,India,Pune,ads
6142,2022-12-24,India,Mumbai,ads
6143,2023-12-29,India,Pune,referral
6144,2023-07-18,India,Mumbai,ads
6145,2024-02-22,India,Delhi,organic
6146,2023-04-30,India,Pune,ads
6147,2022-03-25,India,Mumbai,referral
6148,2024-06-17,India,Jammu,referral
6149,2024-03-15,India,Jammu,referral
6150,2023-09-30,India,Mumbai,ads
6151,2024-03-18,India,Pune,ads
6152,2023-08-07,India,Pune,organic
6153,2022-10-23,India,Delhi,ads
6154,2022-08-24,India,Delhi,organic
6155,2022-02-25,India,Indore,organic
6156,2022-12-26,India,Delhi,ads
6157,2022-04-20,India,Pune,organic
6158,2022-07-11,India,Indore,referral
6159,2022-04-03,India,Delhi,referral
6160,2024-05-11,India,Mumbai,ads
6161,2023-07-22,India,Jammu,ads
6162,2022-03-01,India,Delhi,ads
6163,2023-10-12,India,Delhi,ads
6164,2022-02-08,India,Mumbai,ads
6165,2023-06-24,India,Pune,referral
6166,2022-02-18,India,Mumbai,ads
6167,2023-02-24,India,Delhi,ads
6168,2023-09-29,India,Pune,ads
6169,2022-01-13,India,Indore,ads
6170,2022-02-05,India,Delhi,ads
6171,2022-04-11,India,Mumbai,organic
6172,2024-03-04,India,Indore,ads
6173,2022-03-27,India,Jammu,ads
6174,2023-05-31,India,Indore,ads
6175,2022-08-11,India,Mumbai,organic
6176,2022-12-04,India,Indore,ads
6177,2022-06-15,India,Mumbai,ads
6178,2023-01-18,India,Delhi,referral
6179,2024-05-05,India,Pune,ads
6180,2024-06-13,India,Jammu,organic
6181,2023-01-11,India,Pune,referral
6182,2023-04-16,India,Pune,ads
6183,2024-02-29,India,Pune,referral
6184,2023-10-04,India,Mumbai,referral
6185,2022-01-31,India,Mumbai,ads
6186,2023-01-10,India,Jammu,referral
6187,2022-01-11,India,Mumbai,ads
6188,2022-10-29,India,Mumbai,ads
6189,2022-04-06,India,Mumbai,referral
6190,2022-07-09,India,Mumbai,referral
6191,2023-03-29,India,Delhi,organic
6192,2022-07-11,India,Jammu,ads
6193,2023-05-01,India,Mumbai,organic
6194,2022-09-23,India,Jammu,organic
6195,2023-02-28,India,Indore,ads
6196,2022-05-08,India,Delhi,referral
6197,2022-08-26,India,Mumbai,ads
6198,2022-12-21,India,Delhi,ads
6199,2022-04-22,India,Delhi,ads
6200,2024-04-07,India,Indore,ads
6201,2023-03-22,India,Jammu,organic
6202,2022-12-09,India,Delhi,ads
6203,2022-05-25,India,Pune,organic
6204,2022-03-06,India,Indore,ads
6205,2022-09-04,India,Pune,ads
6206,2024-01-05,India,Indore,organic
6207,2023-05-05,India,Pune,ads
6208,2024-04-04,India,Pune,organic
6209,2023-03-15,India,Delhi,organic
6210,2022-04-16,India,Delhi,organic
6211,2022-06-30,India,Indore,organic
6212,2022-07-03,India,Jammu,referral
6213,2022-08-14,India,Delhi,referral
6214,2024-02-16,India,Delhi,ads
6215,2024-02-29,India,Mumbai,organic
6216,2022-03-30,India,Delhi,ads
6217,2023-11-19,India,Jammu,ads
6218,2023-06-14,India,Mumbai,ads
6219,2023-01-06,India,Pune,referral
6220,2023-02-03,India,Pune,organic
6221,2022-04-16,India,Mumbai,ads
6222,2022-09-28,India,Mumbai,ads
6223,2024-04-10,India,Mumbai,referral
6224,2023-05-18,India,Indore,ads
6225,2023-11-10,India,Jammu,ads
6226,2023-06-09,India,Jammu,referral
6227,2024-04-28,India,Pune,organic
6228,2022-02-01,India,Pune,ads
6229,2023-01-28,India,Pune,ads
6230,2022-02-09,India,Delhi,referral
6231,2023-10-22,India,Pune,referral
6232,2022-08-06,India,Mumbai,ads
6233,2024-01-01,India,Pune,ads
6234,2022-03-23,India,Mumbai,ads
6235,2024-04-24,India,Indore,organic
6236,2023-12-21,India,Delhi,organic
6237,2022-07-20,India,Delhi,ads
6238,2023-03-23,India,Jammu,organic
6239,2024-04-23,India,Indore,organic
6240,2023-03-04,India,Mumbai,organic
6241,2022-02-07,India,Indore,referral
6242,2022-07-30,India,Delhi,ads
6243,2023-03-20,India,Mumbai,ads
6244,2022-11-23,India,Indore,organic
6245,2024-01-31,India,Delhi,referral
6246,2022-08-15,India,Mumbai,ads
6247,2022-02-17,India,Mumbai,referral
6248,2022-01-18,India,Delhi,ads
6249,2023-03-15,India,Mumbai,ads
6250,2024-03-17,India,Delhi,ads
6251,2023-12-09,India,Pune,referral
6252,2022-07-06,India,Pune,organic
6253,2022-12-11,India,Mumbai,ads
6254,2022-08-12,India,Mumbai,referral
6255,2024-04-09,India,Delhi,organic
6256,2023-05-03,India,Mumbai,referral
6257,2024-05-26,India,Jammu,ads
6258,2024-04-28,India,Pune,ads
6259,2022-08-17,India,Mumbai,organic
6260,2023-01-25,India,Mumbai,organic
6261,2023-08-12,India,Indore,organic
6262,2022-07-07,India,Mumbai,organic
6263,2024-05-07,India,Jammu,organic
6264,2022-09-27,India,Pune,ads
6265,2023-08-30,India,Indore,organic
6266,2022-11-06,India,Delhi,ads
6267,2022-05-12,India,Delhi,ads
6268,2023-07-05,India,Pune,ads
6269,2022-03-13,India,Delhi,organic
6270,2024-03-03,India,Jammu,referral
6271,2024-04-24,India,Mumbai,ads
6272,2023-11-03,India,Pune,ads
6273,2022-07-06,India,Indore,ads
6274,2023-05-01,India,Mumbai,referral
6275,2022-07-10,India,Delhi,organic
6276,2023-02-26,India,Delhi,referral
6277,2022-04-30,India,Indore,referral
6278,2022-08-08,India,Jammu,ads
6279,2022-02-22,India,Indore,ads
6280,2024-01-04,India,Pune,ads
6281,2023-03-27,India,Indore,ads
6282,2023-02-16,India,Delhi,ads
6283,2023-10-05,India,Jammu,ads
6284,2022-08-25,India,Jammu,organic
6285,2024-01-28,India,Indore,organic
6286,2024-01-08,India,Pune,ads
6287,2023-12-21,India,Delhi,organic
6288,2023-02-10,India,Mumbai,ads
6289,2023-08-31,India,Jammu,organic
6290,2023-02-26,India,Indore,organic
6291,2023-12-13,India,Pune,ads
6292,2022-09-04,India,Pune,organic
6293,2022-03-13,India,Delhi,organic
6294,2024-04-09,India,Jammu,ads
6295,2022-07-04,India,Delhi,ads
6296,2022-01-06,India,Mumbai,referral
6297,2022-07-25,India,Mumbai,ads
6298,2023-06-28,India,Mumbai,organic
6299,2023-09-03,India,Pune,referral
6300,2023-01-22,India,Jammu,ads
6301,2024-02-07,India,Delhi,ads
6302,2023-11-30,India,Delhi,referral
6303,2022-03-17,India,Mumbai,ads
6304,2022-06-26,India,Jammu,organic
6305,2024-04-06,India,Jammu,organic
6306,2024-03-09,India,Indore,organic
6307,2022-12-15,India,Jammu,referral
6308,2022-09-12,India,Jammu,referral
6309,2024-04-16,India,Delhi,organic
6310,2023-12-03,India,Jammu,referral
6311,2022-11-04,India,Jammu,referral
6312,2022-12-11,India,Delhi,referral
6313,2022-05-07,India,Jammu,organic
6314,2022-10-14,India,Delhi,ads
6315,2024-02-05,India,Indore,organic
6316,2023-12-26,India,Pune,ads
6317,2024-02-01,India,Delhi,ads
6318,2023-08-19,India,Delhi,ads
6319,2023-05-02,India,Jammu,referral
6320,2023-01-18,India,Delhi,ads
6321,2023-02-10,India,Mumbai,organic
6322,2023-01-23,India,Mumbai,organic
6323,2023-06-09,India,Indore,ads
6324,2023-07-11,India,Delhi,organic
6325,2023-10-01,India,Jammu,organic
6326,2023-09-18,India,Jammu,referral
6327,2022-10-03,India,Pune,ads
6328,2023-05-15,India,Indore,ads
6329,2023-12-18,India,Jammu,organic
6330,2022-12-03,India,Pune,ads
6331,2023-04-26,India,Jammu,ads
6332,2024-06-15,India,Pune,ads
6333,2022-09-30,India,Mumbai,organic
6334,2022-02-27,India,Mumbai,ads
6335,2022-11-24,India,Jammu,organic
6336,2024-01-01,India,Indore,referral
6337,2022-04-19,India,Delhi,organic
6338,2022-10-06,India,Indore,ads
6339,2023-11-17,India,Indore,ads
6340,2022-11-24,India,Delhi,ads
6341,2024-02-15,India,Mumbai,ads
6342,2022-11-11,India,Mumbai,ads
6343,2023-04-19,India,Delhi,ads
6344,2022-04-21,India,Pune,organic
6345,2023-11-30,India,Indore,referral
6346,2024-02-20,India,Jammu,referral
6347,2022-08-17,India,Mumbai,ads
6348,2023-05-12,India,Jammu,organic
6349,2022-06-05,India,Delhi,ads
6350,2023-04-18,India,Jammu,organic
6351,2023-12-02,India,Jammu,ads
6352,2022-09-29,India,Indore,referral
6353,2024-06-05,India,Delhi,referral
6354,2022-01-02,India,Jammu,ads
6355,2024-01-28,India,Mumbai,organic
6356,2023-12-23,India,Delhi,organic
6357,2023-05-26,India,Mumbai,ads
6358,2022-10-13,India,Pune,organic
6359,2024-05-20,India,Jammu,organic
6360,2022-01-13,India,Delhi,referral
6361,2023-08-31,India,Mumbai,organic
6362,2023-05-13,India,Jammu,organic
6363,2024-01-03,India,Indore,referral
6364,2022-08-26,India,Mumbai,referral
6365,2022-04-04,India,Mumbai,ads
6366,2022-12-04,India,Pune,ads
6367,2024-02-20,India,Indore,organic
6368,2022-06-20,India,Pune,referral
6369,2023-08-29,India,Indore,ads
6370,2023-10-23,India,Mumbai,ads
6371,2023-09-16,India,Pune,ads
6372,2023-07-21,India,Jammu,organic
6373,2024-04-28,India,Indore,referral
6374,2023-04-12,India,Mumbai,ads
6375,2023-09-20,India,Delhi,ads
6376,2022-05-23,India,Indore,referral
6377,2022-07-20,India,Indore,ads
6378,2022-06-29,India,Jammu,referral
6379,2023-12-15,India,Indore,ads
6380,2022-12-30,India,Indore,organic
6381,2023-04-24,India,Jammu,organic
6382,2023-07-19,India,Jammu,organic
6383,2023-04-16,India,Pune,referral
6384,2023-01-19,India,Mumbai,referral
6385,2023-11-23,India,Mumbai,referral
6386,2023-02-21,India,Pune,ads
6387,2024-04-04,India,Mumbai,ads
6388,2022-11-04,India,Indore,ads
6389,2023-10-11,India,Pune,referral
6390,2023-11-25,India,Pune,organic
6391,2023-01-02,India,Mumbai,referral
6392,2022-01-01,India,Delhi,referral
6393,2022-02-13,India,Mumbai,organic
6394,2024-01-09,India,Delhi,referral
6395,2024-04-22,India,Pune,referral
6396,2022-04-08,India,Delhi,referral
6397,2023-12-21,India,Indore,organic
6398,2022-09-22,India,Jammu,referral
6399,2024-03-10,India,Delhi,ads
6400,2024-02-22,India,Jammu,organic
6401,2022-05-20,India,Indore,ads
6402,2023-04-26,India,Jammu,ads
6403,2022-08-25,India,Indore,referral
6404,2022-03-13,India,Jammu,organic
6405,2023-10-29,India,Jammu,ads
6406,2022-07-09,India,Mumbai,ads
6407,2022-09-25,India,Delhi,referral
6408,2022-11-17,India,Jammu,referral
6409,2022-04-17,India,Pune,ads
6410,2022-08-20,India,Mumbai,referral
6411,2022-02-11,India,Delhi,ads
6412,2023-12-03,India,Mumbai,organic
6413,2024-06-01,India,Delhi,organic
6414,2022-05-19,India,Indore,referral
6415,2023-09-07,India,Jammu,referral
6416,2023-11-14,India,Pune,ads
6417,2024-05-12,India,Mumbai,organic
6418,2022-09-30,India,Mumbai,ads
6419,2023-04-26,India,Mumbai,organic
6420,2023-02-20,India,Mumbai,organic
6421,2023-05-21,India,Jammu,ads
6422,2024-01-03,India,Delhi,ads
6423,2023-12-26,India,Jammu,ads
6424,2024-05-02,India,Indore,organic
6425,2023-02-28,India,Jammu,organic
6426,2023-02-11,India,Jammu,ads
6427,2023-07-22,India,Indore,referral
6428,2023-01-25,India,Jammu,ads
6429,2022-12-08,India,Delhi,organic
6430,2023-09-06,India,Pune,organic
6431,2023-05-08,India,Indore,ads
6432,2022-07-11,India,Mumbai,ads
6433,2023-05-14,India,Delhi,referral
6434,2024-04-01,India,Pune,organic
6435,2023-12-13,India,Delhi,ads
6436,2022-08-21,India,Delhi,ads
6437,2022-08-15,India,Mumbai,referral
6438,2023-01-06,India,Pune,ads
6439,2022-05-19,India,Delhi,referral
6440,2024-05-05,India,Mumbai,ads
6441,2024-03-27,India,Indore,organic
6442,2022-05-29,India,Mumbai,ads
6443,2022-04-25,India,Jammu,referral
6444,2023-03-26,India,Mumbai,organic
6445,2022-03-04,India,Mumbai,organic
6446,2022-04-14,India,Mumbai,ads
6447,2024-04-30,India,Delhi,ads
6448,2024-05-20,India,Pune,ads
6449,2023-10-30,India,Mumbai,ads
6450,2022-09-30,India,Mumbai,referral
6451,2022-01-06,India,Jammu,organic
6452,2022-05-27,India,Jammu,ads
6453,2022-07-03,India,Indore,referral
6454,2022-01-28,India,Indore,referral
6455,2023-07-04,India,Jammu,organic
6456,2022-04-29,India,Pune,organic
6457,2022-10-20,India,Indore,referral
6458,2023-01-06,India,Pune,organic
6459,2022-09-01,India,Jammu,organic
6460,2023-08-03,India,Indore,organic
6461,2023-12-27,India,Mumbai,ads
6462,2022-08-06,India,Jammu,referral
6463,2022-06-26,India,Indore,organic
6464,2022-10-26,India,Pune,organic
6465,2023-11-07,India,Pune,ads
6466,2022-02-27,India,Indore,ads
6467,2022-09-26,India,Pune,ads
6468,2022-11-04,India,Indore,ads
6469,2023-07-24,India,Indore,organic
6470,2022-10-15,India,Pune,ads
6471,2022-04-15,India,Delhi,ads
6472,2022-08-16,India,Mumbai,organic
6473,2022-09-04,India,Jammu,organic
6474,2023-12-01,India,Mumbai,ads
6475,2023-05-09,India,Jammu,ads
6476,2022-03-24,India,Jammu,referral
6477,2022-07-05,India,Mumbai,ads
6478,2022-09-09,India,Indore,referral
6479,2022-12-21,India,Pune,ads
6480,2024-01-20,India,Delhi,organic
6481,2024-05-21,India,Delhi,ads
6482,2023-11-27,India,Delhi,referral
6483,2024-03-06,India,Mumbai,ads
6484,2024-06-15,India,Mumbai,ads
6485,2022-07-29,India,Indore,ads
6486,2024-03-26,India,Delhi,referral
6487,2024-03-18,India,Indore,referral
6488,2023-09-01,India,Delhi,ads
6489,2023-03-23,India,Mumbai,ads
6490,2023-04-05,India,Pune,organic
6491,2023-04-17,India,Pune,referral
6492,2023-12-21,India,Pune,organic
6493,2023-01-05,India,Pune,referral
6494,2024-06-18,India,Jammu,ads
6495,2023-05-07,India,Delhi,ads
6496,2022-05-17,India,Pune,ads
6497,2023-01-02,India,Jammu,organic
6498,2022-07-03,India,Jammu,ads
6499,2023-08-11,India,Jammu,ads
6500,2022-10-14,India,Indore,ads
6501,2023-04-17,India,Indore,organic
6502,2023-01-10,India,Jammu,ads
6503,2023-10-16,India,Pune,ads
6504,2024-01-19,India,Delhi,referral
6505,2023-06-21,India,Mumbai,ads
6506,2023-05-26,India,Indore,ads
6507,2024-03-12,India,Pune,organic
6508,2023-08-02,India,Pune,referral
6509,2022-09-07,India,Mumbai,organic
6510,2023-05-25,India,Mumbai,ads
6511,2023-09-22,India,Pune,referral
6512,2022-03-14,India,Mumbai,organic
6513,2022-10-09,India,Pune,ads
6514,2022-12-26,India,Mumbai,organic
6515,2022-01-10,India,Mumbai,organic
6516,2022-07-30,India,Pune,organic
6517,2024-04-14,India,Jammu,referral
6518,2022-06-01,India,Pune,organic
6519,2022-01-05,India,Delhi,referral
6520,2022-07-14,India,Mumbai,organic
6521,2022-10-10,India,Indore,ads
6522,2023-04-09,India,Mumbai,organic
6523,2022-04-23,India,Delhi,ads
6524,2022-09-28,India,Indore,ads
6525,2022-06-12,India,Indore,organic
6526,2023-04-05,India,Pune,organic
6527,2022-04-15,India,Jammu,ads
6528,2023-11-24,India,Pune,ads
6529,2023-07-10,India,Indore,ads
6530,2022-10-09,India,Indore,referral
6531,2023-11-18,India,Jammu,ads
6532,2022-06-11,India,Mumbai,organic
6533,2022-12-17,India,Jammu,organic
6534,2023-03-10,India,Pune,ads
6535,2024-05-01,India,Mumbai,ads
6536,2022-05-20,India,Pune,ads
6537,2023-04-16,India,Jammu,referral
6538,2022-05-12,India,Mumbai,organic
6539,2022-03-28,India,Jammu,organic
6540,2023-11-19,India,Delhi,organic
6541,2022-07-02,India,Indore,ads
6542,2023-01-03,India,Mumbai,ads
6543,2022-05-09,India,Indore,referral
6544,2022-09-03,India,Delhi,referral
6545,2023-08-24,India,Mumbai,organic
6546,2023-08-01,India,Indore,organic
6547,2023-11-01,India,Indore,ads
6548,2024-06-17,India,Mumbai,ads
6549,2023-01-13,India,Indore,organic
6550,2022-05-29,India,Indore,referral
6551,2024-05-01,India,Mumbai,ads
6552,2023-03-09,India,Indore,ads
6553,2023-09-20,India,Indore,ads
6554,2023-12-27,India,Pune,ads
6555,2023-04-14,India,Pune,organic
6556,2023-03-22,India,Delhi,referral
6557,2023-04-26,India,Pune,referral
6558,2024-06-02,India,Pune,referral
6559,2022-10-21,India,Delhi,organic
6560,2024-02-04,India,Indore,ads
6561,2022-05-23,India,Indore,referral
6562,2022-09-07,India,Pune,ads
6563,2024-05-27,India,Delhi,referral
6564,2022-10-29,India,Indore,organic
6565,2022-01-25,India,Jammu,ads
6566,2024-02-28,India,Mumbai,organic
6567,2024-06-07,India,Mumbai,ads
6568,2024-06-08,India,Mumbai,ads
6569,2022-03-11,India,Pune,ads
6570,2023-09-17,India,Mumbai,referral
6571,2024-05-24,India,Mumbai,organic
6572,2022-04-22,India,Jammu,ads
6573,2022-12-30,India,Indore,ads
6574,2022-10-30,India,Jammu,organic
6575,2023-04-16,India,Pune,ads
6576,2022-04-01,India,Mumbai,organic
6577,2023-06-14,India,Indore,organic
6578,2023-10-23,India,Mumbai,ads
6579,2024-01-09,India,Mumbai,ads
6580,2023-12-27,India,Pune,organic
6581,2024-05-21,India,Mumbai,ads
6582,2023-10-25,India,Delhi,ads
6583,2022-07-11,India,Indore,ads
6584,2023-07-06,India,Indore,ads
6585,2022-08-30,India,Delhi,referral
6586,2022-05-18,India,Pune,organic
6587,2022-12-11,India,Mumbai,organic
6588,2022-06-29,India,Mumbai,ads
6589,2023-12-13,India,Indore,ads
6590,2023-05-18,India,Pune,ads
6591,2022-07-22,India,Pune,referral
6592,2023-07-27,India,Pune,ads
6593,2022-07-11,India,Mumbai,organic
6594,2022-01-05,India,Pune,ads
6595,2024-06-08,India,Delhi,referral
6596,2022-08-25,India,Jammu,referral
6597,2023-11-24,India,Pune,ads
6598,2022-11-07,India,Jammu,organic
6599,2023-07-03,India,Mumbai,ads
6600,2022-02-25,India,Pune,organic
6601,2023-03-19,India,Indore,ads
6602,2022-08-25,India,Mumbai,ads
6603,2024-05-19,India,Delhi,ads
6604,2024-05-10,India,Delhi,referral
6605,2022-07-16,India,Jammu,referral
6606,2023-08-08,India,Jammu,ads
6607,2023-07-25,India,Indore,organic
6608,2024-01-22,India,Indore,ads
6609,2023-05-29,India,Delhi,ads
6610,2023-03-25,India,Pune,referral
6611,2022-12-26,India,Delhi,ads
6612,2023-12-01,India,Delhi,organic
6613,2024-03-29,India,Indore,ads
6614,2022-01-30,India,Jammu,ads
6615,2024-02-18,India,Indore,ads
6616,2022-04-18,India,Indore,referral
6617,2024-04-23,India,Indore,organic
6618,2023-08-25,India,Delhi,ads
6619,2023-12-18,India,Pune,referral
6620,2024-06-09,India,Delhi,referral
6621,2023-03-21,India,Mumbai,ads
6622,2024-06-11,India,Indore,ads
6623,2023-03-14,India,Indore,ads
6624,2024-01-02,India,Mumbai,ads
6625,2024-06-08,India,Indore,organic
6626,2023-08-29,India,Indore,ads
6627,2023-04-02,India,Indore,ads
6628,2023-09-07,India,Mumbai,ads
6629,2024-01-05,India,Delhi,ads
6630,2023-11-29,India,Indore,organic
6631,2023-11-27,India,Pune,organic
6632,2023-05-10,India,Mumbai,ads
6633,2023-11-05,India,Jammu,ads
6634,2022-09-04,India,Mumbai,ads
6635,2023-06-27,India,Delhi,referral
6636,2023-07-18,India,Mumbai,ads
6637,2024-05-06,India,Jammu,ads
6638,2023-08-11,India,Pune,ads
6639,2024-06-15,India,Jammu,ads
6640,2023-03-15,India,Mumbai,ads
6641,2022-10-05,India,Jammu,organic
6642,2023-07-06,India,Mumbai,referral
6643,2023-09-05,India,Pune,ads
6644,2022-04-21,India,Pune,organic
6645,2023-01-20,India,Delhi,organic
6646,2024-04-12,India,Pune,ads
6647,2024-01-31,India,Indore,ads
6648,2022-07-10,India,Jammu,ads
6649,2023-05-05,India,Jammu,referral
6650,2023-11-25,India,Mumbai,referral
6651,2023-03-02,India,Pune,ads
6652,2023-02-09,India,Delhi,ads
6653,2022-12-01,India,Delhi,organic
6654,2022-07-28,India,Delhi,ads
6655,2022-01-22,India,Indore,organic
6656,2023-11-09,India,Pune,ads
6657,2023-09-03,India,Delhi,referral
6658,2022-07-27,India,Indore,organic
6659,2022-01-08,India,Jammu,ads
6660,2023-12-03,India,Mumbai,organic
6661,2023-11-18,India,Pune,ads
6662,2024-02-24,India,Pune,ads
6663,2023-06-13,India,Jammu,organic
6664,2023-08-25,India,Pune,ads
6665,2023-10-15,India,Pune,organic
6666,2023-10-19,India,Pune,ads
6667,2022-06-15,India,Pune,organic
6668,2024-04-28,India,Indore,ads
6669,2023-05-11,India,Indore,organic
6670,2023-08-13,India,Mumbai,ads
6671,2023-03-05,India,Pune,ads
6672,2024-02-13,India,Jammu,ads
6673,2022-06-12,India,Delhi,ads
6674,2023-01-01,India,Mumbai,ads
6675,2023-06-10,India,Delhi,ads
6676,2022-08-27,India,Delhi,referral
6677,2022-03-13,India,Pune,ads
6678,2023-03-21,India,Jammu,organic
6679,2023-10-17,India,Delhi,organic
6680,2024-04-01,India,Delhi,ads
6681,2023-05-24,India,Mumbai,organic
6682,2024-03-05,India,Jammu,referral
6683,2022-09-26,India,Jammu,ads
6684,2024-01-23,India,Delhi,referral
6685,2023-02-19,India,Jammu,ads
6686,2022-09-02,India,Mumbai,organic
6687,2023-11-06,India,Mumbai,ads
6688,2022-03-01,India,Mumbai,ads
6689,2022-01-06,India,Pune,organic
6690,2023-12-10,India,Delhi,ads
6691,2023-07-24,India,Jammu,ads
6692,2024-03-27,India,Mumbai,ads
6693,2023-02-11,India,Delhi,organic
6694,2022-08-05,India,Delhi,organic
6695,2022-01-26,India,Pune,ads
6696,2024-03-25,India,Jammu,ads
6697,2022-01-05,India,Jammu,organic
6698,2023-06-16,India,Mumbai,organic
6699,2023-01-25,India,Mumbai,ads
6700,2023-12-11,India,Delhi,ads
6701,2023-07-25,India,Jammu,ads
6702,2023-03-24,India,Jammu,referral
6703,2024-01-24,India,Mumbai,organic
6704,2022-05-26,India,Indore,ads
6705,2023-01-23,India,Delhi,referral
6706,2024-02-24,India,Jammu,ads
6707,2022-09-06,India,Pune,ads
6708,2023-06-10,India,Pune,referral
6709,2023-04-07,India,Indore,referral
6710,2022-01-13,India,Mumbai,organic
6711,2023-01-19,India,Mumbai,ads
6712,2023-07-10,India,Mumbai,ads
6713,2024-06-05,India,Pune,referral
6714,2023-02-03,India,Mumbai,organic
6715,2022-01-19,India,Pune,ads
6716,2023-07-29,India,Indore,ads
6717,2023-05-06,India,Delhi,referral
6718,2024-01-21,India,Jammu,referral
6719,2023-02-23,India,Indore,organic
6720,2022-12-03,India,Pune,organic
6721,2023-02-23,India,Indore,ads
6722,2023-09-04,India,Jammu,organic
6723,2023-11-06,India,Delhi,organic
6724,2022-05-02,India,Jammu,ads
6725,2023-03-08,India,Pune,referral
6726,2022-02-13,India,Jammu,referral
6727,2024-05-21,India,Indore,ads
6728,2022-11-13,India,Mumbai,referral
6729,2023-01-16,India,Indore,organic
6730,2022-05-25,India,Pune,organic
6731,2022-11-23,India,Delhi,referral
6732,2022-12-29,India,Jammu,ads
6733,2022-02-19,India,Delhi,organic
6734,2022-03-06,India,Pune,ads
6735,2022-12-21,India,Jammu,organic
6736,2024-03-10,India,Indore,ads
6737,2022-06-13,India,Indore,ads
6738,2022-05-21,India,Pune,ads
6739,2024-04-05,India,Jammu,ads
6740,2022-05-08,India,Indore,ads
6741,2023-02-02,India,Pune,ads
6742,2024-05-29,India,Pune,organic
6743,2023-04-08,India,Delhi,referral
6744,2024-01-21,India,Indore,referral
6745,2024-04-15,India,Jammu,referral
6746,2024-03-18,India,Indore,referral
6747,2022-07-06,India,Indore,ads
6748,2023-12-21,India,Indore,organic
6749,2024-01-02,India,Pune,organic
6750,2022-07-09,India,Mumbai,ads
6751,2023-01-23,India,Mumbai,organic
6752,2023-03-05,India,Delhi,ads
6753,2024-05-07,India,Indore,referral
6754,2022-10-11,India,Mumbai,organic
6755,2024-05-13,India,Delhi,referral
6756,2022-08-25,India,Pune,ads
6757,2022-07-13,India,Indore,ads
6758,2022-10-14,India,Jammu,referral
6759,2024-02-10,India,Pune,ads
6760,2024-01-28,India,Delhi,ads
6761,2022-05-16,India,Pune,organic
6762,2024-03-02,India,Jammu,referral
6763,2024-02-22,India,Pune,ads
6764,2022-06-20,India,Delhi,ads
6765,2022-06-08,India,Jammu,organic
6766,2022-07-20,India,Jammu,ads
6767,2023-05-02,India,Pune,ads
6768,2023-07-11,India,Jammu,referral
6769,2024-02-15,India,Pune,organic
6770,2023-08-06,India,Indore,referral
6771,2023-05-19,India,Jammu,ads
6772,2024-05-25,India,Pune,organic
6773,2023-01-06,India,Indore,referral
6774,2022-04-13,India,Jammu,organic
6775,2022-05-05,India,Indore,ads
6776,2022-11-09,India,Jammu,referral
6777,2024-03-08,India,Delhi,organic
6778,2023-04-03,India,Delhi,referral
6779,2022-08-18,India,Pune,ads
6780,2023-10-20,India,Mumbai,organic
6781,2024-05-31,India,Delhi,referral
6782,2022-07-16,India,Mumbai,organic
6783,2024-06-03,India,Indore,ads
6784,2024-01-03,India,Indore,ads
6785,2023-02-27,India,Mumbai,ads
6786,2023-07-26,India,Pune,ads
6787,2023-09-02,India,Jammu,organic
6788,2022-06-20,India,Mumbai,ads
6789,2023-01-17,India,Mumbai,ads
6790,2022-06-22,India,Mumbai,ads
6791,2023-10-25,India,Mumbai,ads
6792,2023-03-29,India,Mumbai,organic
6793,2022-12-16,India,Pune,organic
6794,2023-09-26,India,Delhi,referral
6795,2023-05-09,India,Jammu,ads
6796,2023-09-12,India,Delhi,organic
6797,2022-01-04,India,Mumbai,ads
6798,2022-04-03,India,Delhi,ads
6799,2022-01-06,India,Pune,organic
6800,2022-10-15,India,Indore,referral
6801,2023-09-10,India,Delhi,ads
6802,2022-05-26,India,Jammu,ads
6803,2024-02-22,India,Pune,organic
6804,2023-02-28,India,Indore,organic
6805,2024-06-08,India,Pune,ads
6806,2023-08-31,India,Mumbai,organic
6807,2023-04-02,India,Indore,referral
6808,2024-01-11,India,Jammu,ads
6809,2022-07-21,India,Indore,ads
6810,2022-07-31,India,Jammu,ads
6811,2022-01-06,India,Mumbai,organic
6812,2023-09-16,India,Jammu,ads
6813,2023-01-11,India,Pune,referral
6814,2024-06-09,India,Delhi,organic
6815,2023-03-23,India,Pune,ads
6816,2024-04-14,India,Pune,ads
6817,2022-04-16,India,Indore,organic
6818,2023-10-13,India,Mumbai,ads
6819,2024-03-21,India,Delhi,referral
6820,2023-02-05,India,Jammu,ads
6821,2022-04-06,India,Indore,ads
6822,2023-01-23,India,Mumbai,organic
6823,2023-03-28,India,Delhi,ads
6824,2024-04-28,India,Pune,organic
6825,2024-03-19,India,Mumbai,ads
6826,2023-02-20,India,Mumbai,organic
6827,2023-12-27,India,Mumbai,organic
6828,2023-05-19,India,Pune,organic
6829,2023-03-30,India,Jammu,organic
6830,2022-10-18,India,Indore,ads
6831,2023-06-18,India,Jammu,ads
6832,2022-07-12,India,Delhi,ads
6833,2022-05-30,India,Indore,ads
6834,2024-05-29,India,Delhi,referral
6835,2024-01-29,India,Pune,ads
6836,2024-02-18,India,Jammu,organic
6837,2024-02-02,India,Mumbai,ads
6838,2023-05-30,India,Indore,organic
6839,2023-01-28,India,Mumbai,organic
6840,2022-11-12,India,Delhi,ads
6841,2022-03-17,India,Mumbai,organic
6842,2023-08-22,India,Mumbai,ads
6843,2022-09-27,India,Pune,ads
6844,2022-08-13,India,Pune,organic
6845,2023-06-14,India,Jammu,ads
6846,2022-04-23,India,Delhi,organic
6847,2022-09-08,India,Pune,ads
6848,2022-08-21,India,Pune,organic
6849,2024-04-20,India,Jammu,ads
6850,2024-03-01,India,Indore,organic
6851,2023-12-15,India,Jammu,referral
6852,2022-03-24,India,Mumbai,ads
6853,2022-05-05,India,Mumbai,ads
6854,2022-06-24,India,Pune,referral
6855,2022-03-10,India,Pune,ads
6856,2022-02-16,India,Jammu,organic
6857,2024-06-02,India,Jammu,referral
6858,2022-09-13,India,Delhi,organic
6859,2023-12-28,India,Mumbai,ads
6860,2022-01-30,India,Jammu,ads
6861,2022-10-08,India,Indore,ads
6862,2022-08-25,India,Delhi,ads
6863,2022-09-05,India,Jammu,ads
6864,2023-01-03,India,Pune,organic
6865,2023-05-10,India,Jammu,ads
6866,2022-01-25,India,Pune,referral
6867,2023-08-09,India,Pune,referral
6868,2023-12-19,India,Mumbai,referral
6869,2023-05-05,India,Mumbai,ads
6870,2023-05-09,India,Jammu,organic
6871,2022-11-10,India,Jammu,ads
6872,2023-08-29,India,Indore,ads
6873,2023-01-10,India,Delhi,organic
6874,2023-10-01,India,Delhi,referral
6875,2022-01-25,India,Jammu,ads
6876,2022-11-30,India,Mumbai,ads
6877,2022-12-21,India,Indore,ads
6878,2022-04-26,India,Delhi,organic
6879,2022-02-17,India,Jammu,referral
6880,2024-01-08,India,Mumbai,ads
6881,2024-02-17,India,Mumbai,ads
6882,2022-04-09,India,Mumbai,referral
6883,2023-04-04,India,Pune,ads
6884,2023-06-07,India,Mumbai,organic
6885,2023-08-20,India,Jammu,ads
6886,2023-02-09,India,Indore,ads
6887,2022-08-02,India,Jammu,organic
6888,2023-11-16,India,Mumbai,organic
6889,2023-05-18,India,Indore,ads
6890,2023-12-22,India,Delhi,ads
6891,2023-03-24,India,Delhi,ads
6892,2024-06-12,India,Jammu,organic
6893,2023-07-30,India,Indore,referral
6894,2022-09-15,India,Jammu,referral
6895,2024-04-23,India,Indore,ads
6896,2022-05-01,India,Indore,referral
6897,2024-03-20,India,Jammu,ads
6898,2022-02-23,India,Indore,ads
6899,2022-11-27,India,Mumbai,organic
6900,2024-02-23,India,Indore,ads
6901,2022-08-29,India,Indore,ads
6902,2024-01-25,India,Jammu,ads
6903,2023-06-14,India,Delhi,organic
6904,2023-04-28,India,Pune,organic
6905,2022-07-06,India,Indore,ads
6906,2024-05-07,India,Pune,referral
6907,2023-10-18,India,Indore,organic
6908,2022-09-19,India,Jammu,organic
6909,2022-12-30,India,Jammu,ads
6910,2023-05-06,India,Indore,ads
6911,2023-03-07,India,Jammu,ads
6912,2022-08-27,India,Jammu,organic
6913,2022-10-31,India,Indore,organic
6914,2022-10-25,India,Delhi,referral
6915,2022-03-17,India,Indore,ads
6916,2023-12-01,India,Delhi,ads
6917,2022-11-29,India,Jammu,ads
6918,2024-06-18,India,Delhi,ads
6919,2024-01-28,India,Jammu,organic
6920,2023-10-04,India,Delhi,referral
6921,2023-04-19,India,Delhi,organic
6922,2024-04-06,India,Indore,organic
6923,2022-10-10,India,Delhi,organic
6924,2023-08-14,India,Jammu,ads
6925,2022-03-13,India,Indore,referral
6926,2022-09-20,India,Delhi,organic
6927,2023-12-04,India,Indore,ads
6928,2024-05-28,India,Pune,organic
6929,2024-06-05,India,Indore,organic
6930,2023-07-29,India,Pune,ads
6931,2024-06-10,India,Pune,ads
6932,2022-01-12,India,Indore,ads
6933,2022-05-21,India,Jammu,ads
6934,2024-02-05,India,Jammu,ads
6935,2023-07-09,India,Jammu,organic
6936,2022-01-17,India,Mumbai,ads
6937,2022-03-04,India,Pune,organic
6938,2022-09-10,India,Indore,referral
6939,2023-04-10,India,Jammu,organic
6940,2023-01-11,India,Jammu,organic
6941,2024-03-14,India,Indore,referral
6942,2023-06-04,India,Pune,organic
6943,2024-04-16,India,Indore,ads
6944,2022-03-31,India,Mumbai,ads
6945,2023-12-21,India,Mumbai,organic
6946,2024-03-14,India,Indore,organic
6947,2024-03-06,India,Pune,referral
6948,2023-09-22,India,Jammu,organic
6949,2024-05-10,India,Mumbai,referral
6950,2022-06-24,India,Mumbai,ads
6951,2022-03-17,India,Pune,organic
6952,2023-09-05,India,Mumbai,referral
6953,2023-10-25,India,Mumbai,ads
6954,2023-02-04,India,Pune,ads
6955,2024-02-21,India,Indore,ads
6956,2022-03-12,India,Jammu,organic
6957,2022-06-29,India,Jammu,ads
6958,2022-05-04,India,Mumbai,organic
6959,2023-01-16,India,Jammu,ads
6960,2022-10-20,India,Indore,ads
6961,2024-03-07,India,Mumbai,referral
6962,2022-07-14,India,Jammu,ads
6963,2022-08-16,India,Delhi,ads
6964,2023-03-07,India,Delhi,ads
6965,2023-03-12,India,Delhi,organic
6966,2024-02-26,India,Delhi,ads
6967,2023-04-06,India,Delhi,organic
6968,2023-09-10,India,Mumbai,referral
6969,2022-01-21,India,Pune,ads
6970,2022-03-05,India,Pune,ads
6971,2022-06-14,India,Mumbai,ads
6972,2022-01-27,India,Mumbai,organic
6973,2022-11-07,India,Indore,ads
6974,2022-10-12,India,Pune,organic
6975,2023-10-22,India,Delhi,referral
6976,2022-10-08,India,Mumbai,ads
6977,2024-04-17,India,Delhi,organic
6978,2024-04-10,India,Pune,ads
6979,2022-06-13,India,Jammu,organic
6980,2024-06-16,India,Jammu,ads
6981,2022-08-12,India,Mumbai,organic
6982,2024-02-23,India,Indore,organic
6983,2022-05-26,India,Delhi,ads
6984,2024-05-17,India,Mumbai,organic
6985,2022-01-30,India,Indore,organic
6986,2022-02-14,India,Delhi,ads
6987,2024-02-26,India,Pune,referral
6988,2023-04-16,India,Jammu,ads
6989,2022-02-03,India,Indore,organic
6990,2023-10-15,India,Delhi,ads
6991,2023-03-03,India,Mumbai,organic
6992,2024-04-09,India,Delhi,ads
6993,2024-06-04,India,Mumbai,ads
6994,2022-08-09,India,Jammu,ads
6995,2024-05-17,India,Jammu,organic
6996,2023-06-18,India,Delhi,organic
6997,2023-11-23,India,Delhi,organic
6998,2023-01-02,India,Mumbai,referral
6999,2024-04-20,India,Mumbai,referral
7000,2024-01-13,India,Indore,organic
7001,2023-07-04,India,Indore,organic
7002,2023-08-05,India,Indore,ads
7003,2022-04-26,India,Delhi,referral
7004,2022-08-27,India,Indore,referral
7005,2022-12-01,India,Delhi,ads
7006,2023-03-17,India,Jammu,organic
7007,2022-05-28,India,Pune,referral
7008,2022-01-09,India,Jammu,ads
7009,2022-10-15,India,Delhi,ads
7010,2023-01-23,India,Delhi,ads
7011,2022-02-19,India,Pune,ads
7012,2024-04-29,India,Mumbai,ads
7013,2023-06-01,India,Mumbai,ads
7014,2024-05-04,India,Mumbai,ads
7015,2023-09-30,India,Indore,referral
7016,2023-08-10,India,Mumbai,ads
7017,2023-11-08,India,Indore,ads
7018,2022-10-05,India,Indore,ads
7019,2024-04-15,India,Mumbai,ads
7020,2022-10-27,India,Mumbai,referral
7021,2024-03-12,India,Pune,referral
7022,2023-08-12,India,Pune,organic
7023,2024-03-20,India,Indore,ads
7024,2023-10-11,India,Pune,organic
7025,2023-09-10,India,Indore,ads
7026,2023-08-30,India,Delhi,ads
7027,2022-05-15,India,Indore,ads
7028,2023-08-03,India,Indore,referral
7029,2022-05-27,India,Pune,ads
7030,2023-05-05,India,Delhi,organic
7031,2023-04-23,India,Jammu,ads
7032,2022-06-08,India,Jammu,ads
7033,2023-01-19,India,Jammu,organic
7034,2022-06-12,India,Delhi,ads
7035,2023-03-17,India,Mumbai,referral
7036,2024-05-02,India,Delhi,ads
7037,2022-07-08,India,Pune,ads
7038,2023-02-19,India,Indore,organic
7039,2022-12-05,India,Indore,organic
7040,2023-08-30,India,Pune,ads
7041,2022-06-30,India,Pune,organic
7042,2022-10-15,India,Indore,organic
7043,2024-04-13,India,Mumbai,ads
7044,2022-07-06,India,Mumbai,referral
7045,2024-06-02,India,Mumbai,ads
7046,2022-05-18,India,Pune,ads
7047,2022-05-10,India,Indore,organic
7048,2022-07-13,India,Indore,ads
7049,2022-11-12,India,Indore,organic
7050,2024-02-24,India,Delhi,ads
7051,2024-05-13,India,Delhi,ads
7052,2022-05-24,India,Jammu,referral
7053,2022-01-16,India,Delhi,organic
7054,2022-10-29,India,Mumbai,organic
7055,2023-02-27,India,Mumbai,ads
7056,2022-09-02,India,Mumbai,ads
7057,2022-04-17,India,Mumbai,organic
7058,2022-03-29,India,Jammu,referral
7059,2022-05-09,India,Mumbai,ads
7060,2024-06-05,India,Pune,ads
7061,2022-12-07,India,Pune,ads
7062,2022-01-04,India,Pune,ads
7063,2022-11-23,India,Delhi,organic
7064,2023-02-14,India,Indore,ads
7065,2024-05-28,India,Jammu,ads
7066,2022-11-02,India,Pune,ads
7067,2023-08-30,India,Pune,ads
7068,2023-12-22,India,Mumbai,ads
7069,2022-08-13,India,Pune,referral
7070,2022-12-14,India,Mumbai,organic
7071,2022-11-17,India,Mumbai,ads
7072,2023-07-13,India,Indore,organic
7073,2022-06-30,India,Delhi,organic
7074,2023-09-10,India,Mumbai,ads
7075,2023-12-12,India,Mumbai,ads
7076,2023-01-21,India,Indore,ads
7077,2023-09-10,India,Mumbai,ads
7078,2024-03-02,India,Jammu,referral
7079,2024-02-11,India,Delhi,ads
7080,2022-04-18,India,Jammu,referral
7081,2023-06-15,India,Pune,organic
7082,2023-02-14,India,Delhi,ads
7083,2022-10-23,India,Pune,referral
7084,2024-03-28,India,Mumbai,ads
7085,2022-06-20,India,Indore,ads
7086,2022-11-27,India,Jammu,organic
7087,2023-05-08,India,Pune,ads
7088,2022-07-14,India,Mumbai,ads
7089,2022-01-12,India,Jammu,organic
7090,2022-07-14,India,Jammu,referral
7091,2023-05-05,India,Pune,ads
7092,2024-03-05,India,Mumbai,ads
7093,2024-05-30,India,Indore,organic
7094,2022-07-01,India,Pune,organic
7095,2024-03-27,India,Jammu,ads
7096,2023-10-18,India,Jammu,referral
7097,2024-06-16,India,Delhi,organic
7098,2022-11-12,India,Mumbai,organic
7099,2023-11-25,India,Delhi,referral
7100,2022-01-30,India,Indore,referral
7101,2023-08-19,India,Pune,ads
7102,2023-11-09,India,Jammu,ads
7103,2024-03-06,India,Mumbai,organic
7104,2024-03-03,India,Jammu,referral
7105,2022-04-06,India,Delhi,organic
7106,2023-01-16,India,Delhi,ads
7107,2024-02-17,India,Pune,organic
7108,2023-03-20,India,Mumbai,ads
7109,2022-10-25,India,Mumbai,referral
7110,2024-03-18,India,Pune,ads
7111,2024-01-07,India,Delhi,referral
7112,2024-04-24,India,Delhi,ads
7113,2022-12-27,India,Delhi,referral
7114,2023-01-09,India,Jammu,ads
7115,2023-07-08,India,Indore,organic
7116,2022-10-30,India,Delhi,referral
7117,2023-02-25,India,Indore,organic
7118,2022-09-03,India,Indore,organic
7119,2023-12-21,India,Mumbai,ads
7120,2022-08-25,India,Pune,ads
7121,2023-06-18,India,Jammu,referral
7122,2022-07-04,India,Indore,ads
7123,2023-04-13,India,Jammu,organic
7124,2024-01-24,India,Mumbai,organic
7125,2022-12-29,India,Delhi,ads
7126,2022-10-10,India,Indore,ads
7127,2023-07-07,India,Pune,ads
7128,2022-12-02,India,Mumbai,ads
7129,2022-06-11,India,Jammu,referral
7130,2022-06-09,India,Delhi,organic
7131,2023-04-19,India,Jammu,ads
7132,2023-08-24,India,Pune,ads
7133,2022-11-18,India,Indore,organic
7134,2022-01-12,India,Pune,ads
7135,2023-02-28,India,Jammu,ads
7136,2022-03-14,India,Jammu,ads
7137,2023-08-11,India,Pune,referral
7138,2024-05-07,India,Pune,ads
7139,2022-07-20,India,Pune,ads
7140,2023-06-06,India,Delhi,referral
7141,2024-05-13,India,Jammu,ads
7142,2023-05-20,India,Mumbai,referral
7143,2024-01-08,India,Delhi,ads
7144,2023-11-19,India,Delhi,ads
7145,2024-02-27,India,Delhi,ads
7146,2022-02-08,India,Mumbai,ads
7147,2022-03-01,India,Pune,ads
7148,2023-08-01,India,Jammu,ads
7149,2022-11-17,India,Indore,ads
7150,2023-03-11,India,Indore,ads
7151,2023-09-28,India,Jammu,organic
7152,2023-11-07,India,Mumbai,referral
7153,2023-02-12,India,Indore,referral
7154,2023-01-21,India,Delhi,organic
7155,2023-11-02,India,Indore,referral
7156,2023-07-23,India,Jammu,ads
7157,2022-03-19,India,Delhi,ads
7158,2022-07-13,India,Indore,ads
7159,2022-10-12,India,Jammu,organic
7160,2023-06-11,India,Mumbai,referral
7161,2023-06-08,India,Jammu,organic
7162,2023-09-05,India,Mumbai,ads
7163,2022-06-05,India,Delhi,organic
7164,2022-12-06,India,Jammu,ads
7165,2022-05-05,India,Pune,ads
7166,2024-05-20,India,Pune,organic
7167,2022-10-07,India,Pune,ads
7168,2023-09-14,India,Pune,ads
7169,2024-04-25,India,Pune,organic
7170,2024-05-18,India,Mumbai,organic
7171,2023-10-20,India,Jammu,ads
7172,2023-12-29,India,Delhi,ads
7173,2023-11-05,India,Pune,referral
7174,2022-05-08,India,Pune,ads
7175,2022-11-10,India,Delhi,ads
7176,2022-11-28,India,Delhi,ads
7177,2022-05-30,India,Pune,organic
7178,2023-03-30,India,Mumbai,ads
7179,2022-02-05,India,Delhi,ads
7180,2023-11-16,India,Jammu,ads
7181,2023-02-24,India,Jammu,ads
7182,2022-01-22,India,Mumbai,ads
7183,2022-07-25,India,Indore,organic
7184,2023-10-01,India,Mumbai,referral
7185,2024-04-27,India,Pune,referral
7186,2022-12-22,India,Indore,organic
7187,2023-03-16,India,Pune,organic
7188,2023-12-30,India,Jammu,referral
7189,2022-04-06,India,Delhi,referral
7190,2022-06-13,India,Pune,referral
7191,2022-05-28,India,Jammu,ads
7192,2023-06-14,India,Mumbai,ads
7193,2022-10-21,India,Pune,referral
7194,2022-07-14,India,Jammu,referral
7195,2023-10-25,India,Delhi,organic
7196,2023-04-25,India,Pune,referral
7197,2024-05-26,India,Jammu,organic
7198,2022-05-03,India,Pune,organic
7199,2023-02-04,India,Delhi,ads
7200,2023-11-30,India,Pune,organic
7201,2023-03-28,India,Pune,organic
7202,2023-10-23,India,Jammu,referral
7203,2022-04-14,India,Indore,ads
7204,2024-01-25,India,Pune,referral
7205,2023-04-07,India,Indore,referral
7206,2024-01-13,India,Mumbai,ads
7207,2023-12-19,India,Pune,ads
7208,2023-12-11,India,Indore,organic
7209,2023-01-31,India,Mumbai,ads
7210,2022-12-03,India,Jammu,organic
7211,2023-08-22,India,Pune,ads
7212,2022-05-22,India,Jammu,ads
7213,2022-11-13,India,Mumbai,ads
7214,2023-12-12,India,Jammu,ads
7215,2023-07-12,India,Jammu,ads
7216,2024-03-10,India,Delhi,referral
7217,2023-06-11,India,Mumbai,ads
7218,2023-07-10,India,Jammu,referral
7219,2023-02-05,India,Indore,referral
7220,2023-11-12,India,Mumbai,referral
7221,2022-11-06,India,Delhi,ads
7222,2023-05-10,India,Pune,organic
7223,2023-07-10,India,Jammu,ads
7224,2023-09-02,India,Indore,ads
7225,2024-02-12,India,Delhi,referral
7226,2022-04-19,India,Mumbai,ads
7227,2024-03-05,India,Jammu,referral
7228,2023-01-07,India,Delhi,organic
7229,2024-05-04,India,Delhi,ads
7230,2023-09-08,India,Indore,ads
7231,2024-02-07,India,Pune,organic
7232,2024-06-09,India,Pune,organic
7233,2022-07-25,India,Pune,organic
7234,2024-04-26,India,Mumbai,ads
7235,2022-02-12,India,Delhi,ads
7236,2024-05-14,India,Mumbai,ads
7237,2022-09-02,India,Delhi,ads
7238,2022-10-14,India,Indore,ads
7239,2022-12-21,India,Indore,ads
7240,2024-02-24,India,Mumbai,ads
7241,2023-04-21,India,Mumbai,organic
7242,2022-03-24,India,Indore,organic
7243,2022-04-20,India,Jammu,ads
7244,2022-07-09,India,Pune,organic
7245,2024-03-10,India,Pune,organic
7246,2022-09-08,India,Indore,organic
7247,2023-12-25,India,Pune,organic
7248,2022-10-18,India,Jammu,ads
7249,2023-10-07,India,Jammu,ads
7250,2022-07-20,India,Delhi,ads
7251,2024-03-07,India,Mumbai,ads
7252,2022-11-22,India,Pune,organic
7253,2023-05-26,India,Jammu,referral
7254,2023-02-13,India,Mumbai,ads
7255,2023-08-30,India,Mumbai,organic
7256,2024-02-29,India,Delhi,referral
7257,2024-04-16,India,Mumbai,ads
7258,2023-05-23,India,Mumbai,referral
7259,2024-01-01,India,Indore,ads
7260,2023-08-24,India,Delhi,referral
7261,2022-03-13,India,Delhi,ads
7262,2022-09-04,India,Pune,ads
7263,2023-10-03,India,Mumbai,organic
7264,2023-12-25,India,Pune,referral
7265,2024-05-04,India,Jammu,ads
7266,2023-08-31,India,Mumbai,organic
7267,2023-08-10,India,Jammu,organic
7268,2023-07-20,India,Indore,ads
7269,2022-12-10,India,Mumbai,ads
7270,2022-02-23,India,Pune,ads
7271,2023-12-31,India,Pune,ads
7272,2023-06-12,India,Mumbai,organic
7273,2023-09-03,India,Pune,referral
7274,2023-06-16,India,Mumbai,organic
7275,2023-07-12,India,Delhi,referral
7276,2022-07-12,India,Pune,ads
7277,2024-06-13,India,Mumbai,ads
7278,2022-02-27,India,Mumbai,referral
7279,2023-03-13,India,Pune,referral
7280,2022-04-21,India,Delhi,ads
7281,2022-05-09,India,Pune,ads
7282,2024-04-28,India,Mumbai,referral
7283,2023-12-07,India,Delhi,ads
7284,2024-05-01,India,Jammu,ads
7285,2022-11-22,India,Indore,organic
7286,2022-01-08,India,Pune,referral
7287,2022-01-29,India,Mumbai,organic
7288,2022-04-22,India,Delhi,organic
7289,2023-11-04,India,Delhi,ads
7290,2022-05-11,India,Jammu,organic
7291,2022-07-07,India,Pune,ads
7292,2023-11-06,India,Delhi,referral
7293,2023-12-10,India,Jammu,ads
7294,2023-04-20,India,Mumbai,organic
7295,2022-12-30,India,Jammu,referral
7296,2022-07-23,India,Pune,ads
7297,2022-07-31,India,Jammu,referral
7298,2023-09-13,India,Delhi,ads
7299,2022-10-03,India,Delhi,ads
7300,2022-03-14,India,Indore,ads
7301,2023-11-10,India,Jammu,referral
7302,2024-02-11,India,Mumbai,referral
7303,2022-08-31,India,Pune,ads
7304,2024-02-26,India,Indore,ads
7305,2022-04-12,India,Jammu,referral
7306,2023-11-16,India,Mumbai,ads
7307,2022-06-20,India,Indore,organic
7308,2023-10-15,India,Delhi,organic
7309,2022-07-07,India,Pune,referral
7310,2023-03-17,India,Jammu,organic
7311,2022-03-27,India,Mumbai,ads
7312,2023-04-21,India,Delhi,referral
7313,2022-02-21,India,Indore,ads
7314,2022-04-21,India,Pune,ads
7315,2024-05-26,India,Indore,ads
7316,2024-05-03,India,Indore,referral
7317,2022-02-12,India,Mumbai,organic
7318,2022-07-30,India,Delhi,ads
7319,2022-07-19,India,Jammu,organic
7320,2024-03-20,India,Mumbai,ads
7321,2024-05-07,India,Pune,referral
7322,2024-01-22,India,Indore,ads
7323,2023-09-19,India,Pune,organic
7324,2022-01-26,India,Mumbai,organic
7325,2022-10-26,India,Mumbai,ads
7326,2022-03-18,India,Jammu,referral
7327,2022-05-17,India,Indore,ads
7328,2022-01-20,India,Mumbai,organic
7329,2023-03-16,India,Pune,organic
7330,2022-07-30,India,Jammu,organic
7331,2024-01-22,India,Pune,ads
7332,2023-07-05,India,Indore,referral
7333,2023-03-11,India,Jammu,ads
7334,2024-02-19,India,Jammu,organic
7335,2022-07-26,India,Jammu,organic
7336,2023-03-15,India,Delhi,referral
7337,2024-02-18,India,Jammu,organic
7338,2023-10-28,India,Pune,ads
7339,2022-02-11,India,Pune,referral
7340,2023-02-15,India,Indore,ads
7341,2023-06-07,India,Mumbai,ads
7342,2024-03-16,India,Mumbai,referral
7343,2023-09-02,India,Delhi,organic
7344,2023-03-03,India,Jammu,ads
7345,2022-10-02,India,Delhi,organic
7346,2023-03-24,India,Indore,ads
7347,2024-06-02,India,Indore,ads
7348,2024-01-12,India,Mumbai,ads
7349,2023-01-04,India,Indore,organic
7350,2022-08-08,India,Jammu,organic
7351,2023-07-31,India,Pune,organic
7352,2024-05-16,India,Indore,ads
7353,2022-08-20,India,Delhi,organic
7354,2022-11-24,India,Jammu,ads
7355,2023-03-19,India,Indore,organic
7356,2022-02-21,India,Indore,referral
7357,2024-06-04,India,Jammu,ads
7358,2023-01-11,India,Indore,organic
7359,2022-09-20,India,Pune,referral
7360,2022-09-24,India,Mumbai,ads
7361,2022-12-25,India,Jammu,organic
7362,2022-11-13,India,Delhi,organic
7363,2022-11-20,India,Indore,ads
7364,2023-10-28,India,Mumbai,organic
7365,2024-05-19,India,Delhi,organic
7366,2024-05-27,India,Delhi,ads
7367,2023-10-14,India,Pune,ads
7368,2023-07-17,India,Mumbai,referral
7369,2023-09-21,India,Jammu,organic
7370,2023-02-25,India,Mumbai,ads
7371,2022-02-15,India,Mumbai,ads
7372,2024-03-31,India,Delhi,organic
7373,2023-08-23,India,Pune,ads
7374,2023-12-21,India,Pune,ads
7375,2024-06-07,India,Mumbai,organic
7376,2022-09-26,India,Mumbai,organic
7377,2023-08-24,India,Indore,ads
7378,2023-01-16,India,Delhi,ads
7379,2022-04-28,India,Jammu,ads
7380,2023-07-20,India,Jammu,ads
7381,2022-04-26,India,Pune,ads
7382,2023-09-22,India,Delhi,ads
7383,2022-09-17,India,Pune,ads
7384,2022-03-16,India,Jammu,ads
7385,2023-04-25,India,Mumbai,referral
7386,2022-11-01,India,Delhi,ads
7387,2022-01-07,India,Delhi,ads
7388,2023-01-01,India,Indore,ads
7389,2023-09-26,India,Mumbai,ads
7390,2023-06-07,India,Mumbai,referral
7391,2022-12-14,India,Pune,ads
7392,2023-03-14,India,Delhi,referral
7393,2022-08-03,India,Pune,ads
7394,2023-03-05,India,Mumbai,referral
7395,2024-03-01,India,Indore,ads
7396,2023-05-13,India,Delhi,ads
7397,2023-06-24,India,Mumbai,ads
7398,2024-01-17,India,Indore,ads
7399,2023-01-02,India,Jammu,organic
7400,2022-11-09,India,Mumbai,ads
7401,2023-06-22,India,Jammu,organic
7402,2022-02-23,India,Pune,ads
7403,2023-06-25,India,Jammu,ads
7404,2023-04-12,India,Mumbai,ads
7405,2024-05-14,India,Jammu,organic
7406,2022-06-13,India,Delhi,ads
7407,2024-02-21,India,Mumbai,ads
7408,2022-11-30,India,Indore,ads
7409,2023-07-01,India,Jammu,referral
7410,2024-03-08,India,Delhi,organic
7411,2022-12-14,India,Pune,ads
7412,2022-09-30,India,Pune,ads
7413,2023-12-21,India,Jammu,ads
7414,2024-01-20,India,Pune,ads
7415,2023-02-18,India,Indore,organic
7416,2023-05-15,India,Mumbai,ads
7417,2022-04-03,India,Delhi,ads
7418,2023-11-16,India,Jammu,organic
7419,2022-03-20,India,Pune,ads
7420,2023-09-14,India,Mumbai,ads
7421,2022-08-05,India,Indore,ads
7422,2022-12-24,India,Pune,ads
7423,2023-09-10,India,Pune,referral
7424,2023-05-22,India,Delhi,organic
7425,2023-07-13,India,Indore,ads
7426,2022-06-30,India,Indore,ads
7427,2023-07-30,India,Jammu,ads
7428,2022-09-03,India,Delhi,ads
7429,2022-09-01,India,Jammu,referral
7430,2023-05-21,India,Delhi,ads
7431,2023-02-26,India,Indore,referral
7432,2022-11-16,India,Delhi,organic
7433,2022-03-28,India,Delhi,referral
7434,2022-08-05,India,Delhi,organic
7435,2023-05-05,India,Mumbai,organic
7436,2023-06-03,India,Mumbai,organic
7437,2022-10-05,India,Indore,referral
7438,2024-04-28,India,Delhi,ads
7439,2023-12-23,India,Indore,referral
7440,2022-06-18,India,Mumbai,organic
7441,2022-11-26,India,Delhi,ads
7442,2023-10-12,India,Jammu,referral
7443,2023-03-17,India,Mumbai,referral
7444,2023-01-26,India,Mumbai,organic
7445,2023-05-11,India,Mumbai,ads
7446,2023-01-16,India,Delhi,referral
7447,2022-11-02,India,Pune,organic
7448,2024-01-12,India,Jammu,organic
7449,2024-03-30,India,Jammu,referral
7450,2023-11-04,India,Indore,ads
7451,2023-05-28,India,Delhi,ads
7452,2024-01-18,India,Mumbai,organic
7453,2022-07-07,India,Pune,ads
7454,2023-05-31,India,Delhi,organic
7455,2023-10-06,India,Delhi,ads
7456,2023-03-03,India,Pune,ads
7457,2023-05-17,India,Mumbai,ads
7458,2023-12-31,India,Delhi,ads
7459,2022-09-17,India,Jammu,ads
7460,2023-05-28,India,Jammu,ads
7461,2022-03-12,India,Pune,ads
7462,2023-04-23,India,Mumbai,organic
7463,2022-06-27,India,Pune,referral
7464,2023-04-02,India,Delhi,ads
7465,2022-07-08,India,Jammu,organic
7466,2022-10-18,India,Indore,ads
7467,2023-06-04,India,Pune,ads
7468,2024-02-04,India,Indore,referral
7469,2022-10-19,India,Indore,ads
7470,2024-01-26,India,Jammu,ads
7471,2023-09-27,India,Pune,ads
7472,2024-03-21,India,Indore,referral
7473,2022-10-10,India,Delhi,ads
7474,2023-06-28,India,Mumbai,organic
7475,2024-04-25,India,Mumbai,ads
7476,2023-01-12,India,Jammu,ads
7477,2023-10-20,India,Pune,referral
7478,2022-06-05,India,Pune,ads
7479,2023-05-23,India,Mumbai,organic
7480,2023-02-17,India,Delhi,organic
7481,2023-06-12,India,Mumbai,ads
7482,2022-12-21,India,Mumbai,ads
7483,2023-07-13,India,Pune,organic
7484,2024-02-02,India,Indore,ads
7485,2022-07-06,India,Delhi,ads
7486,2022-01-31,India,Pune,ads
7487,2022-09-17,India,Mumbai,organic
7488,2023-02-25,India,Indore,referral
7489,2023-06-13,India,Delhi,referral
7490,2023-07-05,India,Jammu,ads
7491,2022-10-31,India,Delhi,organic
7492,2022-02-08,India,Delhi,ads
7493,2023-05-04,India,Mumbai,ads
7494,2023-10-06,India,Mumbai,referral
7495,2023-06-26,India,Jammu,organic
7496,2023-11-01,India,Jammu,organic
7497,2022-10-05,India,Jammu,ads
7498,2022-07-22,India,Pune,referral
7499,2022-03-07,India,Pune,referral
7500,2022-04-18,India,Mumbai,ads
7501,2022-09-25,India,Mumbai,ads
7502,2022-08-10,India,Jammu,ads
7503,2024-03-14,India,Pune,ads
7504,2023-06-14,India,Indore,referral
7505,2022-03-31,India,Pune,ads
7506,2023-11-24,India,Mumbai,organic
7507,2022-09-12,India,Pune,organic
7508,2023-03-31,India,Mumbai,organic
7509,2022-09-10,India,Jammu,ads
7510,2022-09-14,India,Jammu,referral
7511,2023-01-18,India,Jammu,ads
7512,2023-03-18,India,Indore,organic
7513,2024-05-07,India,Indore,organic
7514,2023-08-22,India,Mumbai,ads
7515,2022-03-31,India,Delhi,referral
7516,2024-01-19,India,Indore,ads
7517,2023-01-25,India,Mumbai,organic
7518,2023-08-05,India,Pune,organic
7519,2022-02-13,India,Jammu,organic
7520,2023-12-13,India,Jammu,ads
7521,2023-10-26,India,Jammu,organic
7522,2023-08-21,India,Mumbai,organic
7523,2022-01-19,India,Jammu,ads
7524,2022-04-11,India,Indore,organic
7525,2023-08-30,India,Pune,organic
7526,2024-02-05,India,Jammu,organic
7527,2022-12-23,India,Mumbai,ads
7528,2023-06-26,India,Pune,ads
7529,2024-01-31,India,Jammu,ads
7530,2022-02-02,India,Delhi,ads
7531,2022-08-17,India,Jammu,referral
7532,2023-06-08,India,Indore,ads
7533,2023-09-22,India,Pune,ads
7534,2024-05-11,India,Indore,organic
7535,2022-06-04,India,Delhi,ads
7536,2023-02-27,India,Delhi,ads
7537,2022-09-03,India,Indore,organic
7538,2023-02-09,India,Pune,organic
7539,2024-04-23,India,Delhi,organic
7540,2024-01-29,India,Delhi,organic
7541,2023-06-25,India,Jammu,ads
7542,2022-06-10,India,Mumbai,referral
7543,2024-01-17,India,Delhi,ads
7544,2023-12-03,India,Pune,ads
7545,2022-04-27,India,Pune,ads
7546,2022-09-28,India,Jammu,ads
7547,2024-02-09,India,Pune,ads
7548,2023-11-23,India,Jammu,organic
7549,2023-05-02,India,Delhi,organic
7550,2024-06-03,India,Delhi,ads
7551,2022-06-21,India,Delhi,organic
7552,2022-10-01,India,Delhi,organic
7553,2022-09-16,India,Mumbai,ads
7554,2022-05-15,India,Mumbai,ads
7555,2023-11-14,India,Delhi,ads
7556,2023-12-23,India,Pune,ads
7557,2024-01-18,India,Jammu,organic
7558,2023-02-26,India,Indore,ads
7559,2023-02-25,India,Jammu,ads
7560,2022-07-05,India,Indore,ads
7561,2022-12-30,India,Indore,referral
7562,2023-08-30,India,Delhi,ads
7563,2023-01-13,India,Indore,organic
7564,2023-06-07,India,Delhi,ads
7565,2023-08-03,India,Mumbai,organic
7566,2024-06-09,India,Pune,referral
7567,2023-12-23,India,Indore,ads
7568,2022-07-15,India,Pune,referral
7569,2024-05-30,India,Delhi,organic
7570,2022-04-08,India,Indore,organic
7571,2023-08-28,India,Jammu,organic
7572,2022-01-22,India,Mumbai,ads
7573,2023-03-26,India,Mumbai,ads
7574,2022-06-21,India,Indore,referral
7575,2023-01-18,India,Mumbai,ads
7576,2022-05-14,India,Jammu,referral
7577,2023-03-02,India,Pune,organic
7578,2022-01-25,India,Jammu,ads
7579,2023-05-18,India,Mumbai,organic
7580,2022-07-04,India,Pune,referral
7581,2022-03-26,India,Jammu,ads
7582,2023-07-21,India,Delhi,ads
7583,2024-02-02,India,Delhi,organic
7584,2022-05-24,India,Pune,referral
7585,2024-05-12,India,Pune,organic
7586,2023-11-10,India,Pune,ads
7587,2023-02-16,India,Delhi,ads
7588,2022-08-12,India,Jammu,referral
7589,2022-08-08,India,Pune,ads
7590,2022-06-28,India,Delhi,organic
7591,2023-09-23,India,Pune,ads
7592,2023-03-09,India,Pune,ads
7593,2022-09-22,India,Pune,ads
7594,2023-03-05,India,Delhi,ads
7595,2023-10-24,India,Jammu,organic
7596,2023-02-20,India,Delhi,ads
7597,2023-03-29,India,Delhi,ads
7598,2023-12-28,India,Pune,ads
7599,2022-07-16,India,Indore,referral
7600,2023-07-08,India,Indore,organic
7601,2022-02-22,India,Indore,ads
7602,2023-04-25,India,Delhi,ads
7603,2023-03-19,India,Pune,organic
7604,2022-11-26,India,Indore,referral
7605,2022-09-08,India,Mumbai,ads
7606,2024-03-17,India,Mumbai,ads
7607,2024-06-08,India,Mumbai,organic
7608,2024-02-22,India,Jammu,organic
7609,2022-05-03,India,Pune,organic
7610,2024-05-28,India,Delhi,ads
7611,2023-01-22,India,Delhi,ads
7612,2022-12-05,India,Pune,ads
7613,2024-02-17,India,Jammu,ads
7614,2022-12-14,India,Pune,referral
7615,2022-01-29,India,Jammu,ads
7616,2022-02-04,India,Indore,organic
7617,2023-06-02,India,Indore,organic
7618,2023-01-31,India,Jammu,ads
7619,2023-09-15,India,Pune,referral
7620,2022-10-21,India,Indore,organic
7621,2023-08-12,India,Pune,referral
7622,2022-12-15,India,Indore,ads
7623,2022-05-27,India,Pune,ads
7624,2022-03-08,India,Pune,ads
7625,2023-06-04,India,Mumbai,ads
7626,2022-05-02,India,Jammu,ads
7627,2022-12-06,India,Delhi,referral
7628,2022-06-24,India,Jammu,ads
7629,2024-06-18,India,Pune,referral
7630,2023-11-22,India,Pune,ads
7631,2023-08-20,India,Jammu,organic
7632,2023-03-27,India,Pune,ads
7633,2023-07-11,India,Indore,ads
7634,2022-05-16,India,Pune,referral
7635,2024-05-04,India,Jammu,ads
7636,2022-01-16,India,Jammu,organic
7637,2022-11-29,India,Jammu,organic
7638,2022-07-14,India,Mumbai,referral
7639,2023-05-11,India,Mumbai,organic
7640,2022-01-09,India,Mumbai,ads
7641,2024-04-07,India,Mumbai,organic
7642,2022-11-30,India,Mumbai,ads
7643,2022-11-29,India,Mumbai,ads
7644,2022-11-23,India,Mumbai,ads
7645,2022-01-15,India,Jammu,ads
7646,2024-04-18,India,Delhi,ads
7647,2023-09-06,India,Mumbai,referral
7648,2022-08-14,India,Jammu,organic
7649,2023-03-01,India,Delhi,referral
7650,2024-02-29,India,Mumbai,ads
7651,2023-02-12,India,Delhi,organic
7652,2022-04-23,India,Delhi,ads
7653,2023-03-04,India,Indore,ads
7654,2022-01-01,India,Pune,referral
7655,2022-09-23,India,Indore,referral
7656,2023-05-06,India,Delhi,ads
7657,2022-07-27,India,Jammu,referral
7658,2023-09-14,India,Mumbai,organic
7659,2023-12-13,India,Pune,referral
7660,2023-01-04,India,Mumbai,organic
7661,2022-11-02,India,Jammu,referral
7662,2022-01-12,India,Pune,referral
7663,2022-12-11,India,Indore,ads
7664,2023-04-10,India,Delhi,ads
7665,2023-12-01,India,Jammu,ads
7666,2023-10-28,India,Delhi,organic
7667,2023-05-09,India,Delhi,referral
7668,2023-01-03,India,Mumbai,organic
7669,2024-04-25,India,Jammu,organic
7670,2023-02-24,India,Delhi,ads
7671,2024-06-07,India,Indore,ads
7672,2024-03-01,India,Pune,ads
7673,2022-06-20,India,Jammu,organic
7674,2022-05-14,India,Mumbai,ads
7675,2023-03-03,India,Jammu,ads
7676,2022-01-25,India,Mumbai,ads
7677,2023-06-14,India,Pune,ads
7678,2022-07-09,India,Indore,ads
7679,2022-05-21,India,Delhi,ads
7680,2023-07-09,India,Jammu,referral
7681,2024-04-25,India,Mumbai,ads
7682,2024-03-06,India,Pune,referral
7683,2023-10-20,India,Delhi,ads
7684,2022-11-11,India,Pune,referral
7685,2023-03-20,India,Indore,organic
7686,2022-11-15,India,Delhi,referral
7687,2023-03-17,India,Delhi,referral
7688,2022-04-02,India,Delhi,organic
7689,2022-06-28,India,Mumbai,referral
7690,2022-02-25,India,Delhi,organic
7691,2022-06-04,India,Pune,organic
7692,2023-11-03,India,Mumbai,ads
7693,2022-04-21,India,Delhi,referral
7694,2022-05-17,India,Pune,referral
7695,2022-08-20,India,Pune,ads
7696,2023-04-13,India,Jammu,organic
7697,2024-01-02,India,Pune,referral
7698,2023-04-26,India,Indore,organic
7699,2022-03-09,India,Delhi,referral
7700,2024-03-24,India,Delhi,ads
7701,2022-09-06,India,Delhi,ads
7702,2022-11-19,India,Pune,organic
7703,2023-06-02,India,Pune,ads
7704,2024-03-02,India,Delhi,ads
7705,2023-03-08,India,Mumbai,organic
7706,2023-05-02,India,Mumbai,ads
7707,2023-08-29,India,Indore,ads
7708,2023-03-05,India,Jammu,ads
7709,2022-09-26,India,Indore,organic
7710,2023-12-10,India,Delhi,ads
7711,2023-06-21,India,Delhi,ads
7712,2022-05-28,India,Delhi,organic
7713,2022-04-28,India,Jammu,ads
7714,2024-04-29,India,Pune,referral
7715,2023-01-02,India,Jammu,ads
7716,2024-04-29,India,Indore,referral
7717,2022-03-07,India,Pune,ads
7718,2024-03-23,India,Pune,referral
7719,2023-01-05,India,Indore,ads
7720,2022-06-24,India,Pune,ads
7721,2024-04-10,India,Mumbai,referral
7722,2023-08-11,India,Indore,ads
7723,2023-05-10,India,Indore,organic
7724,2022-04-24,India,Mumbai,ads
7725,2022-04-21,India,Jammu,organic
7726,2024-01-31,India,Jammu,referral
7727,2023-03-15,India,Jammu,referral
7728,2023-12-16,India,Pune,ads
7729,2022-05-27,India,Mumbai,ads
7730,2022-02-04,India,Indore,referral
7731,2022-11-05,India,Indore,referral
7732,2023-06-22,India,Indore,ads
7733,2024-01-20,India,Pune,organic
7734,2022-01-14,India,Pune,ads
7735,2023-01-09,India,Jammu,referral
7736,2023-07-11,India,Pune,ads
7737,2023-03-04,India,Jammu,organic
7738,2023-12-29,India,Jammu,organic
7739,2022-08-21,India,Indore,referral
7740,2023-12-06,India,Pune,referral
7741,2023-07-17,India,Jammu,ads
7742,2024-06-05,India,Mumbai,organic
7743,2023-12-27,India,Mumbai,referral
7744,2023-10-25,India,Pune,organic
7745,2023-03-16,India,Indore,organic
7746,2023-05-17,India,Indore,organic
7747,2022-10-02,India,Jammu,ads
7748,2024-04-29,India,Pune,organic
7749,2022-03-17,India,Mumbai,ads
7750,2023-03-15,India,Jammu,ads
7751,2024-01-02,India,Jammu,referral
7752,2024-05-09,India,Delhi,ads
7753,2023-11-30,India,Pune,ads
7754,2022-10-16,India,Jammu,ads
7755,2023-06-24,India,Mumbai,ads
7756,2024-06-09,India,Delhi,referral
7757,2023-11-23,India,Mumbai,organic
7758,2022-09-10,India,Indore,ads
7759,2022-05-06,India,Delhi,ads
7760,2022-06-26,India,Delhi,ads
7761,2022-02-06,India,Jammu,ads
7762,2023-02-14,India,Indore,organic
7763,2023-09-03,India,Jammu,ads
7764,2023-09-02,India,Pune,organic
7765,2022-05-07,India,Mumbai,ads
7766,2023-04-28,India,Mumbai,ads
7767,2022-06-17,India,Jammu,ads
7768,2023-08-15,India,Mumbai,ads
7769,2022-10-21,India,Mumbai,referral
7770,2024-04-24,India,Pune,ads
7771,2023-09-30,India,Indore,ads
7772,2022-12-09,India,Delhi,referral
7773,2022-11-06,India,Jammu,organic
7774,2023-10-24,India,Jammu,ads
7775,2023-06-12,India,Pune,referral
7776,2023-06-24,India,Pune,ads
7777,2023-02-23,India,Delhi,organic
7778,2023-03-20,India,Indore,ads
7779,2023-11-16,India,Jammu,organic
7780,2023-07-12,India,Pune,organic
7781,2024-04-19,India,Jammu,ads
7782,2022-08-24,India,Mumbai,organic
7783,2023-03-15,India,Jammu,organic
7784,2022-08-02,India,Indore,organic
7785,2022-03-26,India,Indore,referral
7786,2024-03-04,India,Jammu,organic
7787,2024-01-14,India,Mumbai,ads
7788,2022-03-26,India,Indore,organic
7789,2023-05-04,India,Pune,organic
7790,2022-03-06,India,Jammu,ads
7791,2023-10-08,India,Mumbai,organic
7792,2023-10-25,India,Pune,organic
7793,2023-09-19,India,Jammu,referral
7794,2022-03-05,India,Mumbai,organic
7795,2022-12-09,India,Pune,ads
7796,2024-05-24,India,Indore,organic
7797,2022-12-18,India,Jammu,referral
7798,2022-06-07,India,Jammu,referral
7799,2023-08-12,India,Indore,referral
7800,2023-05-06,India,Delhi,referral
7801,2023-10-20,India,Pune,ads
7802,2024-05-04,India,Indore,organic
7803,2023-04-08,India,Jammu,organic
7804,2022-08-13,India,Pune,ads
7805,2022-11-09,India,Pune,ads
7806,2023-09-07,India,Delhi,referral
7807,2024-05-08,India,Jammu,organic
7808,2024-03-23,India,Mumbai,referral
7809,2023-04-11,India,Delhi,referral
7810,2022-03-29,India,Delhi,ads
7811,2024-06-01,India,Mumbai,referral
7812,2022-10-30,India,Mumbai,ads
7813,2023-11-11,India,Delhi,organic
7814,2023-03-11,India,Pune,ads
7815,2023-11-13,India,Indore,ads
7816,2022-05-15,India,Indore,referral
7817,2022-02-19,India,Delhi,ads
7818,2023-03-08,India,Pune,organic
7819,2022-12-06,India,Mumbai,ads
7820,2022-12-13,India,Delhi,ads
7821,2023-10-08,India,Jammu,ads
7822,2022-12-13,India,Pune,organic
7823,2023-10-11,India,Jammu,ads
7824,2022-09-02,India,Jammu,ads
7825,2022-04-19,India,Delhi,organic
7826,2024-04-04,India,Pune,ads
7827,2024-03-09,India,Jammu,ads
7828,2023-06-17,India,Pune,referral
7829,2022-03-31,India,Indore,ads
7830,2022-10-23,India,Jammu,ads
7831,2022-04-22,India,Jammu,organic
7832,2024-03-23,India,Pune,organic
7833,2023-08-12,India,Indore,organic
7834,2022-06-26,India,Jammu,referral
7835,2022-12-09,India,Delhi,ads
7836,2023-10-22,India,Pune,referral
7837,2022-04-11,India,Pune,referral
7838,2024-01-28,India,Jammu,referral
7839,2023-09-21,India,Indore,ads
7840,2023-08-27,India,Jammu,referral
7841,2023-02-05,India,Mumbai,ads
7842,2022-01-28,India,Jammu,organic
7843,2023-06-21,India,Mumbai,ads
7844,2022-02-27,India,Delhi,referral
7845,2023-05-13,India,Pune,organic
7846,2022-10-24,India,Pune,ads
7847,2022-05-14,India,Indore,referral
7848,2022-11-27,India,Jammu,organic
7849,2022-09-06,India,Delhi,organic
7850,2023-07-04,India,Mumbai,ads
7851,2022-03-16,India,Indore,referral
7852,2023-10-16,India,Delhi,organic
7853,2024-04-13,India,Delhi,ads
7854,2022-06-17,India,Mumbai,organic
7855,2024-02-10,India,Mumbai,organic
7856,2023-05-18,India,Pune,organic
7857,2024-06-03,India,Jammu,ads
7858,2022-12-21,India,Indore,ads
7859,2022-08-13,India,Jammu,organic
7860,2023-10-26,India,Indore,referral
7861,2023-06-15,India,Delhi,organic
7862,2022-05-26,India,Mumbai,ads
7863,2022-08-29,India,Mumbai,ads
7864,2024-06-02,India,Delhi,organic
7865,2024-06-11,India,Delhi,referral
7866,2022-12-10,India,Indore,ads
7867,2024-01-19,India,Delhi,organic
7868,2022-02-04,India,Indore,ads
7869,2023-12-03,India,Jammu,ads
7870,2022-01-01,India,Mumbai,ads
7871,2022-06-02,India,Mumbai,referral
7872,2023-03-05,India,Mumbai,referral
7873,2023-05-23,India,Jammu,ads
7874,2022-05-06,India,Jammu,organic
7875,2023-05-06,India,Pune,ads
7876,2023-04-27,India,Indore,organic
7877,2022-12-11,India,Indore,organic
7878,2024-01-08,India,Pune,ads
7879,2022-08-09,India,Mumbai,ads
7880,2023-12-24,India,Indore,referral
7881,2022-01-25,India,Indore,organic
7882,2023-06-12,India,Mumbai,ads
7883,2022-07-01,India,Delhi,organic
7884,2023-05-14,India,Delhi,referral
7885,2024-04-20,India,Pune,organic
7886,2023-10-03,India,Jammu,ads
7887,2022-02-11,India,Indore,organic
7888,2023-04-26,India,Indore,organic
7889,2024-04-27,India,Pune,organic
7890,2024-01-18,India,Pune,referral
7891,2024-05-21,India,Indore,ads
7892,2023-03-15,India,Mumbai,organic
7893,2023-02-06,India,Mumbai,ads
7894,2023-06-30,India,Jammu,ads
7895,2022-12-11,India,Indore,organic
7896,2024-06-11,India,Indore,referral
7897,2022-02-14,India,Indore,ads
7898,2023-10-08,India,Indore,referral
7899,2022-01-21,India,Pune,ads
7900,2023-09-26,India,Delhi,ads
7901,2022-03-11,India,Indore,ads
7902,2024-05-13,India,Delhi,organic
7903,2024-05-22,India,Mumbai,organic
7904,2022-02-17,India,Jammu,ads
7905,2023-05-06,India,Mumbai,ads
7906,2023-07-05,India,Indore,organic
7907,2022-10-14,India,Mumbai,organic
7908,2022-01-10,India,Pune,ads
7909,2023-06-26,India,Delhi,referral
7910,2024-01-26,India,Indore,organic
7911,2022-10-01,India,Pune,ads
7912,2023-08-23,India,Delhi,ads
7913,2024-01-26,India,Pune,organic
7914,2023-01-16,India,Mumbai,ads
7915,2022-11-25,India,Indore,organic
7916,2023-04-24,India,Mumbai,ads
7917,2022-01-15,India,Jammu,organic
7918,2023-05-31,India,Indore,ads
7919,2022-07-10,India,Mumbai,referral
7920,2022-06-17,India,Indore,referral
7921,2023-06-05,India,Delhi,referral
7922,2023-09-13,India,Indore,ads
7923,2022-05-17,India,Indore,referral
7924,2022-06-03,India,Delhi,organic
7925,2023-01-23,India,Mumbai,organic
7926,2022-07-28,India,Indore,ads
7927,2022-09-29,India,Pune,organic
7928,2022-05-23,India,Indore,referral
7929,2023-09-03,India,Mumbai,ads
7930,2024-06-07,India,Delhi,ads
7931,2024-03-30,India,Mumbai,ads
7932,2022-03-10,India,Jammu,ads
7933,2022-09-04,India,Indore,organic
7934,2022-09-18,India,Indore,referral
7935,2024-02-27,India,Delhi,ads
7936,2022-03-20,India,Indore,organic
7937,2023-10-20,India,Pune,ads
7938,2023-09-15,India,Pune,ads
7939,2024-02-09,India,Mumbai,organic
7940,2023-08-28,India,Delhi,ads
7941,2023-06-09,India,Jammu,organic
7942,2024-02-11,India,Mumbai,ads
7943,2023-09-13,India,Delhi,organic
7944,2022-11-26,India,Delhi,ads
7945,2022-07-08,India,Mumbai,referral
7946,2022-04-05,India,Mumbai,referral
7947,2023-09-09,India,Indore,ads
7948,2022-01-08,India,Jammu,ads
7949,2022-03-08,India,Pune,ads
7950,2023-05-11,India,Indore,organic
7951,2022-07-10,India,Delhi,ads
7952,2023-01-01,India,Jammu,organic
7953,2024-02-07,India,Jammu,ads
7954,2023-06-05,India,Mumbai,ads
7955,2022-04-27,India,Jammu,ads
7956,2022-09-24,India,Jammu,ads
7957,2023-09-03,India,Delhi,organic
7958,2023-04-30,India,Indore,ads
7959,2023-05-24,India,Jammu,referral
7960,2022-10-25,India,Mumbai,organic
7961,2022-06-13,India,Indore,ads
7962,2023-01-11,India,Mumbai,ads
7963,2023-10-15,India,Jammu,ads
7964,2022-09-25,India,Indore,organic
7965,2023-07-03,India,Jammu,ads
7966,2022-03-15,India,Delhi,ads
7967,2023-05-23,India,Indore,ads
7968,2022-03-14,India,Mumbai,ads
7969,2022-11-04,India,Delhi,referral
7970,2022-07-18,India,Pune,referral
7971,2022-05-10,India,Mumbai,ads
7972,2024-01-28,India,Jammu,organic
7973,2024-04-03,India,Mumbai,referral
7974,2023-07-26,India,Pune,ads
7975,2024-03-01,India,Mumbai,organic
7976,2023-09-07,India,Delhi,ads
7977,2024-03-18,India,Mumbai,organic
7978,2024-04-11,India,Indore,organic
7979,2023-05-02,India,Pune,referral
7980,2024-05-02,India,Mumbai,ads
7981,2022-05-31,India,Pune,organic
7982,2023-10-31,India,Delhi,ads
7983,2022-07-25,India,Indore,ads
7984,2022-06-28,India,Jammu,referral
7985,2022-07-16,India,Mumbai,organic
7986,2024-01-05,India,Delhi,ads
7987,2022-03-30,India,Pune,organic
7988,2024-03-09,India,Pune,ads
7989,2023-03-10,India,Delhi,ads
7990,2024-02-27,India,Mumbai,organic
7991,2024-01-18,India,Jammu,organic
7992,2022-07-02,India,Mumbai,ads
7993,2022-07-28,India,Indore,organic
7994,2023-05-08,India,Mumbai,ads
7995,2022-05-10,India,Indore,ads
7996,2023-10-27,India,Pune,ads
7997,2022-01-13,India,Indore,referral
7998,2023-09-26,India,Jammu,referral
7999,2024-05-20,India,Delhi,ads
8000,2024-01-02,India,Indore,ads
8001,2022-04-16,India,Mumbai,organic
8002,2023-01-10,India,Indore,organic
8003,2023-08-05,India,Pune,ads
8004,2023-12-08,India,Indore,ads
8005,2023-11-29,India,Jammu,referral
8006,2022-04-09,India,Indore,organic
8007,2023-08-17,India,Jammu,ads
8008,2023-08-10,India,Mumbai,organic
8009,2024-06-04,India,Pune,ads
8010,2024-05-01,India,Delhi,ads
8011,2022-07-11,India,Mumbai,referral
8012,2022-11-21,India,Mumbai,ads
8013,2023-12-27,India,Delhi,ads
8014,2024-04-06,India,Indore,organic
8015,2023-04-12,India,Indore,referral
8016,2024-06-12,India,Indore,organic
8017,2023-01-02,India,Pune,ads
8018,2022-11-14,India,Mumbai,organic
8019,2022-05-24,India,Jammu,organic
8020,2023-01-19,India,Delhi,ads
8021,2022-08-04,India,Mumbai,organic
8022,2022-12-27,India,Indore,ads
8023,2022-11-20,India,Delhi,referral
8024,2022-01-15,India,Jammu,organic
8025,2022-08-05,India,Mumbai,ads
8026,2023-05-07,India,Mumbai,organic
8027,2023-07-01,India,Pune,ads
8028,2022-07-02,India,Mumbai,organic
8029,2022-09-27,India,Mumbai,ads
8030,2023-04-12,India,Jammu,ads
8031,2024-05-19,India,Jammu,organic
8032,2023-09-04,India,Delhi,referral
8033,2023-06-03,India,Indore,ads
8034,2023-06-26,India,Jammu,organic
8035,2023-04-12,India,Delhi,organic
8036,2022-11-01,India,Mumbai,ads
8037,2022-05-24,India,Delhi,ads
8038,2022-04-21,India,Delhi,organic
8039,2022-08-20,India,Delhi,ads
8040,2023-11-22,India,Delhi,referral
8041,2023-08-07,India,Jammu,organic
8042,2023-12-23,India,Indore,referral
8043,2024-01-02,India,Delhi,ads
8044,2023-08-15,India,Pune,referral
8045,2023-05-15,India,Mumbai,ads
8046,2023-08-18,India,Mumbai,organic
8047,2023-07-08,India,Mumbai,ads
8048,2022-09-30,India,Mumbai,ads
8049,2023-12-04,India,Mumbai,ads
8050,2022-06-22,India,Delhi,ads
8051,2022-01-07,India,Indore,organic
8052,2022-06-04,India,Pune,organic
8053,2023-06-06,India,Jammu,organic
8054,2023-06-30,India,Pune,ads
8055,2023-07-02,India,Jammu,ads
8056,2023-06-02,India,Jammu,referral
8057,2022-08-03,India,Pune,organic
8058,2022-05-14,India,Delhi,ads
8059,2022-10-12,India,Mumbai,organic
8060,2022-05-06,India,Delhi,referral
8061,2023-03-15,India,Mumbai,referral
8062,2024-04-28,India,Indore,ads
8063,2023-11-17,India,Jammu,referral
8064,2022-06-01,India,Pune,ads
8065,2022-11-27,India,Indore,organic
8066,2023-06-22,India,Mumbai,ads
8067,2023-01-18,India,Delhi,organic
8068,2022-04-25,India,Pune,organic
8069,2024-06-12,India,Jammu,ads
8070,2023-04-27,India,Indore,organic
8071,2022-10-11,India,Jammu,organic
8072,2024-06-17,India,Mumbai,ads
8073,2022-03-16,India,Jammu,ads
8074,2022-06-15,India,Delhi,ads
8075,2022-07-08,India,Indore,organic
8076,2022-03-19,India,Indore,referral
8077,2023-08-25,India,Delhi,organic
8078,2023-11-19,India,Jammu,ads
8079,2022-01-21,India,Delhi,ads
8080,2023-07-20,India,Pune,ads
8081,2022-07-03,India,Delhi,referral
8082,2024-05-20,India,Jammu,ads
8083,2022-08-10,India,Delhi,ads
8084,2024-04-06,India,Mumbai,organic
8085,2022-11-24,India,Delhi,referral
8086,2022-06-28,India,Delhi,ads
8087,2024-02-27,India,Jammu,ads
8088,2022-04-22,India,Pune,organic
8089,2024-01-06,India,Pune,organic
8090,2023-12-27,India,Jammu,ads
8091,2022-02-28,India,Jammu,organic
8092,2022-11-23,India,Jammu,organic
8093,2023-09-13,India,Mumbai,referral
8094,2024-06-15,India,Indore,ads
8095,2023-10-31,India,Delhi,ads
8096,2022-07-10,India,Jammu,organic
8097,2022-07-19,India,Jammu,organic
8098,2022-11-08,India,Jammu,organic
8099,2023-12-09,India,Pune,organic
8100,2022-02-04,India,Jammu,ads
8101,2023-01-14,India,Delhi,ads
8102,2023-01-22,India,Jammu,ads
8103,2024-01-28,India,Delhi,referral
8104,2022-08-25,India,Mumbai,ads
8105,2023-09-08,India,Indore,ads
8106,2023-06-03,India,Pune,ads
8107,2022-10-10,India,Delhi,referral
8108,2022-01-01,India,Mumbai,referral
8109,2024-01-01,India,Indore,referral
8110,2023-04-09,India,Indore,ads
8111,2022-08-18,India,Indore,organic
8112,2022-06-21,India,Delhi,ads
8113,2022-03-28,India,Mumbai,ads
8114,2023-07-07,India,Jammu,ads
8115,2022-05-03,India,Mumbai,ads
8116,2024-04-22,India,Mumbai,organic
8117,2022-10-25,India,Mumbai,referral
8118,2024-06-03,India,Delhi,ads
8119,2023-11-21,India,Delhi,referral
8120,2023-07-29,India,Delhi,ads
8121,2023-04-29,India,Mumbai,ads
8122,2022-06-14,India,Delhi,ads
8123,2023-11-30,India,Indore,ads
8124,2023-01-18,India,Delhi,ads
8125,2022-07-28,India,Pune,organic
8126,2024-01-09,India,Delhi,organic
8127,2023-03-08,India,Delhi,referral
8128,2023-01-24,India,Delhi,ads
8129,2023-07-14,India,Delhi,organic
8130,2022-08-12,India,Pune,organic
8131,2022-01-03,India,Jammu,referral
8132,2023-01-07,India,Delhi,ads
8133,2023-11-18,India,Indore,referral
8134,2023-03-22,India,Pune,organic
8135,2023-09-03,India,Jammu,organic
8136,2022-04-26,India,Delhi,ads
8137,2022-09-27,India,Jammu,ads
8138,2023-03-23,India,Indore,organic
8139,2023-01-03,India,Pune,ads
8140,2022-09-10,India,Pune,ads
8141,2022-11-13,India,Jammu,referral
8142,2023-02-19,India,Delhi,ads
8143,2022-04-05,India,Mumbai,ads
8144,2024-02-24,India,Pune,organic
8145,2024-06-10,India,Mumbai,ads
8146,2022-01-24,India,Pune,organic
8147,2023-09-20,India,Delhi,organic
8148,2023-10-25,India,Delhi,ads
8149,2024-04-29,India,Pune,organic
8150,2022-02-19,India,Jammu,ads
8151,2023-05-17,India,Delhi,referral
8152,2023-12-19,India,Delhi,referral
8153,2023-05-13,India,Indore,ads
8154,2022-12-01,India,Delhi,referral
8155,2022-03-20,India,Indore,organic
8156,2023-08-05,India,Delhi,ads
8157,2022-01-27,India,Delhi,ads
8158,2022-09-28,India,Jammu,ads
8159,2023-07-16,India,Jammu,referral
8160,2024-03-14,India,Delhi,ads
8161,2022-09-04,India,Pune,ads
8162,2024-02-15,India,Pune,ads
8163,2023-08-14,India,Delhi,organic
8164,2023-01-22,India,Pune,referral
8165,2023-12-03,India,Delhi,organic
8166,2023-07-13,India,Jammu,ads
8167,2022-12-27,India,Mumbai,ads
8168,2024-05-15,India,Indore,ads
8169,2023-05-03,India,Pune,ads
8170,2022-12-18,India,Pune,organic
8171,2023-12-02,India,Jammu,ads
8172,2022-09-13,India,Pune,referral
8173,2022-08-10,India,Delhi,organic
8174,2024-06-02,India,Delhi,referral
8175,2024-01-23,India,Mumbai,referral
8176,2024-02-20,India,Mumbai,referral
8177,2022-01-01,India,Mumbai,ads
8178,2023-06-30,India,Delhi,referral
8179,2023-03-22,India,Mumbai,organic
8180,2022-03-20,India,Mumbai,organic
8181,2022-08-24,India,Delhi,ads
8182,2022-11-30,India,Jammu,ads
8183,2024-06-07,India,Pune,referral
8184,2022-12-15,India,Indore,ads
8185,2022-04-08,India,Delhi,ads
8186,2022-03-23,India,Delhi,ads
8187,2023-05-17,India,Indore,referral
8188,2023-04-22,India,Indore,ads
8189,2023-12-05,India,Mumbai,referral
8190,2024-02-04,India,Indore,ads
8191,2023-07-04,India,Pune,ads
8192,2022-01-14,India,Pune,ads
8193,2023-01-27,India,Pune,organic
8194,2022-12-13,India,Pune,ads
8195,2022-11-06,India,Pune,ads
8196,2023-01-21,India,Mumbai,ads
8197,2022-07-28,India,Delhi,ads
8198,2022-12-23,India,Indore,organic
8199,2023-08-24,India,Delhi,ads
8200,2023-07-22,India,Indore,ads
8201,2022-04-04,India,Mumbai,ads
8202,2022-04-03,India,Mumbai,ads
8203,2022-12-06,India,Jammu,referral
8204,2023-08-20,India,Jammu,ads
8205,2023-03-21,India,Mumbai,ads
8206,2024-01-27,India,Mumbai,ads
8207,2022-01-22,India,Indore,organic
8208,2022-10-18,India,Mumbai,organic
8209,2023-04-30,India,Delhi,ads
8210,2024-02-23,India,Indore,organic
8211,2022-11-02,India,Mumbai,organic
8212,2023-09-26,India,Indore,ads
8213,2022-05-08,India,Indore,ads
8214,2023-09-17,India,Pune,organic
8215,2022-09-30,India,Jammu,organic
8216,2024-04-27,India,Indore,referral
8217,2023-03-18,India,Indore,ads
8218,2023-05-18,India,Pune,organic
8219,2022-05-10,India,Mumbai,ads
8220,2022-05-12,India,Indore,referral
8221,2023-08-20,India,Pune,organic
8222,2023-04-27,India,Delhi,organic
8223,2024-05-11,India,Pune,ads
8224,2023-01-25,India,Jammu,ads
8225,2023-08-16,India,Jammu,organic
8226,2022-11-21,India,Mumbai,ads
8227,2022-03-10,India,Mumbai,ads
8228,2023-10-22,India,Jammu,ads
8229,2023-03-24,India,Jammu,ads
8230,2023-06-12,India,Indore,organic
8231,2024-03-29,India,Jammu,ads
8232,2023-09-09,India,Mumbai,ads
8233,2022-06-14,India,Jammu,ads
8234,2023-05-03,India,Mumbai,referral
8235,2023-12-14,India,Delhi,referral
8236,2023-12-10,India,Jammu,ads
8237,2023-03-02,India,Mumbai,organic
8238,2023-11-28,India,Pune,ads
8239,2024-04-13,India,Indore,organic
8240,2022-09-22,India,Mumbai,organic
8241,2024-05-24,India,Jammu,ads
8242,2023-09-04,India,Jammu,ads
8243,2022-12-08,India,Delhi,organic
8244,2024-04-11,India,Pune,referral
8245,2023-12-27,India,Mumbai,referral
8246,2022-10-05,India,Pune,organic
8247,2023-11-05,India,Delhi,ads
8248,2023-03-15,India,Indore,ads
8249,2022-06-06,India,Pune,referral
8250,2023-02-26,India,Delhi,ads
8251,2022-09-08,India,Mumbai,organic
8252,2024-05-27,India,Indore,ads
8253,2023-09-01,India,Jammu,ads
8254,2023-06-14,India,Delhi,ads
8255,2022-11-23,India,Jammu,referral
8256,2024-06-13,India,Indore,ads
8257,2022-04-07,India,Delhi,organic
8258,2023-05-28,India,Delhi,referral
8259,2022-08-04,India,Indore,referral
8260,2022-05-12,India,Mumbai,ads
8261,2022-09-17,India,Delhi,organic
8262,2022-05-05,India,Indore,referral
8263,2022-03-23,India,Pune,ads
8264,2022-10-10,India,Jammu,organic
8265,2023-11-14,India,Delhi,ads
8266,2022-02-28,India,Pune,ads
8267,2023-06-28,India,Delhi,ads
8268,2022-06-10,India,Mumbai,organic
8269,2022-10-11,India,Indore,organic
8270,2022-04-16,India,Delhi,ads
8271,2022-04-15,India,Indore,referral
8272,2023-03-15,India,Delhi,ads
8273,2022-08-16,India,Mumbai,organic
8274,2023-12-01,India,Mumbai,referral
8275,2023-08-05,India,Pune,ads
8276,2022-11-14,India,Mumbai,organic
8277,2023-04-09,India,Indore,organic
8278,2024-03-12,India,Mumbai,organic
8279,2023-08-22,India,Delhi,ads
8280,2024-05-31,India,Mumbai,ads
8281,2024-05-23,India,Indore,organic
8282,2023-04-17,India,Delhi,ads
8283,2022-02-25,India,Pune,ads
8284,2023-09-17,India,Pune,referral
8285,2022-01-13,India,Pune,ads
8286,2023-03-16,India,Delhi,referral
8287,2022-01-18,India,Pune,ads
8288,2023-11-25,India,Mumbai,organic
8289,2022-04-23,India,Delhi,referral
8290,2022-08-17,India,Delhi,referral
8291,2022-06-20,India,Delhi,ads
8292,2022-10-22,India,Jammu,referral
8293,2022-07-08,India,Indore,ads
8294,2023-03-02,India,Jammu,ads
8295,2022-03-20,India,Jammu,organic
8296,2023-10-20,India,Jammu,referral
8297,2022-07-01,India,Indore,referral
8298,2023-05-14,India,Jammu,ads
8299,2024-03-08,India,Pune,organic
8300,2024-02-01,India,Delhi,referral
8301,2024-05-15,India,Delhi,ads
8302,2024-04-05,India,Mumbai,organic
8303,2023-12-09,India,Pune,ads
8304,2024-04-14,India,Indore,ads
8305,2022-03-12,India,Delhi,organic
8306,2022-09-05,India,Jammu,ads
8307,2022-05-26,India,Mumbai,ads
8308,2023-09-10,India,Mumbai,ads
8309,2024-02-14,India,Delhi,organic
8310,2022-10-23,India,Pune,ads
8311,2023-08-05,India,Mumbai,ads
8312,2023-04-15,India,Delhi,organic
8313,2023-05-21,India,Pune,ads
8314,2022-07-12,India,Delhi,referral
8315,2022-03-09,India,Delhi,ads
8316,2023-05-09,India,Pune,ads
8317,2024-03-27,India,Pune,ads
8318,2022-02-21,India,Pune,ads
8319,2024-05-31,India,Delhi,referral
8320,2022-12-29,India,Mumbai,ads
8321,2024-03-07,India,Indore,organic
8322,2023-04-19,India,Indore,ads
8323,2024-04-25,India,Delhi,organic
8324,2023-06-05,India,Delhi,referral
8325,2024-02-02,India,Mumbai,ads
8326,2023-03-07,India,Pune,organic
8327,2024-04-23,India,Delhi,referral
8328,2022-10-25,India,Jammu,organic
8329,2023-03-11,India,Pune,ads
8330,2023-11-27,India,Delhi,ads
8331,2023-11-22,India,Jammu,ads
8332,2022-07-17,India,Mumbai,referral
8333,2022-05-08,India,Jammu,organic
8334,2023-06-16,India,Delhi,referral
8335,2023-02-15,India,Indore,ads
8336,2024-04-19,India,Delhi,ads
8337,2022-03-06,India,Indore,ads
8338,2023-11-25,India,Mumbai,ads
8339,2022-08-29,India,Mumbai,ads
8340,2023-01-04,India,Pune,ads
8341,2023-06-20,India,Pune,referral
8342,2023-01-19,India,Indore,ads
8343,2023-03-07,India,Indore,ads
8344,2022-03-24,India,Mumbai,referral
8345,2024-04-10,India,Jammu,referral
8346,2023-11-28,India,Indore,ads
8347,2024-04-07,India,Indore,referral
8348,2023-09-03,India,Jammu,ads
8349,2023-07-28,India,Pune,ads
8350,2022-10-13,India,Pune,referral
8351,2023-06-18,India,Indore,organic
8352,2023-04-04,India,Pune,referral
8353,2022-07-31,India,Pune,referral
8354,2022-05-06,India,Pune,ads
8355,2023-02-17,India,Mumbai,organic
8356,2023-05-14,India,Delhi,ads
8357,2023-03-01,India,Indore,ads
8358,2023-07-08,India,Indore,ads
8359,2023-09-02,India,Mumbai,ads
8360,2023-06-27,India,Delhi,referral
8361,2022-06-07,India,Delhi,referral
8362,2022-04-22,India,Mumbai,organic
8363,2023-02-06,India,Jammu,ads
8364,2024-01-29,India,Jammu,organic
8365,2022-05-02,India,Delhi,organic
8366,2022-09-30,India,Jammu,referral
8367,2022-10-21,India,Jammu,ads
8368,2023-02-02,India,Jammu,ads
8369,2023-04-16,India,Delhi,referral
8370,2022-07-26,India,Jammu,referral
8371,2022-04-20,India,Indore,ads
8372,2023-03-16,India,Delhi,ads
8373,2022-10-05,India,Mumbai,referral
8374,2023-07-22,India,Jammu,organic
8375,2024-06-05,India,Pune,organic
8376,2023-07-23,India,Delhi,ads
8377,2023-04-27,India,Mumbai,ads
8378,2024-03-13,India,Indore,ads
8379,2022-04-24,India,Mumbai,organic
8380,2024-06-11,India,Jammu,ads
8381,2024-06-15,India,Pune,ads
8382,2024-03-30,India,Jammu,ads
8383,2024-05-02,India,Mumbai,ads
8384,2023-04-22,India,Delhi,ads
8385,2023-12-11,India,Pune,ads
8386,2022-11-17,India,Pune,referral
8387,2022-06-28,India,Mumbai,ads
8388,2024-06-15,India,Jammu,ads
8389,2022-08-07,India,Mumbai,ads
8390,2024-02-28,India,Pune,referral
8391,2023-06-12,India,Mumbai,ads
8392,2023-05-07,India,Pune,ads
8393,2024-06-09,India,Jammu,ads
8394,2022-03-02,India,Delhi,organic
8395,2022-02-23,India,Delhi,organic
8396,2023-11-11,India,Mumbai,ads
8397,2023-06-22,India,Pune,ads
8398,2024-04-27,India,Delhi,ads
8399,2022-03-06,India,Pune,organic
8400,2023-09-04,India,Jammu,organic
8401,2023-08-09,India,Mumbai,ads
8402,2023-12-05,India,Pune,organic
8403,2022-06-20,India,Mumbai,ads
8404,2022-09-30,India,Pune,organic
8405,2024-06-07,India,Pune,organic
8406,2023-11-30,India,Jammu,referral
8407,2023-06-19,India,Mumbai,ads
8408,2023-01-26,India,Indore,organic
8409,2023-11-24,India,Pune,ads
8410,2022-11-23,India,Pune,ads
8411,2022-04-18,India,Delhi,ads
8412,2024-04-26,India,Mumbai,ads
8413,2022-06-11,India,Indore,ads
8414,2024-03-24,India,Jammu,referral
8415,2023-03-28,India,Indore,organic
8416,2022-07-25,India,Jammu,ads
8417,2023-08-13,India,Indore,ads
8418,2022-01-16,India,Indore,ads
8419,2022-11-23,India,Mumbai,ads
8420,2023-08-31,India,Delhi,ads
8421,2023-10-21,India,Indore,ads
8422,2022-01-02,India,Pune,referral
8423,2022-01-10,India,Pune,organic
8424,2023-03-10,India,Pune,organic
8425,2022-05-05,India,Delhi,referral
8426,2022-03-22,India,Indore,ads
8427,2023-04-30,India,Jammu,ads
8428,2023-10-14,India,Jammu,ads
8429,2024-04-17,India,Mumbai,organic
8430,2022-05-30,India,Delhi,ads
8431,2024-03-10,India,Indore,ads
8432,2024-05-22,India,Pune,referral
8433,2022-12-06,India,Delhi,ads
8434,2022-05-09,India,Delhi,organic
8435,2023-03-14,India,Indore,referral
8436,2024-01-21,India,Mumbai,ads
8437,2023-05-16,India,Mumbai,referral
8438,2022-02-27,India,Mumbai,organic
8439,2022-07-17,India,Pune,referral
8440,2022-07-30,India,Pune,ads
8441,2022-02-14,India,Indore,referral
8442,2022-04-07,India,Mumbai,ads
8443,2022-10-06,India,Indore,organic
8444,2023-06-19,India,Mumbai,ads
8445,2023-02-14,India,Delhi,ads
8446,2023-04-06,India,Jammu,ads
8447,2023-01-26,India,Jammu,ads
8448,2024-04-26,India,Mumbai,ads
8449,2022-02-13,India,Indore,ads
8450,2022-01-27,India,Pune,ads
8451,2024-03-04,India,Mumbai,ads
8452,2022-04-07,India,Mumbai,ads
8453,2023-07-02,India,Pune,ads
8454,2023-09-13,India,Mumbai,referral
8455,2023-07-21,India,Delhi,organic
8456,2023-12-05,India,Pune,ads
8457,2022-08-07,India,Delhi,organic
8458,2022-07-04,India,Jammu,organic
8459,2022-03-10,India,Pune,ads
8460,2024-04-08,India,Pune,ads
8461,2022-05-10,India,Indore,ads
8462,2023-07-21,India,Indore,referral
8463,2024-06-08,India,Pune,ads
8464,2023-09-01,India,Jammu,organic
8465,2024-04-27,India,Mumbai,ads
8466,2023-08-22,India,Indore,organic
8467,2024-03-16,India,Jammu,ads
8468,2023-09-23,India,Jammu,ads
8469,2023-12-21,India,Indore,ads
8470,2022-11-30,India,Mumbai,referral
8471,2022-06-03,India,Indore,ads
8472,2023-07-01,India,Jammu,ads
8473,2022-03-20,India,Delhi,organic
8474,2023-08-02,India,Indore,organic
8475,2024-05-04,India,Jammu,ads
8476,2023-02-17,India,Indore,ads
8477,2023-06-30,India,Jammu,ads
8478,2023-09-01,India,Mumbai,ads
8479,2022-06-18,India,Jammu,referral
8480,2023-11-12,India,Pune,ads
8481,2023-10-25,India,Delhi,referral
8482,2023-08-06,India,Jammu,ads
8483,2023-05-30,India,Indore,ads
8484,2022-11-10,India,Indore,organic
8485,2022-02-01,India,Jammu,organic
8486,2022-10-14,India,Pune,ads
8487,2023-08-17,India,Jammu,organic
8488,2022-02-12,India,Mumbai,organic
8489,2023-09-09,India,Pune,ads
8490,2022-01-01,India,Jammu,ads
8491,2023-07-27,India,Delhi,ads
8492,2022-09-27,India,Pune,organic
8493,2022-06-29,India,Jammu,ads
8494,2024-01-06,India,Delhi,organic
8495,2023-06-02,India,Jammu,organic
8496,2022-04-13,India,Mumbai,organic
8497,2022-01-10,India,Indore,organic
8498,2023-08-06,India,Jammu,ads
8499,2022-03-31,India,Pune,referral
8500,2022-08-14,India,Jammu,organic
8501,2023-11-01,India,Jammu,ads
8502,2024-01-10,India,Jammu,organic
8503,2022-05-06,India,Jammu,organic
8504,2022-07-28,India,Pune,ads
8505,2022-04-07,India,Pune,ads
8506,2022-03-15,India,Jammu,ads
8507,2023-09-19,India,Indore,referral
8508,2022-07-10,India,Jammu,organic
8509,2023-11-13,India,Pune,ads
8510,2024-03-29,India,Mumbai,organic
8511,2023-12-17,India,Jammu,ads
8512,2022-02-25,India,Jammu,ads
8513,2023-12-21,India,Jammu,ads
8514,2023-07-07,India,Jammu,organic
8515,2022-02-01,India,Delhi,referral
8516,2023-06-11,India,Jammu,referral
8517,2023-07-28,India,Pune,ads
8518,2023-10-29,India,Pune,organic
8519,2022-10-11,India,Delhi,referral
8520,2023-12-22,India,Jammu,ads
8521,2024-04-11,India,Indore,organic
8522,2023-05-09,India,Jammu,referral
8523,2022-07-06,India,Pune,organic
8524,2023-05-13,India,Mumbai,ads
8525,2023-03-18,India,Mumbai,referral
8526,2022-05-10,India,Indore,referral
8527,2023-10-01,India,Jammu,organic
8528,2022-10-19,India,Delhi,ads
8529,2022-04-24,India,Jammu,organic
8530,2022-07-18,India,Indore,ads
8531,2022-01-13,India,Indore,ads
8532,2022-09-28,India,Indore,organic
8533,2023-08-24,India,Mumbai,referral
8534,2022-08-03,India,Jammu,referral
8535,2023-03-20,India,Jammu,organic
8536,2024-02-29,India,Delhi,ads
8537,2023-05-27,India,Indore,ads
8538,2023-03-23,India,Indore,referral
8539,2023-12-16,India,Pune,organic
8540,2022-03-15,India,Pune,referral
8541,2023-06-21,India,Mumbai,ads
8542,2022-04-11,India,Jammu,organic
8543,2022-06-25,India,Delhi,referral
8544,2023-03-03,India,Delhi,ads
8545,2022-04-27,India,Indore,ads
8546,2022-06-15,India,Delhi,ads
8547,2022-02-10,India,Indore,referral
8548,2023-03-05,India,Jammu,organic
8549,2022-12-10,India,Delhi,organic
8550,2023-02-28,India,Indore,ads
8551,2023-01-01,India,Jammu,organic
8552,2022-04-30,India,Jammu,organic
8553,2023-09-01,India,Indore,ads
8554,2023-10-19,India,Indore,referral
8555,2023-12-29,India,Mumbai,ads
8556,2022-08-17,India,Jammu,ads
8557,2024-04-04,India,Indore,ads
8558,2022-05-10,India,Jammu,ads
8559,2022-12-18,India,Delhi,organic
8560,2024-06-07,India,Pune,ads
8561,2022-11-14,India,Pune,referral
8562,2023-10-11,India,Indore,ads
8563,2024-04-15,India,Indore,ads
8564,2022-12-03,India,Jammu,organic
8565,2022-09-30,India,Indore,organic
8566,2022-04-27,India,Jammu,ads
8567,2024-03-28,India,Indore,referral
8568,2023-01-03,India,Jammu,organic
8569,2022-04-04,India,Indore,ads
8570,2022-06-17,India,Mumbai,ads
8571,2023-12-16,India,Jammu,ads
8572,2022-12-07,India,Mumbai,referral
8573,2023-10-23,India,Mumbai,ads
8574,2023-11-26,India,Mumbai,ads
8575,2022-06-01,India,Mumbai,ads
8576,2023-08-09,India,Delhi,ads
8577,2024-05-26,India,Pune,organic
8578,2022-10-01,India,Delhi,organic
8579,2023-07-08,India,Indore,ads
8580,2023-05-11,India,Indore,ads
8581,2023-12-25,India,Pune,ads
8582,2022-04-11,India,Pune,organic
8583,2023-07-11,India,Pune,referral
8584,2022-03-23,India,Mumbai,ads
8585,2023-06-13,India,Delhi,ads
8586,2022-03-14,India,Indore,ads
8587,2022-01-14,India,Delhi,referral
8588,2023-03-09,India,Delhi,organic
8589,2022-06-06,India,Delhi,ads
8590,2024-01-05,India,Pune,ads
8591,2022-05-12,India,Pune,ads
8592,2022-12-04,India,Indore,organic
8593,2023-02-08,India,Indore,ads
8594,2023-01-11,India,Indore,ads
8595,2024-06-06,India,Delhi,organic
8596,2023-07-13,India,Pune,ads
8597,2022-04-17,India,Mumbai,organic
8598,2023-09-12,India,Delhi,ads
8599,2022-09-22,India,Jammu,organic
8600,2022-07-24,India,Delhi,ads
8601,2022-03-20,India,Pune,referral
8602,2022-06-04,India,Jammu,ads
8603,2024-02-22,India,Delhi,ads
8604,2022-09-04,India,Pune,referral
8605,2023-06-15,India,Pune,referral
8606,2024-05-07,India,Mumbai,ads
8607,2023-06-22,India,Delhi,referral
8608,2023-12-30,India,Pune,ads
8609,2022-06-03,India,Indore,organic
8610,2022-06-03,India,Pune,ads
8611,2023-11-17,India,Mumbai,ads
8612,2022-04-02,India,Pune,ads
8613,2023-03-09,India,Delhi,organic
8614,2022-12-04,India,Delhi,organic
8615,2023-04-25,India,Jammu,ads
8616,2023-11-24,India,Delhi,referral
8617,2022-05-11,India,Jammu,ads
8618,2023-03-26,India,Indore,ads
8619,2024-03-20,India,Mumbai,organic
8620,2024-02-26,India,Indore,ads
8621,2022-09-30,India,Jammu,ads
8622,2023-08-11,India,Pune,ads
8623,2022-06-26,India,Pune,ads
8624,2023-11-27,India,Indore,referral
8625,2024-04-10,India,Pune,ads
8626,2023-10-05,India,Jammu,ads
8627,2024-05-24,India,Mumbai,ads
8628,2022-02-18,India,Delhi,ads
8629,2023-07-21,India,Jammu,ads
8630,2023-10-28,India,Jammu,organic
8631,2022-12-21,India,Delhi,organic
8632,2023-12-13,India,Delhi,referral
8633,2022-11-04,India,Mumbai,ads
8634,2024-05-17,India,Mumbai,ads
8635,2024-06-03,India,Mumbai,referral
8636,2023-09-22,India,Pune,ads
8637,2024-02-14,India,Jammu,referral
8638,2022-02-15,India,Delhi,referral
8639,2022-10-29,India,Jammu,referral
8640,2024-05-17,India,Jammu,ads
8641,2023-02-12,India,Mumbai,ads
8642,2022-07-08,India,Mumbai,organic
8643,2024-04-01,India,Jammu,organic
8644,2024-04-09,India,Mumbai,ads
8645,2022-05-09,India,Pune,organic
8646,2023-07-15,India,Delhi,ads
8647,2023-06-21,India,Jammu,ads
8648,2022-09-23,India,Delhi,referral
8649,2022-04-28,India,Pune,ads
8650,2023-04-09,India,Mumbai,ads
8651,2022-05-24,India,Indore,ads
8652,2023-03-18,India,Pune,ads
8653,2022-07-19,India,Indore,ads
8654,2022-06-06,India,Delhi,ads
8655,2023-05-02,India,Jammu,ads
8656,2024-05-09,India,Mumbai,referral
8657,2022-05-14,India,Pune,referral
8658,2022-05-28,India,Mumbai,ads
8659,2022-12-02,India,Indore,ads
8660,2022-03-12,India,Indore,ads
8661,2022-08-21,India,Jammu,organic
8662,2022-11-30,India,Indore,organic
8663,2024-03-21,India,Jammu,referral
8664,2023-10-28,India,Pune,ads
8665,2022-03-31,India,Jammu,organic
8666,2022-11-30,India,Indore,organic
8667,2022-07-18,India,Delhi,referral
8668,2022-06-10,India,Jammu,organic
8669,2023-06-22,India,Mumbai,ads
8670,2022-05-01,India,Delhi,organic
8671,2022-10-28,India,Jammu,referral
8672,2023-12-25,India,Mumbai,ads
8673,2023-07-29,India,Delhi,ads
8674,2023-03-12,India,Jammu,ads
8675,2022-03-09,India,Pune,ads
8676,2024-02-04,India,Mumbai,ads
8677,2023-04-04,India,Pune,referral
8678,2023-05-29,India,Indore,organic
8679,2023-02-02,India,Jammu,organic
8680,2023-09-12,India,Jammu,organic
8681,2022-10-13,India,Mumbai,referral
8682,2023-07-15,India,Jammu,referral
8683,2022-05-20,India,Indore,organic
8684,2023-12-31,India,Jammu,ads
8685,2023-07-10,India,Delhi,ads
8686,2024-02-20,India,Pune,ads
8687,2023-08-13,India,Indore,ads
8688,2023-12-29,India,Indore,ads
8689,2024-06-12,India,Pune,organic
8690,2023-09-02,India,Pune,organic
8691,2024-01-18,India,Indore,ads
8692,2022-10-09,India,Pune,referral
8693,2023-10-23,India,Mumbai,ads
8694,2024-03-26,India,Pune,organic
8695,2023-08-01,India,Delhi,organic
8696,2024-01-16,India,Delhi,organic
8697,2023-04-02,India,Mumbai,ads
8698,2022-03-28,India,Pune,organic
8699,2022-03-20,India,Delhi,ads
8700,2022-07-24,India,Jammu,organic
8701,2024-03-01,India,Pune,ads
8702,2022-12-03,India,Mumbai,organic
8703,2022-09-11,India,Pune,ads
8704,2022-10-31,India,Indore,organic
8705,2023-01-15,India,Indore,ads
8706,2022-05-10,India,Delhi,referral
8707,2023-08-19,India,Indore,referral
8708,2022-10-03,India,Mumbai,ads
8709,2023-11-30,India,Delhi,ads
8710,2023-07-12,India,Mumbai,organic
8711,2024-06-17,India,Mumbai,ads
8712,2022-07-02,India,Indore,ads
8713,2022-09-25,India,Indore,ads
8714,2024-03-18,India,Mumbai,organic
8715,2022-11-18,India,Indore,ads
8716,2023-05-27,India,Indore,ads
8717,2023-09-04,India,Indore,organic
8718,2022-03-19,India,Pune,ads
8719,2024-02-23,India,Mumbai,ads
8720,2022-12-05,India,Jammu,referral
8721,2023-11-05,India,Mumbai,organic
8722,2023-07-10,India,Delhi,ads
8723,2023-05-24,India,Indore,ads
8724,2022-08-26,India,Indore,organic
8725,2022-05-14,India,Jammu,ads
8726,2022-07-11,India,Delhi,referral
8727,2022-12-22,India,Pune,organic
8728,2022-10-05,India,Mumbai,referral
8729,2022-01-18,India,Pune,referral
8730,2023-06-08,India,Delhi,ads
8731,2022-06-29,India,Jammu,organic
8732,2022-05-03,India,Delhi,referral
8733,2022-09-03,India,Jammu,organic
8734,2024-01-04,India,Pune,ads
8735,2023-01-08,India,Pune,ads
8736,2022-02-20,India,Delhi,ads
8737,2022-03-12,India,Delhi,organic
8738,2023-04-25,India,Indore,organic
8739,2023-07-14,India,Jammu,referral
8740,2022-01-19,India,Indore,organic
8741,2024-02-13,India,Mumbai,referral
8742,2022-03-25,India,Mumbai,ads
8743,2022-06-04,India,Delhi,ads
8744,2023-07-19,India,Pune,referral
8745,2023-09-11,India,Mumbai,organic
8746,2022-12-23,India,Mumbai,organic
8747,2024-03-26,India,Indore,ads
8748,2023-10-09,India,Indore,organic
8749,2023-03-19,India,Mumbai,referral
8750,2022-03-10,India,Delhi,ads
8751,2023-06-07,India,Indore,organic
8752,2022-05-23,India,Mumbai,ads
8753,2022-07-11,India,Pune,ads
8754,2023-01-22,India,Indore,organic
8755,2023-01-13,India,Mumbai,ads
8756,2023-08-04,India,Jammu,ads
8757,2023-06-19,India,Indore,organic
8758,2023-11-24,India,Jammu,organic
8759,2022-10-20,India,Indore,ads
8760,2022-01-09,India,Indore,referral
8761,2022-09-28,India,Jammu,ads
8762,2023-01-22,India,Delhi,referral
8763,2022-04-03,India,Mumbai,organic
8764,2023-06-13,India,Delhi,ads
8765,2022-06-03,India,Delhi,ads
8766,2023-02-09,India,Mumbai,ads
8767,2024-04-19,India,Pune,ads
8768,2022-05-29,India,Delhi,organic
8769,2024-06-07,India,Delhi,ads
8770,2022-09-24,India,Delhi,ads
8771,2023-02-26,India,Pune,organic
8772,2024-04-19,India,Indore,ads
8773,2023-09-10,India,Jammu,organic
8774,2023-04-17,India,Jammu,ads
8775,2024-06-11,India,Pune,organic
8776,2023-07-01,India,Delhi,organic
8777,2023-09-23,India,Jammu,organic
8778,2023-06-10,India,Pune,ads
8779,2023-05-18,India,Mumbai,ads
8780,2022-01-14,India,Jammu,ads
8781,2024-02-17,India,Mumbai,ads
8782,2023-10-14,India,Delhi,ads
8783,2024-03-16,India,Jammu,organic
8784,2022-12-30,India,Pune,organic
8785,2022-04-29,India,Indore,referral
8786,2022-08-26,India,Jammu,ads
8787,2023-06-30,India,Jammu,organic
8788,2022-06-18,India,Jammu,referral
8789,2023-06-06,India,Jammu,organic
8790,2023-09-26,India,Pune,organic
8791,2023-10-19,India,Pune,referral
8792,2024-01-05,India,Indore,referral
8793,2024-06-01,India,Pune,ads
8794,2024-02-08,India,Pune,organic
8795,2024-02-19,India,Delhi,ads
8796,2024-05-20,India,Delhi,organic
8797,2023-05-31,India,Mumbai,referral
8798,2023-02-01,India,Indore,ads
8799,2024-05-15,India,Delhi,referral
8800,2022-04-16,India,Indore,organic
8801,2022-03-26,India,Indore,ads
8802,2022-08-02,India,Jammu,organic
8803,2022-05-01,India,Indore,ads
8804,2022-05-12,India,Jammu,ads
8805,2024-04-29,India,Mumbai,referral
8806,2022-07-16,India,Mumbai,ads
8807,2022-01-19,India,Mumbai,organic
8808,2023-10-04,India,Jammu,referral
8809,2022-01-12,India,Jammu,referral
8810,2022-03-22,India,Mumbai,referral
8811,2022-11-26,India,Jammu,organic
8812,2024-05-15,India,Pune,organic
8813,2024-02-13,India,Pune,ads
8814,2023-01-27,India,Jammu,ads
8815,2023-09-29,India,Jammu,referral
8816,2022-11-03,India,Delhi,organic
8817,2022-09-24,India,Delhi,ads
8818,2023-03-23,India,Indore,ads
8819,2023-03-17,India,Indore,referral
8820,2024-06-13,India,Indore,referral
8821,2023-10-14,India,Mumbai,ads
8822,2024-04-20,India,Pune,organic
8823,2022-01-02,India,Mumbai,ads
8824,2023-06-04,India,Jammu,organic
8825,2024-02-01,India,Delhi,organic
8826,2023-10-13,India,Jammu,organic
8827,2023-09-28,India,Jammu,ads
8828,2022-11-05,India,Delhi,ads
8829,2024-01-10,India,Jammu,ads
8830,2023-06-06,India,Indore,referral
8831,2023-04-14,India,Delhi,referral
8832,2022-07-31,India,Jammu,referral
8833,2022-04-22,India,Indore,referral
8834,2022-01-08,India,Indore,organic
8835,2024-03-14,India,Pune,ads
8836,2023-04-22,India,Indore,organic
8837,2024-05-23,India,Mumbai,ads
8838,2023-04-05,India,Delhi,ads
8839,2022-09-10,India,Delhi,ads
8840,2023-06-10,India,Delhi,ads
8841,2024-01-22,India,Jammu,organic
8842,2023-03-14,India,Jammu,ads
8843,2024-01-24,India,Mumbai,ads
8844,2024-05-03,India,Indore,organic
8845,2023-10-23,India,Jammu,organic
8846,2022-08-24,India,Indore,organic
8847,2022-11-02,India,Indore,ads
8848,2023-04-23,India,Jammu,ads
8849,2023-11-10,India,Jammu,organic
8850,2022-01-20,India,Mumbai,organic
8851,2022-08-04,India,Pune,ads
8852,2024-05-04,India,Delhi,referral
8853,2022-05-15,India,Jammu,ads
8854,2022-05-09,India,Jammu,ads
8855,2023-02-14,India,Indore,ads
8856,2023-02-26,India,Pune,ads
8857,2022-10-21,India,Jammu,referral
8858,2022-09-03,India,Pune,ads
8859,2023-12-02,India,Delhi,ads
8860,2023-07-10,India,Indore,ads
8861,2022-03-27,India,Mumbai,ads
8862,2023-07-10,India,Delhi,ads
8863,2024-04-21,India,Pune,ads
8864,2023-01-10,India,Pune,ads
8865,2023-03-22,India,Delhi,organic
8866,2023-01-13,India,Pune,organic
8867,2023-01-25,India,Mumbai,organic
8868,2023-10-19,India,Mumbai,organic
8869,2022-02-20,India,Pune,ads
8870,2022-08-30,India,Pune,referral
8871,2022-10-21,India,Mumbai,ads
8872,2023-07-17,India,Pune,ads
8873,2022-09-23,India,Jammu,organic
8874,2022-04-30,India,Indore,organic
8875,2023-12-13,India,Jammu,ads
8876,2022-09-05,India,Pune,ads
8877,2022-03-11,India,Pune,ads
8878,2024-05-02,India,Indore,referral
8879,2022-02-26,India,Pune,ads
8880,2023-01-17,India,Indore,organic
8881,2022-02-08,India,Mumbai,ads
8882,2024-03-11,India,Indore,ads
8883,2023-03-19,India,Indore,ads
8884,2022-01-18,India,Jammu,ads
8885,2024-01-02,India,Pune,ads
8886,2024-04-04,India,Mumbai,organic
8887,2024-01-26,India,Delhi,ads
8888,2022-12-18,India,Indore,organic
8889,2024-03-26,India,Delhi,ads
8890,2022-10-25,India,Pune,referral
8891,2022-10-10,India,Indore,referral
8892,2023-08-09,India,Delhi,ads
8893,2022-04-20,India,Jammu,referral
8894,2022-06-29,India,Delhi,ads
8895,2023-06-28,India,Jammu,organic
8896,2024-01-16,India,Mumbai,ads
8897,2024-03-04,India,Pune,organic
8898,2022-01-25,India,Delhi,organic
8899,2024-04-22,India,Indore,ads
8900,2024-03-01,India,Pune,organic
8901,2024-01-08,India,Delhi,organic
8902,2022-02-26,India,Indore,organic
8903,2022-06-29,India,Indore,referral
8904,2022-08-20,India,Indore,referral
8905,2024-06-12,India,Indore,referral
8906,2022-12-09,India,Delhi,referral
8907,2023-04-22,India,Mumbai,ads
8908,2024-03-09,India,Jammu,ads
8909,2023-07-30,India,Jammu,ads
8910,2023-03-31,India,Jammu,referral
8911,2022-08-20,India,Mumbai,ads
8912,2022-10-16,India,Indore,ads
8913,2022-08-01,India,Indore,ads
8914,2022-09-15,India,Pune,ads
8915,2023-06-14,India,Jammu,ads
8916,2023-11-18,India,Jammu,organic
8917,2022-08-17,India,Indore,ads
8918,2022-08-14,India,Jammu,organic
8919,2023-08-19,India,Indore,referral
8920,2024-03-13,India,Indore,organic
8921,2023-03-11,India,Indore,ads
8922,2024-05-31,India,Delhi,referral
8923,2024-01-28,India,Delhi,organic
8924,2023-02-06,India,Delhi,ads
8925,2023-09-14,India,Delhi,organic
8926,2024-02-05,India,Mumbai,organic
8927,2022-03-29,India,Pune,ads
8928,2023-08-07,India,Pune,ads
8929,2024-06-11,India,Indore,organic
8930,2023-06-26,India,Jammu,organic
8931,2023-11-15,India,Delhi,ads
8932,2022-11-05,India,Pune,organic
8933,2022-12-09,India,Pune,ads
8934,2023-03-12,India,Delhi,organic
8935,2022-06-26,India,Mumbai,ads
8936,2022-05-19,India,Mumbai,ads
8937,2022-07-13,India,Pune,referral
8938,2022-07-05,India,Mumbai,organic
8939,2022-08-06,India,Delhi,ads
8940,2022-06-13,India,Pune,ads
8941,2022-06-10,India,Delhi,organic
8942,2023-06-09,India,Mumbai,referral
8943,2024-03-18,India,Delhi,organic
8944,2023-08-24,India,Mumbai,organic
8945,2024-04-15,India,Mumbai,referral
8946,2022-02-11,India,Delhi,organic
8947,2022-07-29,India,Mumbai,ads
8948,2024-01-11,India,Indore,organic
8949,2024-05-11,India,Delhi,ads
8950,2022-10-02,India,Indore,organic
8951,2022-10-06,India,Delhi,ads
8952,2022-09-08,India,Mumbai,ads
8953,2022-11-06,India,Mumbai,ads
8954,2023-12-21,India,Pune,ads
8955,2024-04-12,India,Pune,ads
8956,2022-05-20,India,Indore,organic
8957,2024-03-02,India,Mumbai,ads
8958,2023-06-30,India,Pune,organic
8959,2024-03-31,India,Mumbai,organic
8960,2023-06-14,India,Delhi,organic
8961,2022-02-26,India,Pune,organic
8962,2022-04-22,India,Indore,ads
8963,2022-01-05,India,Pune,ads
8964,2023-02-14,India,Mumbai,referral
8965,2023-02-18,India,Jammu,organic
8966,2022-07-01,India,Jammu,organic
8967,2022-01-13,India,Mumbai,organic
8968,2022-12-05,India,Delhi,ads
8969,2024-03-07,India,Pune,organic
8970,2022-09-16,India,Jammu,ads
8971,2022-03-31,India,Delhi,referral
8972,2023-09-08,India,Mumbai,ads
8973,2024-06-09,India,Delhi,organic
8974,2023-11-29,India,Mumbai,ads
8975,2022-09-07,India,Pune,referral
8976,2022-09-12,India,Delhi,referral
8977,2023-08-11,India,Pune,ads
8978,2024-06-16,India,Delhi,ads
8979,2022-04-18,India,Mumbai,ads
8980,2023-10-30,India,Mumbai,organic
8981,2023-08-17,India,Delhi,ads
8982,2023-08-12,India,Mumbai,organic
8983,2023-04-30,India,Indore,ads
8984,2022-09-15,India,Indore,organic
8985,2023-10-01,India,Pune,organic
8986,2022-10-09,India,Indore,organic
8987,2022-03-29,India,Indore,organic
8988,2022-07-23,India,Jammu,ads
8989,2022-01-16,India,Jammu,organic
8990,2022-05-31,India,Jammu,organic
8991,2022-09-11,India,Jammu,organic
8992,2022-07-07,India,Mumbai,ads
8993,2022-11-25,India,Pune,organic
8994,2023-06-28,India,Pune,referral
8995,2024-02-22,India,Indore,referral
8996,2023-02-01,India,Pune,organic
8997,2023-06-01,India,Indore,ads
8998,2023-04-04,India,Pune,ads
8999,2022-11-26,India,Delhi,ads
9000,2024-03-30,India,Delhi,ads
9001,2024-04-24,India,Pune,ads
9002,2022-06-18,India,Mumbai,ads
9003,2023-11-24,India,Indore,referral
9004,2023-01-01,India,Pune,referral
9005,2022-06-27,India,Indore,referral
9006,2023-10-17,India,Jammu,ads
9007,2022-12-28,India,Pune,referral
9008,2024-01-30,India,Mumbai,ads
9009,2023-10-01,India,Jammu,organic
9010,2024-02-14,India,Pune,organic
9011,2022-02-09,India,Delhi,ads
9012,2023-02-20,India,Pune,referral
9013,2022-12-21,India,Delhi,ads
9014,2022-09-12,India,Delhi,organic
9015,2022-05-23,India,Pune,ads
9016,2024-01-22,India,Pune,referral
9017,2024-01-10,India,Delhi,ads
9018,2024-05-02,India,Indore,organic
9019,2023-12-11,India,Jammu,organic
9020,2023-07-31,India,Mumbai,organic
9021,2024-06-18,India,Pune,organic
9022,2022-01-11,India,Jammu,ads
9023,2023-09-12,India,Jammu,organic
9024,2022-01-26,India,Indore,referral
9025,2023-02-25,India,Jammu,referral
9026,2023-10-25,India,Pune,ads
9027,2022-08-09,India,Jammu,ads
9028,2024-05-02,India,Pune,ads
9029,2023-05-11,India,Pune,organic
9030,2022-08-25,India,Delhi,ads
9031,2022-08-25,India,Indore,organic
9032,2022-08-07,India,Mumbai,referral
9033,2023-05-02,India,Delhi,ads
9034,2023-04-06,India,Mumbai,ads
9035,2023-10-25,India,Pune,referral
9036,2023-09-27,India,Delhi,ads
9037,2022-05-24,India,Jammu,ads
9038,2022-07-08,India,Jammu,ads
9039,2022-09-12,India,Mumbai,ads
9040,2022-03-09,India,Pune,organic
9041,2023-09-08,India,Mumbai,ads
9042,2022-12-02,India,Indore,ads
9043,2023-11-02,India,Jammu,organic
9044,2024-03-31,India,Delhi,ads
9045,2024-05-23,India,Delhi,ads
9046,2023-02-13,India,Delhi,organic
9047,2022-10-27,India,Jammu,referral
9048,2023-08-25,India,Pune,ads
9049,2022-12-23,India,Jammu,ads
9050,2022-09-13,India,Jammu,organic
9051,2022-12-19,India,Delhi,organic
9052,2024-01-02,India,Jammu,ads
9053,2023-06-05,India,Delhi,ads
9054,2023-06-08,India,Pune,ads
9055,2024-04-16,India,Indore,organic
9056,2024-01-26,India,Delhi,ads
9057,2023-11-25,India,Mumbai,referral
9058,2022-10-11,India,Indore,organic
9059,2022-11-08,India,Pune,organic
9060,2022-04-09,India,Indore,referral
9061,2022-07-16,India,Delhi,ads
9062,2023-04-27,India,Pune,organic
9063,2024-05-27,India,Mumbai,ads
9064,2022-08-14,India,Delhi,ads
9065,2024-04-24,India,Delhi,ads
9066,2023-09-07,India,Pune,ads
9067,2023-09-10,India,Pune,referral
9068,2022-12-31,India,Indore,organic
9069,2023-01-03,India,Mumbai,referral
9070,2023-07-24,India,Indore,ads
9071,2023-08-13,India,Indore,organic
9072,2022-03-16,India,Delhi,ads
9073,2022-02-11,India,Pune,ads
9074,2023-02-26,India,Delhi,organic
9075,2024-04-15,India,Mumbai,ads
9076,2022-06-30,India,Indore,organic
9077,2023-06-29,India,Mumbai,ads
9078,2022-03-12,India,Pune,ads
9079,2023-07-22,India,Pune,organic
9080,2022-04-15,India,Jammu,referral
9081,2022-07-19,India,Mumbai,ads
9082,2022-04-11,India,Delhi,organic
9083,2024-02-07,India,Mumbai,organic
9084,2022-11-03,India,Indore,ads
9085,2023-08-09,India,Pune,organic
9086,2023-11-14,India,Pune,ads
9087,2023-01-12,India,Mumbai,ads
9088,2023-10-17,India,Mumbai,ads
9089,2023-11-09,India,Mumbai,referral
9090,2023-02-03,India,Indore,ads
9091,2024-02-12,India,Indore,ads
9092,2022-08-09,India,Delhi,ads
9093,2023-08-18,India,Mumbai,ads
9094,2022-07-01,India,Delhi,ads
9095,2022-11-03,India,Jammu,ads
9096,2023-06-06,India,Indore,ads
9097,2023-01-31,India,Pune,ads
9098,2022-01-04,India,Jammu,referral
9099,2024-05-12,India,Pune,organic
9100,2024-04-27,India,Jammu,ads
9101,2024-03-14,India,Delhi,ads
9102,2022-10-08,India,Delhi,ads
9103,2022-08-03,India,Indore,organic
9104,2023-09-02,India,Pune,ads
9105,2023-02-24,India,Jammu,ads
9106,2022-04-11,India,Mumbai,ads
9107,2023-06-05,India,Mumbai,ads
9108,2023-07-27,India,Indore,referral
9109,2022-11-05,India,Pune,ads
9110,2023-10-20,India,Mumbai,ads
9111,2023-05-25,India,Indore,organic
9112,2022-03-04,India,Indore,organic
9113,2023-09-25,India,Pune,ads
9114,2022-08-14,India,Mumbai,ads
9115,2022-04-15,India,Mumbai,ads
9116,2024-02-11,India,Mumbai,ads
9117,2024-05-10,India,Delhi,ads
9118,2023-03-01,India,Mumbai,ads
9119,2022-09-12,India,Jammu,organic
9120,2023-03-05,India,Delhi,referral
9121,2023-03-10,India,Delhi,organic
9122,2022-07-26,India,Delhi,ads
9123,2022-01-28,India,Delhi,organic
9124,2023-11-13,India,Indore,organic
9125,2022-12-02,India,Jammu,referral
9126,2023-08-11,India,Pune,organic
9127,2023-09-20,India,Mumbai,organic
9128,2022-03-10,India,Delhi,ads
9129,2024-05-15,India,Pune,ads
9130,2024-01-16,India,Indore,ads
9131,2023-05-28,India,Pune,ads
9132,2022-06-16,India,Delhi,ads
9133,2024-05-13,India,Jammu,ads
9134,2023-12-31,India,Pune,organic
9135,2024-02-24,India,Delhi,referral
9136,2023-01-03,India,Delhi,ads
9137,2022-09-08,India,Mumbai,ads
9138,2024-05-08,India,Mumbai,referral
9139,2024-05-05,India,Jammu,referral
9140,2023-11-17,India,Mumbai,ads
9141,2022-06-19,India,Jammu,ads
9142,2024-01-28,India,Indore,ads
9143,2022-03-31,India,Indore,ads
9144,2023-07-15,India,Mumbai,referral
9145,2023-03-22,India,Indore,organic
9146,2022-10-21,India,Pune,ads
9147,2022-05-30,India,Pune,referral
9148,2022-05-12,India,Pune,organic
9149,2023-03-09,India,Indore,referral
9150,2022-02-28,India,Pune,referral
9151,2024-04-15,India,Jammu,ads
9152,2022-07-18,India,Delhi,ads
9153,2022-08-03,India,Mumbai,organic
9154,2024-06-16,India,Jammu,referral
9155,2023-07-15,India,Pune,referral
9156,2023-04-17,India,Delhi,organic
9157,2024-01-14,India,Mumbai,ads
9158,2022-09-04,India,Jammu,ads
9159,2023-01-17,India,Mumbai,organic
9160,2022-08-27,India,Indore,organic
9161,2023-01-02,India,Pune,organic
9162,2022-06-17,India,Jammu,ads
9163,2023-07-14,India,Jammu,organic
9164,2022-02-20,India,Delhi,referral
9165,2024-03-21,India,Delhi,ads
9166,2023-09-02,India,Delhi,ads
9167,2023-12-29,India,Mumbai,organic
9168,2023-11-20,India,Pune,referral
9169,2023-01-15,India,Mumbai,ads
9170,2023-04-19,India,Pune,ads
9171,2022-03-21,India,Jammu,ads
9172,2023-11-28,India,Mumbai,ads
9173,2023-01-02,India,Mumbai,ads
9174,2023-04-06,India,Mumbai,organic
9175,2023-06-23,India,Indore,ads
9176,2023-03-28,India,Pune,organic
9177,2023-04-09,India,Pune,ads
9178,2023-04-23,India,Mumbai,ads
9179,2023-02-24,India,Indore,organic
9180,2023-12-08,India,Mumbai,organic
9181,2022-08-02,India,Pune,ads
9182,2023-01-04,India,Jammu,referral
9183,2024-05-03,India,Indore,ads
9184,2022-04-24,India,Indore,ads
9185,2024-01-24,India,Mumbai,organic
9186,2023-05-18,India,Jammu,referral
9187,2023-09-28,India,Pune,ads
9188,2024-03-27,India,Delhi,ads
9189,2023-08-11,India,Pune,organic
9190,2022-11-07,India,Pune,ads
9191,2023-04-14,India,Jammu,organic
9192,2024-04-03,India,Indore,ads
9193,2023-12-09,India,Pune,referral
9194,2024-05-12,India,Indore,ads
9195,2022-02-13,India,Jammu,referral
9196,2023-02-19,India,Jammu,ads
9197,2023-11-29,India,Mumbai,referral
9198,2024-05-04,India,Delhi,ads
9199,2022-09-03,India,Jammu,ads
9200,2022-03-25,India,Jammu,ads
9201,2022-07-26,India,Indore,referral
9202,2022-05-31,India,Jammu,ads
9203,2023-10-30,India,Pune,ads
9204,2023-06-12,India,Mumbai,ads
9205,2022-06-14,India,Mumbai,referral
9206,2022-05-25,India,Pune,ads
9207,2022-02-06,India,Jammu,ads
9208,2022-11-29,India,Delhi,referral
9209,2023-02-07,India,Jammu,referral
9210,2023-02-18,India,Mumbai,ads
9211,2022-02-14,India,Delhi,referral
9212,2023-02-06,India,Indore,ads
9213,2022-07-25,India,Indore,ads
9214,2022-03-03,India,Jammu,referral
9215,2023-02-24,India,Jammu,organic
9216,2024-05-17,India,Delhi,ads
9217,2023-04-13,India,Delhi,ads
9218,2024-03-30,India,Jammu,ads
9219,2022-01-19,India,Mumbai,organic
9220,2022-12-31,India,Indore,referral
9221,2022-10-27,India,Delhi,ads
9222,2022-01-07,India,Mumbai,referral
9223,2024-01-31,India,Jammu,ads
9224,2023-03-04,India,Pune,organic
9225,2022-04-27,India,Delhi,ads
9226,2023-08-03,India,Pune,organic
9227,2023-05-22,India,Mumbai,ads
9228,2023-06-30,India,Indore,referral
9229,2023-12-07,India,Mumbai,ads
9230,2022-11-21,India,Indore,ads
9231,2022-02-24,India,Mumbai,referral
9232,2024-02-17,India,Delhi,ads
9233,2022-02-11,India,Delhi,ads
9234,2022-10-24,India,Pune,organic
9235,2022-08-19,India,Mumbai,referral
9236,2023-03-29,India,Mumbai,ads
9237,2024-06-08,India,Pune,ads
9238,2023-01-29,India,Jammu,ads
9239,2023-06-06,India,Mumbai,referral
9240,2022-12-24,India,Mumbai,ads
9241,2023-03-20,India,Mumbai,ads
9242,2022-05-08,India,Jammu,organic
9243,2023-11-22,India,Delhi,ads
9244,2023-02-09,India,Pune,ads
9245,2023-01-27,India,Jammu,referral
9246,2022-07-12,India,Indore,ads
9247,2023-08-27,India,Indore,organic
9248,2024-05-30,India,Jammu,referral
9249,2024-01-13,India,Jammu,ads
9250,2022-03-19,India,Delhi,ads
9251,2022-03-26,India,Indore,referral
9252,2022-01-30,India,Pune,organic
9253,2023-12-26,India,Mumbai,ads
9254,2022-02-18,India,Mumbai,ads
9255,2024-02-16,India,Delhi,organic
9256,2022-05-25,India,Delhi,ads
9257,2022-03-10,India,Indore,organic
9258,2022-02-27,India,Pune,referral
9259,2023-11-28,India,Pune,ads
9260,2023-07-28,India,Jammu,referral
9261,2023-04-24,India,Delhi,organic
9262,2024-03-30,India,Mumbai,ads
9263,2023-03-21,India,Mumbai,organic
9264,2022-10-23,India,Indore,organic
9265,2023-11-09,India,Mumbai,ads
9266,2022-06-20,India,Pune,ads
9267,2023-07-29,India,Pune,organic
9268,2022-05-27,India,Delhi,organic
9269,2023-04-29,India,Indore,referral
9270,2022-11-02,India,Mumbai,referral
9271,2023-11-04,India,Delhi,ads
9272,2023-10-15,India,Jammu,organic
9273,2024-04-25,India,Jammu,ads
9274,2023-09-01,India,Mumbai,ads
9275,2023-03-22,India,Mumbai,ads
9276,2022-08-09,India,Mumbai,organic
9277,2023-07-09,India,Pune,ads
9278,2024-03-14,India,Mumbai,ads
9279,2023-01-13,India,Jammu,ads
9280,2023-09-12,India,Mumbai,ads
9281,2022-09-23,India,Indore,referral
9282,2022-04-05,India,Jammu,referral
9283,2022-09-19,India,Indore,organic
9284,2024-04-04,India,Jammu,organic
9285,2024-06-15,India,Delhi,organic
9286,2022-03-12,India,Jammu,organic
9287,2022-08-07,India,Jammu,organic
9288,2023-06-17,India,Indore,ads
9289,2022-04-02,India,Indore,ads
9290,2022-05-07,India,Jammu,ads
9291,2022-03-21,India,Jammu,ads
9292,2024-04-03,India,Pune,ads
9293,2022-08-26,India,Delhi,organic
9294,2023-01-07,India,Delhi,organic
9295,2023-05-01,India,Mumbai,ads
9296,2023-11-25,India,Jammu,ads
9297,2022-01-25,India,Jammu,organic
9298,2022-06-05,India,Jammu,ads
9299,2023-06-01,India,Jammu,ads
9300,2023-09-24,India,Delhi,referral
9301,2024-02-28,India,Indore,ads
9302,2023-06-14,India,Pune,referral
9303,2023-12-11,India,Indore,referral
9304,2022-02-26,India,Indore,referral
9305,2023-08-28,India,Delhi,ads
9306,2022-01-19,India,Pune,ads
9307,2023-01-19,India,Jammu,ads
9308,2024-05-14,India,Delhi,ads
9309,2022-07-12,India,Delhi,ads
9310,2022-08-25,India,Pune,organic
9311,2023-01-22,India,Mumbai,referral
9312,2023-03-02,India,Delhi,referral
9313,2022-10-04,India,Indore,ads
9314,2022-08-15,India,Indore,organic
9315,2024-01-15,India,Jammu,ads
9316,2023-07-06,India,Delhi,ads
9317,2022-11-19,India,Jammu,referral
9318,2022-06-02,India,Delhi,ads
9319,2023-10-01,India,Pune,organic
9320,2022-08-25,India,Delhi,referral
9321,2022-02-24,India,Mumbai,ads
9322,2023-03-12,India,Indore,referral
9323,2023-11-15,India,Pune,ads
9324,2022-04-19,India,Indore,referral
9325,2024-05-15,India,Jammu,ads
9326,2022-07-03,India,Pune,ads
9327,2023-01-03,India,Mumbai,ads
9328,2022-07-17,India,Indore,organic
9329,2023-01-06,India,Delhi,referral
9330,2023-01-08,India,Delhi,organic
9331,2023-05-12,India,Delhi,referral
9332,2023-08-22,India,Pune,referral
9333,2022-07-20,India,Mumbai,ads
9334,2024-04-28,India,Mumbai,organic
9335,2023-05-24,India,Mumbai,ads
9336,2022-11-18,India,Indore,ads
9337,2022-10-02,India,Pune,ads
9338,2022-07-30,India,Delhi,ads
9339,2023-05-19,India,Indore,organic
9340,2022-04-28,India,Mumbai,ads
9341,2023-12-04,India,Delhi,organic
9342,2023-07-08,India,Pune,referral
9343,2022-02-11,India,Jammu,ads
9344,2022-11-11,India,Mumbai,organic
9345,2024-02-27,India,Mumbai,organic
9346,2022-11-25,India,Mumbai,ads
9347,2022-01-17,India,Mumbai,organic
9348,2022-10-10,India,Delhi,ads
9349,2022-09-15,India,Pune,ads
9350,2023-07-29,India,Indore,ads
9351,2023-07-28,India,Delhi,organic
9352,2023-09-04,India,Pune,ads
9353,2022-01-19,India,Indore,ads
9354,2023-06-13,India,Mumbai,ads
9355,2024-04-16,India,Pune,referral
9356,2023-02-27,India,Mumbai,referral
9357,2023-04-11,India,Pune,organic
9358,2023-01-08,India,Jammu,ads
9359,2024-01-28,India,Mumbai,ads
9360,2024-02-02,India,Mumbai,referral
9361,2022-03-22,India,Mumbai,ads
9362,2023-07-05,India,Delhi,ads
9363,2023-07-02,India,Indore,ads
9364,2023-02-28,India,Mumbai,organic
9365,2023-03-05,India,Mumbai,ads
9366,2023-01-23,India,Delhi,ads
9367,2023-12-10,India,Delhi,organic
9368,2023-11-01,India,Jammu,organic
9369,2022-07-23,India,Pune,organic
9370,2022-07-15,India,Mumbai,ads
9371,2023-12-29,India,Pune,organic
9372,2022-10-12,India,Delhi,ads
9373,2022-07-15,India,Delhi,organic
9374,2022-11-03,India,Jammu,organic
9375,2023-10-26,India,Indore,ads
9376,2022-01-14,India,Delhi,ads
9377,2024-04-16,India,Mumbai,ads
9378,2022-05-26,India,Jammu,ads
9379,2022-02-26,India,Indore,ads
9380,2023-12-24,India,Jammu,organic
9381,2024-02-19,India,Delhi,ads
9382,2022-07-29,India,Indore,referral
9383,2023-06-13,India,Pune,ads
9384,2024-03-08,India,Indore,ads
9385,2022-12-10,India,Mumbai,ads
9386,2023-12-16,India,Pune,organic
9387,2023-09-03,India,Pune,organic
9388,2022-10-06,India,Mumbai,referral
9389,2022-07-28,India,Pune,ads
9390,2023-10-03,India,Delhi,ads
9391,2022-12-01,India,Indore,organic
9392,2022-10-15,India,Indore,organic
9393,2022-09-09,India,Mumbai,referral
9394,2022-09-22,India,Delhi,ads
9395,2022-09-28,India,Pune,organic
9396,2023-12-01,India,Indore,ads
9397,2023-02-23,India,Indore,ads
9398,2023-12-27,India,Indore,ads
9399,2024-03-05,India,Indore,organic
9400,2022-07-30,India,Jammu,organic
9401,2022-12-31,India,Mumbai,ads
9402,2022-03-17,India,Pune,ads
9403,2023-10-22,India,Pune,ads
9404,2022-11-17,India,Mumbai,ads
9405,2023-12-26,India,Delhi,ads
9406,2023-03-09,India,Mumbai,ads
9407,2022-04-19,India,Indore,organic
9408,2023-10-03,India,Indore,ads
9409,2023-06-06,India,Mumbai,ads
9410,2022-02-16,India,Mumbai,referral
9411,2023-01-14,India,Pune,ads
9412,2024-04-06,India,Pune,organic
9413,2022-04-06,India,Jammu,ads
9414,2022-04-13,India,Jammu,referral
9415,2024-06-10,India,Indore,ads
9416,2024-05-03,India,Jammu,organic
9417,2022-05-26,India,Jammu,ads
9418,2024-05-29,India,Delhi,referral
9419,2022-01-27,India,Mumbai,ads
9420,2024-01-02,India,Pune,organic
9421,2023-06-14,India,Jammu,ads
9422,2023-11-10,India,Pune,referral
9423,2022-03-23,India,Jammu,organic
9424,2023-03-04,India,Jammu,ads
9425,2023-08-07,India,Indore,ads
9426,2024-04-01,India,Delhi,ads
9427,2023-04-24,India,Mumbai,ads
9428,2024-02-05,India,Mumbai,ads
9429,2022-06-11,India,Indore,referral
9430,2024-04-18,India,Indore,organic
9431,2023-02-06,India,Mumbai,referral
9432,2023-05-23,India,Mumbai,ads
9433,2022-02-07,India,Delhi,organic
9434,2023-05-26,India,Jammu,ads
9435,2023-01-28,India,Delhi,ads
9436,2023-12-14,India,Mumbai,organic
9437,2023-05-09,India,Jammu,ads
9438,2022-07-19,India,Mumbai,referral
9439,2022-09-12,India,Delhi,ads
9440,2022-06-28,India,Delhi,referral
9441,2023-07-01,India,Delhi,organic
9442,2023-08-17,India,Jammu,ads
9443,2023-01-24,India,Pune,ads
9444,2023-02-02,India,Pune,ads
9445,2024-01-02,India,Mumbai,ads
9446,2022-06-07,India,Jammu,organic
9447,2022-01-04,India,Indore,referral
9448,2022-06-16,India,Pune,ads
9449,2023-04-13,India,Jammu,referral
9450,2023-02-13,India,Jammu,ads
9451,2023-02-16,India,Pune,organic
9452,2022-07-23,India,Jammu,ads
9453,2022-07-13,India,Jammu,ads
9454,2022-08-23,India,Pune,ads
9455,2023-12-19,India,Delhi,ads
9456,2022-05-30,India,Mumbai,ads
9457,2022-06-08,India,Indore,ads
9458,2022-10-06,India,Mumbai,ads
9459,2024-03-26,India,Delhi,ads
9460,2023-02-08,India,Delhi,ads
9461,2024-06-11,India,Jammu,organic
9462,2023-11-09,India,Mumbai,referral
9463,2022-11-07,India,Delhi,ads
9464,2022-03-09,India,Mumbai,ads
9465,2023-04-08,India,Delhi,organic
9466,2022-03-29,India,Indore,ads
9467,2022-08-05,India,Delhi,organic
9468,2022-01-01,India,Mumbai,ads
9469,2022-05-15,India,Jammu,ads
9470,2023-11-28,India,Mumbai,ads
9471,2022-12-17,India,Pune,ads
9472,2022-05-20,India,Mumbai,organic
9473,2023-09-10,India,Indore,ads
9474,2022-05-13,India,Indore,referral
9475,2023-09-12,India,Indore,ads
9476,2022-06-27,India,Delhi,referral
9477,2024-03-20,India,Indore,ads
9478,2022-12-24,India,Mumbai,ads
9479,2023-01-15,India,Jammu,organic
9480,2024-05-20,India,Indore,ads
9481,2023-10-20,India,Mumbai,referral
9482,2023-03-26,India,Delhi,ads
9483,2023-08-09,India,Delhi,organic
9484,2023-04-08,India,Jammu,ads
9485,2022-04-18,India,Jammu,organic
9486,2022-05-02,India,Mumbai,organic
9487,2022-01-17,India,Jammu,organic
9488,2022-07-15,India,Jammu,ads
9489,2022-11-23,India,Delhi,referral
9490,2022-11-14,India,Mumbai,referral
9491,2024-03-19,India,Jammu,referral
9492,2023-04-24,India,Mumbai,organic
9493,2022-09-09,India,Indore,ads
9494,2023-05-18,India,Delhi,ads
9495,2022-04-29,India,Delhi,referral
9496,2023-11-05,India,Delhi,referral
9497,2023-12-11,India,Pune,ads
9498,2023-05-13,India,Mumbai,ads
9499,2023-05-01,India,Indore,referral
9500,2022-02-14,India,Jammu,ads
9501,2022-11-10,India,Indore,ads
9502,2022-06-28,India,Mumbai,referral
9503,2024-06-12,India,Delhi,referral
9504,2023-02-22,India,Pune,referral
9505,2023-07-10,India,Mumbai,ads
9506,2024-02-22,India,Mumbai,ads
9507,2022-03-19,India,Jammu,organic
9508,2022-11-22,India,Indore,organic
9509,2023-11-21,India,Indore,ads
9510,2022-12-23,India,Jammu,referral
9511,2023-02-20,India,Pune,referral
9512,2023-05-30,India,Delhi,ads
9513,2022-08-02,India,Delhi,ads
9514,2024-05-03,India,Pune,ads
9515,2022-03-15,India,Jammu,ads
9516,2023-07-17,India,Mumbai,ads
9517,2023-08-02,India,Indore,ads
9518,2023-05-24,India,Mumbai,ads
9519,2022-11-28,India,Indore,referral
9520,2022-04-03,India,Mumbai,ads
9521,2023-11-19,India,Jammu,organic
9522,2023-10-19,India,Jammu,organic
9523,2023-06-03,India,Pune,organic
9524,2022-09-26,India,Mumbai,referral
9525,2023-01-11,India,Mumbai,organic
9526,2024-04-13,India,Pune,referral
9527,2022-01-04,India,Pune,ads
9528,2022-05-18,India,Jammu,organic
9529,2022-08-19,India,Jammu,organic
9530,2023-08-23,India,Mumbai,referral
9531,2023-06-13,India,Jammu,ads
9532,2022-02-21,India,Jammu,ads
9533,2023-10-08,India,Mumbai,organic
9534,2023-12-24,India,Pune,ads
9535,2022-11-21,India,Mumbai,organic
9536,2024-01-01,India,Delhi,referral
9537,2023-12-18,India,Mumbai,referral
9538,2023-12-24,India,Delhi,ads
9539,2022-10-04,India,Mumbai,ads
9540,2023-06-20,India,Delhi,organic
9541,2023-05-01,India,Delhi,organic
9542,2023-05-31,India,Mumbai,organic
9543,2022-06-01,India,Jammu,organic
9544,2023-04-28,India,Indore,organic
9545,2022-09-16,India,Jammu,ads
9546,2022-11-20,India,Delhi,organic
9547,2024-05-18,India,Mumbai,ads
9548,2022-06-17,India,Mumbai,ads
9549,2023-11-19,India,Mumbai,organic
9550,2022-11-06,India,Mumbai,organic
9551,2024-03-13,India,Indore,organic
9552,2023-04-24,India,Pune,ads
9553,2022-02-25,India,Delhi,ads
9554,2023-09-12,India,Indore,ads
9555,2023-04-18,India,Jammu,organic
9556,2022-10-23,India,Pune,ads
9557,2023-04-06,India,Pune,organic
9558,2022-11-20,India,Mumbai,organic
9559,2024-03-24,India,Indore,ads
9560,2024-04-25,India,Jammu,referral
9561,2022-05-21,India,Mumbai,referral
9562,2023-10-29,India,Mumbai,referral
9563,2022-09-19,India,Delhi,organic
9564,2024-02-24,India,Pune,ads
9565,2023-02-24,India,Jammu,ads
9566,2024-01-14,India,Pune,organic
9567,2022-08-29,India,Indore,ads
9568,2022-12-21,India,Delhi,organic
9569,2024-04-28,India,Mumbai,organic
9570,2024-02-09,India,Delhi,ads
9571,2024-01-31,India,Mumbai,organic
9572,2023-08-12,India,Delhi,ads
9573,2022-06-29,India,Mumbai,ads
9574,2022-03-07,India,Pune,referral
9575,2024-03-30,India,Pune,ads
9576,2022-12-14,India,Pune,organic
9577,2022-06-20,India,Pune,ads
9578,2023-04-19,India,Delhi,organic
9579,2023-06-18,India,Mumbai,ads
9580,2023-01-02,India,Pune,organic
9581,2022-04-17,India,Delhi,referral
9582,2023-03-15,India,Mumbai,referral
9583,2024-04-14,India,Delhi,ads
9584,2022-08-15,India,Pune,organic
9585,2023-03-20,India,Indore,referral
9586,2023-03-18,India,Delhi,ads
9587,2023-01-31,India,Pune,ads
9588,2023-12-29,India,Jammu,referral
9589,2023-08-04,India,Mumbai,organic
9590,2022-03-25,India,Pune,ads
9591,2023-09-07,India,Jammu,ads
9592,2023-07-05,India,Delhi,organic
9593,2022-01-13,India,Delhi,ads
9594,2024-03-19,India,Jammu,organic
9595,2024-04-04,India,Jammu,ads
9596,2023-11-24,India,Mumbai,organic
9597,2023-05-08,India,Delhi,organic
9598,2022-09-25,India,Jammu,organic
9599,2023-06-09,India,Indore,organic
9600,2022-04-30,India,Indore,ads
9601,2022-12-19,India,Jammu,ads
9602,2022-02-26,India,Mumbai,ads
9603,2022-02-09,India,Delhi,ads
9604,2024-06-04,India,Indore,referral
9605,2022-12-02,India,Jammu,organic
9606,2023-10-02,India,Jammu,ads
9607,2022-06-22,India,Pune,ads
9608,2023-07-01,India,Jammu,ads
9609,2022-09-16,India,Mumbai,ads
9610,2024-06-06,India,Indore,ads
9611,2023-06-01,India,Pune,ads
9612,2023-12-31,India,Indore,ads
9613,2023-06-07,India,Indore,ads
9614,2024-06-12,India,Mumbai,organic
9615,2024-04-18,India,Jammu,organic
9616,2022-04-27,India,Mumbai,referral
9617,2022-07-03,India,Jammu,ads
9618,2024-05-23,India,Pune,referral
9619,2022-04-26,India,Mumbai,organic
9620,2022-06-11,India,Mumbai,ads
9621,2023-08-02,India,Delhi,ads
9622,2023-12-13,India,Mumbai,ads
9623,2023-06-27,India,Delhi,ads
9624,2023-08-10,India,Jammu,ads
9625,2022-08-25,India,Jammu,referral
9626,2024-04-18,India,Jammu,ads
9627,2022-03-07,India,Delhi,ads
9628,2022-03-11,India,Jammu,ads
9629,2024-03-19,India,Indore,organic
9630,2023-03-23,India,Mumbai,referral
9631,2023-02-20,India,Delhi,referral
9632,2023-06-16,India,Jammu,ads
9633,2023-03-17,India,Indore,ads
9634,2024-01-08,India,Mumbai,referral
9635,2023-04-09,India,Mumbai,ads
9636,2023-01-31,India,Jammu,organic
9637,2023-12-12,India,Indore,referral
9638,2023-07-05,India,Delhi,organic
9639,2023-10-19,India,Jammu,ads
9640,2023-07-11,India,Mumbai,referral
9641,2023-01-30,India,Mumbai,referral
9642,2022-11-22,India,Mumbai,organic
9643,2024-06-11,India,Jammu,ads
9644,2022-04-01,India,Pune,referral
9645,2024-01-20,India,Pune,referral
9646,2022-03-11,India,Pune,referral
9647,2022-06-15,India,Indore,ads
9648,2023-10-04,India,Jammu,organic
9649,2022-08-02,India,Mumbai,organic
9650,2024-05-01,India,Indore,ads
9651,2023-08-24,India,Pune,organic
9652,2022-12-01,India,Delhi,organic
9653,2024-02-03,India,Indore,referral
9654,2023-01-04,India,Indore,referral
9655,2024-05-10,India,Jammu,ads
9656,2023-08-07,India,Indore,ads
9657,2023-11-08,India,Jammu,ads
9658,2022-02-18,India,Delhi,referral
9659,2022-02-21,India,Mumbai,ads
9660,2022-10-16,India,Mumbai,organic
9661,2024-02-29,India,Pune,organic
9662,2023-09-18,India,Pune,referral
9663,2022-08-27,India,Delhi,ads
9664,2022-05-13,India,Mumbai,organic
9665,2024-02-25,India,Pune,referral
9666,2022-06-15,India,Indore,organic
9667,2023-01-09,India,Jammu,ads
9668,2023-01-08,India,Pune,ads
9669,2024-03-15,India,Delhi,referral
9670,2023-04-23,India,Mumbai,ads
9671,2024-01-25,India,Delhi,organic
9672,2023-04-24,India,Jammu,organic
9673,2024-04-11,India,Jammu,referral
9674,2023-10-12,India,Delhi,ads
9675,2023-08-14,India,Pune,organic
9676,2023-11-13,India,Pune,ads
9677,2023-09-27,India,Mumbai,ads
9678,2023-11-19,India,Mumbai,ads
9679,2022-10-27,India,Indore,referral
9680,2022-03-23,India,Indore,referral
9681,2022-03-28,India,Mumbai,ads
9682,2022-08-13,India,Indore,ads
9683,2022-01-16,India,Delhi,organic
9684,2024-04-01,India,Pune,organic
9685,2022-12-24,India,Indore,organic
9686,2022-06-12,India,Indore,referral
9687,2023-09-02,India,Delhi,referral
9688,2023-10-30,India,Jammu,ads
9689,2023-05-29,India,Mumbai,ads
9690,2022-12-16,India,Delhi,organic
9691,2023-11-12,India,Jammu,referral
9692,2023-04-09,India,Delhi,ads
9693,2024-04-06,India,Pune,organic
9694,2024-04-16,India,Delhi,ads
9695,2023-01-10,India,Delhi,referral
9696,2022-04-02,India,Pune,organic
9697,2022-06-30,India,Mumbai,ads
9698,2024-01-13,India,Jammu,ads
9699,2022-10-28,India,Indore,ads
9700,2023-10-22,India,Mumbai,referral
9701,2024-03-02,India,Delhi,organic
9702,2022-07-08,India,Indore,organic
9703,2024-05-08,India,Pune,ads
9704,2024-05-11,India,Mumbai,ads
9705,2022-11-10,India,Jammu,ads
9706,2023-05-08,India,Mumbai,ads
9707,2022-05-08,India,Mumbai,ads
9708,2023-06-03,India,Indore,ads
9709,2023-03-02,India,Pune,ads
9710,2023-07-13,India,Pune,organic
9711,2023-07-19,India,Mumbai,referral
9712,2022-07-06,India,Pune,ads
9713,2023-07-04,India,Indore,organic
9714,2023-03-29,India,Indore,ads
9715,2023-04-16,India,Jammu,organic
9716,2024-01-08,India,Pune,referral
9717,2023-07-19,India,Jammu,ads
9718,2022-08-12,India,Delhi,ads
9719,2022-06-03,India,Indore,ads
9720,2023-07-14,India,Mumbai,organic
9721,2022-12-17,India,Indore,organic
9722,2022-05-27,India,Delhi,ads
9723,2023-07-30,India,Mumbai,ads
9724,2022-12-15,India,Pune,referral
9725,2022-07-01,India,Pune,ads
9726,2023-09-29,India,Indore,ads
9727,2022-06-28,India,Mumbai,referral
9728,2022-02-08,India,Mumbai,ads
9729,2024-02-11,India,Jammu,referral
9730,2024-06-12,India,Delhi,referral
9731,2022-01-03,India,Pune,ads
9732,2022-03-05,India,Indore,organic
9733,2022-01-29,India,Mumbai,organic
9734,2023-01-07,India,Pune,referral
9735,2023-06-07,India,Indore,ads
9736,2022-04-07,India,Pune,organic
9737,2024-05-19,India,Indore,referral
9738,2023-03-18,India,Pune,referral
9739,2022-07-22,India,Jammu,referral
9740,2023-02-15,India,Delhi,organic
9741,2022-01-21,India,Pune,referral
9742,2023-07-05,India,Delhi,ads
9743,2024-01-05,India,Pune,organic
9744,2022-04-12,India,Mumbai,organic
9745,2022-02-15,India,Jammu,ads
9746,2022-03-07,India,Jammu,ads
9747,2023-08-26,India,Delhi,organic
9748,2022-06-13,India,Mumbai,ads
9749,2022-04-21,India,Indore,ads
9750,2022-12-04,India,Jammu,ads
9751,2022-05-03,India,Mumbai,referral
9752,2023-12-06,India,Mumbai,ads
9753,2023-03-23,India,Delhi,referral
9754,2023-09-03,India,Mumbai,ads
9755,2022-10-18,India,Mumbai,organic
9756,2023-11-02,India,Indore,organic
9757,2023-02-16,India,Delhi,organic
9758,2023-09-07,India,Delhi,referral
9759,2024-06-15,India,Mumbai,organic
9760,2022-10-08,India,Indore,organic
9761,2022-02-12,India,Pune,ads
9762,2023-05-01,India,Jammu,organic
9763,2023-08-19,India,Delhi,ads
9764,2023-12-04,India,Indore,ads
9765,2022-02-20,India,Indore,referral
9766,2024-06-16,India,Mumbai,referral
9767,2022-07-29,India,Jammu,ads
9768,2022-05-06,India,Delhi,referral
9769,2023-05-07,India,Pune,organic
9770,2023-05-24,India,Mumbai,ads
9771,2023-08-04,India,Delhi,ads
9772,2024-02-16,India,Delhi,referral
9773,2022-09-15,India,Indore,organic
9774,2022-07-07,India,Jammu,ads
9775,2022-08-18,India,Pune,organic
9776,2022-07-08,India,Jammu,organic
9777,2023-02-19,India,Indore,organic
9778,2022-01-10,India,Pune,organic
9779,2022-04-24,India,Pune,organic
9780,2022-03-17,India,Mumbai,organic
9781,2023-11-07,India,Pune,referral
9782,2023-05-17,India,Delhi,referral
9783,2022-03-26,India,Jammu,organic
9784,2022-02-18,India,Jammu,referral
9785,2023-05-10,India,Mumbai,referral
9786,2024-04-17,India,Pune,ads
9787,2023-11-20,India,Indore,referral
9788,2023-01-22,India,Delhi,ads
9789,2023-01-24,India,Mumbai,ads
9790,2022-08-06,India,Pune,organic
9791,2023-12-02,India,Indore,organic
9792,2022-12-12,India,Pune,organic
9793,2022-08-18,India,Mumbai,organic
9794,2022-09-12,India,Indore,ads
9795,2022-08-24,India,Indore,referral
9796,2022-01-26,India,Indore,ads
9797,2023-08-07,India,Indore,referral
9798,2022-09-18,India,Pune,ads
9799,2024-02-05,India,Indore,organic
9800,2022-09-28,India,Pune,ads
9801,2022-05-03,India,Indore,organic
9802,2023-10-18,India,Indore,ads
9803,2022-09-14,India,Mumbai,ads
9804,2023-10-18,India,Pune,ads
9805,2023-02-25,India,Pune,organic
9806,2022-09-16,India,Jammu,referral
9807,2022-02-16,India,Mumbai,ads
9808,2024-05-12,India,Pune,organic
9809,2023-06-09,India,Mumbai,organic
9810,2024-06-06,India,Mumbai,ads
9811,2022-07-27,India,Mumbai,ads
9812,2022-11-07,India,Delhi,ads
9813,2024-01-17,India,Pune,ads
9814,2022-05-29,India,Mumbai,ads
9815,2024-04-13,India,Delhi,ads
9816,2023-03-14,India,Delhi,ads
9817,2022-06-04,India,Indore,referral
9818,2023-11-09,India,Indore,referral
9819,2022-03-31,India,Pune,organic
9820,2023-11-29,India,Indore,organic
9821,2024-04-09,India,Pune,ads
9822,2022-12-24,India,Delhi,ads
9823,2022-06-23,India,Delhi,ads
9824,2022-08-05,India,Pune,organic
9825,2023-04-01,India,Indore,referral
9826,2024-02-15,India,Indore,ads
9827,2023-09-01,India,Pune,ads
9828,2023-09-21,India,Jammu,organic
9829,2022-07-18,India,Indore,referral
9830,2024-04-11,India,Mumbai,ads
9831,2023-05-01,India,Indore,ads
9832,2023-06-17,India,Jammu,referral
9833,2022-07-19,India,Delhi,ads
9834,2023-01-06,India,Delhi,organic
9835,2024-05-02,India,Delhi,referral
9836,2023-03-24,India,Indore,referral
9837,2022-09-05,India,Delhi,ads
9838,2024-02-27,India,Jammu,ads
9839,2022-09-21,India,Jammu,ads
9840,2022-02-27,India,Indore,organic
9841,2022-10-29,India,Mumbai,organic
9842,2022-01-31,India,Indore,referral
9843,2023-05-13,India,Delhi,organic
9844,2022-09-06,India,Indore,organic
9845,2023-08-28,India,Jammu,ads
9846,2024-02-16,India,Indore,ads
9847,2022-09-28,India,Indore,ads
9848,2023-08-29,India,Mumbai,ads
9849,2023-10-28,India,Jammu,referral
9850,2023-01-29,India,Pune,organic
9851,2024-03-07,India,Pune,ads
9852,2023-05-17,India,Jammu,ads
9853,2023-08-15,India,Pune,ads
9854,2024-03-14,India,Delhi,ads
9855,2022-03-25,India,Pune,referral
9856,2022-12-31,India,Delhi,referral
9857,2024-06-04,India,Jammu,ads
9858,2023-07-03,India,Pune,organic
9859,2022-12-08,India,Pune,ads
9860,2024-04-18,India,Delhi,ads
9861,2023-02-11,India,Delhi,organic
9862,2023-03-01,India,Indore,ads
9863,2024-01-14,India,Mumbai,ads
9864,2022-04-03,India,Pune,ads
9865,2024-04-27,India,Mumbai,ads
9866,2023-09-06,India,Mumbai,ads
9867,2023-02-16,India,Pune,ads
9868,2023-03-08,India,Delhi,ads
9869,2023-11-09,India,Indore,organic
9870,2022-06-08,India,Jammu,ads
9871,2022-01-14,India,Pune,ads
9872,2023-01-08,India,Pune,ads
9873,2022-08-13,India,Jammu,referral
9874,2023-05-20,India,Mumbai,ads
9875,2022-03-14,India,Indore,referral
9876,2022-09-06,India,Mumbai,ads
9877,2023-05-26,India,Jammu,referral
9878,2023-08-26,India,Jammu,ads
9879,2022-08-04,India,Indore,ads
9880,2023-08-25,India,Jammu,organic
9881,2023-06-25,India,Jammu,organic
9882,2024-03-27,India,Indore,organic
9883,2022-08-08,India,Pune,ads
9884,2024-04-19,India,Mumbai,ads
9885,2023-12-28,India,Pune,organic
9886,2022-08-09,India,Pune,referral
9887,2023-01-24,India,Mumbai,referral
9888,2023-07-08,India,Pune,organic
9889,2023-10-09,India,Indore,ads
9890,2022-02-11,India,Mumbai,ads
9891,2023-11-07,India,Delhi,referral
9892,2024-05-22,India,Pune,referral
9893,2022-10-10,India,Jammu,referral
9894,2022-02-27,India,Mumbai,organic
9895,2024-03-24,India,Delhi,referral
9896,2024-04-13,India,Jammu,referral
9897,2023-06-21,India,Delhi,organic
9898,2022-03-14,India,Pune,organic
9899,2024-06-03,India,Jammu,ads
9900,2022-05-09,India,Pune,organic
9901,2023-08-22,India,Jammu,referral
9902,2024-04-21,India,Mumbai,ads
9903,2023-03-02,India,Indore,organic
9904,2023-10-27,India,Indore,ads
9905,2023-11-25,India,Delhi,referral
9906,2022-05-05,India,Jammu,organic
9907,2022-03-08,India,Pune,referral
9908,2022-01-06,India,Mumbai,organic
9909,2023-09-29,India,Mumbai,ads
9910,2022-11-10,India,Mumbai,ads
9911,2022-11-22,India,Indore,organic
9912,2023-07-19,India,Pune,ads
9913,2023-08-01,India,Mumbai,organic
9914,2024-04-05,India,Mumbai,ads
9915,2023-05-21,India,Delhi,referral
9916,2022-03-23,India,Jammu,ads
9917,2023-08-22,India,Jammu,referral
9918,2022-01-02,India,Jammu,organic
9919,2022-07-23,India,Delhi,ads
9920,2023-10-24,India,Indore,organic
9921,2024-03-15,India,Delhi,referral
9922,2023-02-08,India,Mumbai,organic
9923,2022-04-13,India,Pune,ads
9924,2023-06-20,India,Mumbai,referral
9925,2023-01-03,India,Mumbai,ads
9926,2022-07-31,India,Pune,ads
9927,2023-07-31,India,Jammu,organic
9928,2022-07-28,India,Delhi,ads
9929,2024-02-02,India,Indore,organic
9930,2024-06-15,India,Mumbai,organic
9931,2022-04-27,India,Mumbai,organic
9932,2023-09-20,India,Indore,ads
9933,2024-01-19,India,Delhi,organic
9934,2023-04-23,India,Mumbai,organic
9935,2022-04-15,India,Indore,organic
9936,2023-05-10,India,Mumbai,referral
9937,2024-02-10,India,Jammu,ads
9938,2022-02-15,India,Jammu,organic
9939,2024-04-02,India,Mumbai,organic
9940,2022-11-27,India,Mumbai,organic
9941,2022-08-04,India,Jammu,organic
9942,2023-05-07,India,Mumbai,ads
9943,2024-03-23,India,Delhi,ads
9944,2024-04-24,India,Delhi,organic
9945,2023-03-25,India,Pune,ads
9946,2023-06-20,India,Delhi,ads
9947,2023-05-26,India,Mumbai,organic
9948,2023-04-03,India,Mumbai,referral
9949,2023-07-01,India,Indore,ads
9950,2023-06-20,India,Delhi,referral
9951,2023-06-24,India,Jammu,ads
9952,2023-04-29,India,Jammu,organic
9953,2022-01-16,India,Pune,organic
9954,2023-07-25,India,Indore,ads
9955,2022-08-31,India,Jammu,referral
9956,2022-07-26,India,Pune,ads
9957,2022-09-28,India,Delhi,ads
9958,2024-01-31,India,Indore,organic
9959,2024-02-18,India,Indore,organic
9960,2023-12-06,India,Mumbai,referral
9961,2024-04-26,India,Delhi,ads
9962,2023-12-31,India,Indore,ads
9963,2022-04-25,India,Pune,ads
9964,2023-08-03,India,Jammu,organic
9965,2022-10-26,India,Delhi,organic
9966,2024-04-16,India,Delhi,referral
9967,2023-04-28,India,Indore,organic
9968,2023-02-01,India,Indore,referral
9969,2023-01-29,India,Indore,referral
9970,2022-03-16,India,Pune,ads
9971,2023-04-27,India,Mumbai,ads
9972,2022-04-13,India,Indore,ads
9973,2022-10-24,India,Mumbai,ads
9974,2022-06-27,India,Mumbai,organic
9975,2022-08-03,India,Delhi,ads
9976,2022-11-11,India,Jammu,ads
9977,2022-02-08,India,Jammu,ads
9978,2022-09-16,India,Pune,ads
9979,2023-12-17,India,Pune,ads
9980,2022-01-07,India,Jammu,ads
9981,2022-02-18,India,Jammu,ads
9982,2023-06-22,India,Delhi,ads
9983,2022-06-10,India,Delhi,referral
9984,2024-05-18,India,Jammu,ads
9985,2022-06-25,India,Indore,referral
9986,2023-08-14,India,Indore,organic
9987,2022-01-02,India,Delhi,ads
9988,2024-06-13,India,Mumbai,organic
9989,2023-03-31,India,Jammu,ads
9990,2023-10-06,India,Pune,ads
9991,2022-10-03,India,Indore,organic
9992,2023-05-13,India,Mumbai,referral
9993,2023-09-21,India,Indore,referral
9994,2023-11-07,India,Mumbai,organic
9995,2024-03-10,India,Jammu,ads
9996,2022-01-28,India,Jammu,ads
9997,2022-11-29,India,Jammu,organic
9998,2022-01-01,India,Delhi,referral
9999,2022-07-07,India,Mumbai,ads
10000,2022-02-25,India,Pune,referral
